<?xml version="1.0" encoding="utf-8"?>
<GameEffects xmlns="GameEffects">
	<Modifier id="MOD_ASSYRIAN_CODEX" collection="COLLECTION_OWNER" effect="EFFECT_GRANT_GREAT_WORK" run-once="true" permanent="true">
		<Argument name="Amount">1</Argument>
		<Argument name="ObjectType">GREATWORKOBJECT_WRITING</Argument>
		<String context="Description">LOC_MOD_AQ_CODEX_DESCRIPTION</String>
	</Modifier>
	<Modifier id="MOD_BIRTUTU_TECH_MASTERY_CULTURE" collection="COLLECTION_PLAYER_CAPITAL_CITY" effect="EFFECT_CITY_ADJUST_YIELD_PER_UNLOCKED_PROGRESSION_TREE_NODE">
		<Argument name="SystemType">SYSTEM_TECH</Argument>
		<Argument name="Amount">2</Argument>
		<Argument name="YieldType">YIELD_CULTURE</Argument>
		<String context="Description">LOC_MOD_BIRTUTU_TECH_MASTERY_CULTURE_DESCRIPTION</String>
	</Modifier>
	<Modifier id="MOD_BIRTUTU_COMBAT_DEFENDING" collection="COLLECTION_PLAYER_COMBAT" effect="EFFECT_ADJUST_UNIT_STRENGTH_MODIFIER">
		<SubjectRequirements>
			<Requirement type="REQUIREMENT_OPPONENT_UNIT_TAG_MATCHES">
				<Argument name="Tag">UNIT_CLASS_RANGED</Argument>
			</Requirement>
			<Requirement type="REQUIREMENT_OPPONENT_UNIT_DOMAIN_MATCHES">
				<Argument name="UnitDomain">DOMAIN_LAND</Argument>
			</Requirement>
			<Requirement type="REQUIREMENT_PLAYER_IS_ATTACKING" inverse="true"/>
			<Requirement type="REQUIREMENT_UNIT_CLASS_MATCHES">
				<Argument name="UnitClass">UNIT_CLASS_COMBAT</Argument>
			</Requirement>
		</SubjectRequirements>
		<Argument name="Amount">5</Argument>
		<String context="Preview">LOC_MOD_BIRTUTU_COMBAT_DEFENDING_PREVIEW</String>
		<String context="Description">LOC_MOD_BIRTUTU_COMBAT_DEFENDING_DESCRIPTION</String>
	</Modifier>
	<Modifier id="MOD_TUPSARRUTU_GREATWORK" collection="COLLECTION_PLAYER_CITIES" effect="EFFECT_CITY_GRANT_GREAT_WORK" permanent="true">
		<SubjectRequirements>
			<Requirement type="REQUIREMENT_PLAYER_FIRST_TIME_SETTLEMENT_OCCUPATION"/>
		</SubjectRequirements>
		<Argument name="Amount">1</Argument>
		<Argument name="ObjectType">GREATWORKOBJECT_WRITING</Argument>
		<String context="Description">LOC_MOD_TUPSARRUTU_GREATWORK_DESCRIPTION</String>
	</Modifier>
	<Modifier id="MOD_KIBRAT_ARBA_I_COMBAT_MAGARRU" collection="COLLECTION_PLAYER_UNITS" effect="EFFECT_UNIT_ADJUST_ABILITY">
		<Argument name="AbilityType">ABILITY_KIBRAT_ARBA_I</Argument>
		<String context="Description">LOC_MOD_KIBRAT_ARBA_I_COMBAT_MAGARRU_DESCRIPTION</String>
	</Modifier>
	<Modifier id="MAGARRU_COMMAND_RADIUS" collection="COLLECTION_PLAYER_UNITS" effect="EFFECT_UNIT_ADJUST_ABILITY">
		<SubjectRequirements>
			<Requirement type="REQUIREMENT_PLOT_IN_COMMAND_RADIUS"/>
		</SubjectRequirements>
		<Argument name="AbilityType">ABILITY_KIBRAT_ARBA_I_COMBAT</Argument>
	</Modifier>
	<Modifier id="MAGARRU_COMMAND_RADIUS_EFFECT" collection="COLLECTION_UNIT_COMBAT" effect="EFFECT_ADJUST_UNIT_STRENGTH_MODIFIER">
		<Argument name="Amount">5</Argument>
		<String context="Preview">LOC_MOD_KIBRAT_ARBA_I_COMBAT_MAGARRU_PREVIEW</String>
	</Modifier>
	<Modifier id="MOD_KIBRAT_ARBA_I_CAPTURE_SCIENCE" collection="COLLECTION_PLAYER_CITIES" effect="EFFECT_CITY_ADJUST_YIELD">
		<SubjectRequirements>
			<Requirement inverse="true" type="REQUIREMENT_CITY_IS_ORIGINAL_OWNER"/>
			<Requirement type="REQUIREMENT_CITY_IS_CITY"/>
		</SubjectRequirements>
		<Argument name="YieldType">YIELD_SCIENCE</Argument>
		<Argument name="Percent">20</Argument>
		<String context="Description">LOC_MOD_KIBRAT_ARBA_I_CAPTURE_SCIENCE_DESCRIPTION</String>
	</Modifier>
	<Modifier id="MOD_TUPSARRUTU_HAPPINNESS_SCIENCE_BUILDING" collection="COLLECTION_OWNER" effect="EFFECT_PLAYER_ADJUST_CONSTRUCTIBLE_YIELD">
		<Argument name="Tag">SCIENCE</Argument>
		<Argument name="YieldType">YIELD_HAPPINESS</Argument>
		<Argument name="Amount">2</Argument>
		<String context="Description">LOC_MOD_TUPSARRUTU_HAPPINNESS_SCIENCE_BUILDING_DESCRIPTION</String>
	</Modifier>
</GameEffects>