﻿<?xml version="1.0" encoding="utf-8"?>
<Database>
    <Types>
        <Row Type="10034A" Kind="KIND_NARRATIVE_STORY"/>
        <Row Type="10034B" Kind="KIND_NARRATIVE_STORY"/>
        <Row Type="10034C" Kind="KIND_NARRATIVE_STORY"/>
        <Row Type="10035A" Kind="KIND_NARRATIVE_STORY"/>
        <Row Type="10035B" Kind="KIND_NARRATIVE_STORY"/>
        <Row Type="10035C" Kind="KIND_NARRATIVE_STORY"/>
        <Row Type="10036A" Kind="KIND_NARRATIVE_STORY"/>
        <Row Type="10036B" Kind="KIND_NARRATIVE_STORY"/>
        <Row Type="10036C" Kind="KIND_NARRATIVE_STORY"/>
        <Row Type="10036D" Kind="KIND_NARRATIVE_STORY"/>
        <Row Type="10037A" Kind="KIND_NARRATIVE_STORY"/>
        <Row Type="10037B" Kind="KIND_NARRATIVE_STORY"/>
        <Row Type="10037C" Kind="KIND_NARRATIVE_STORY"/>
        <Row Type="10038A" Kind="KIND_NARRATIVE_STORY"/>
        <Row Type="10038B" Kind="KIND_NARRATIVE_STORY"/>
        <Row Type="10038C" Kind="KIND_NARRATIVE_STORY"/>
        <Row Type="LEADER_CHAIN_1223A" Kind="KIND_NARRATIVE_STORY"/>
        <Row Type="LEADER_CHAIN_1223B" Kind="KIND_NARRATIVE_STORY"/>
        <Row Type="LEADER_CHAIN_1223C" Kind="KIND_NARRATIVE_STORY"/>
        <Row Type="LEADER_CHAIN_1224A" Kind="KIND_NARRATIVE_STORY"/>
        <Row Type="LEADER_CHAIN_1224B" Kind="KIND_NARRATIVE_STORY"/>
        <Row Type="LEADER_CHAIN_1224C" Kind="KIND_NARRATIVE_STORY"/>
        <Row Type="LEADER_CHAIN_1225A" Kind="KIND_NARRATIVE_STORY"/>
        <Row Type="LEADER_CHAIN_1225B" Kind="KIND_NARRATIVE_STORY"/>
        <Row Type="LEADER_CHAIN_1226A" Kind="KIND_NARRATIVE_STORY"/>
        <Row Type="LEADER_CHAIN_1226B" Kind="KIND_NARRATIVE_STORY"/>
        <Row Type="LEADER_CHAIN_1226C" Kind="KIND_NARRATIVE_STORY"/>
        <Row Type="LEADER_CHAIN_1227A" Kind="KIND_NARRATIVE_STORY"/>
        <Row Type="LEADER_CHAIN_1227B" Kind="KIND_NARRATIVE_STORY"/>
    </Types>
    <NarrativeStories>
        <Row NarrativeStoryType="10034A" Name="LOC_10034A_NAME" Description="LOC_10034A_DESCRIPTION" Completion="LOC_10034A_COMPLETION" StoryTitle="LOC_10034A_STORYTITLE" Age="AGE_EXPLORATION" Activation="REQUISITE" RequirementSetId="REQSET_10034A_NARRATIVE" ActivationRequirementSetId="REQSET_10034A_NARRATIVE_REQUISITE" UIActivation="STANDARD"/>
        <Row NarrativeStoryType="10034B" Name="LOC_10034B_NAME" Description="LOC_10034B_DESCRIPTION" Completion="LOC_10034B_COMPLETION" Age="AGE_EXPLORATION" Activation="LINKED" Hidden="TRUE" RequirementSetId="Met" UIActivation="STANDARD"/>
        <Row NarrativeStoryType="10034C" Name="LOC_10034C_NAME" Description="LOC_10034C_DESCRIPTION" Completion="LOC_10034C_COMPLETION" Age="AGE_EXPLORATION" Activation="LINKED" Hidden="TRUE" RequirementSetId="Met" UIActivation="STANDARD"/>
        <Row NarrativeStoryType="10035A" Name="LOC_10035A_NAME" Description="LOC_10035A_DESCRIPTION" Completion="LOC_10035A_COMPLETION" StoryTitle="LOC_10035A_STORYTITLE" Age="AGE_EXPLORATION" Activation="REQUISITE" RequirementSetId="REQSET_10035A_NARRATIVE" ActivationRequirementSetId="REQSET_10035A_NARRATIVE_REQUISITE" UIActivation="STANDARD"/>
        <Row NarrativeStoryType="10035B" Name="LOC_10035B_NAME" Description="LOC_10035B_DESCRIPTION" Completion="LOC_10035B_COMPLETION" Age="AGE_EXPLORATION" Activation="LINKED" Hidden="TRUE" RequirementSetId="Met" UIActivation="STANDARD"/>
        <Row NarrativeStoryType="10035C" Name="LOC_10035C_NAME" Description="LOC_10035C_DESCRIPTION" Completion="LOC_10035C_COMPLETION" Age="AGE_EXPLORATION" Activation="LINKED" Hidden="TRUE" RequirementSetId="Met" UIActivation="STANDARD"/>
        <Row NarrativeStoryType="10036A" Name="LOC_10036A_NAME" Description="LOC_10036A_DESCRIPTION" Completion="LOC_10036A_COMPLETION" StoryTitle="LOC_10036A_STORYTITLE" Age="AGE_EXPLORATION" Activation="UNLOCKED" RequirementSetId="REQSET_10036A_NARRATIVE" UIActivation="STANDARD"/>
        <Row NarrativeStoryType="10036B" Name="LOC_10036B_NAME" Description="LOC_10036B_DESCRIPTION" Completion="LOC_10036B_COMPLETION" Age="AGE_EXPLORATION" Activation="LINKED" Hidden="TRUE" RequirementSetId="Met" UIActivation="STANDARD"/>
        <Row NarrativeStoryType="10036C" Name="LOC_10036C_NAME" Description="LOC_10036C_DESCRIPTION" Completion="LOC_10036C_COMPLETION" Age="AGE_EXPLORATION" Activation="LINKED" Hidden="TRUE" RequirementSetId="Met" UIActivation="STANDARD"/>
        <Row NarrativeStoryType="10036D" Name="LOC_10036D_NAME" Description="LOC_10036D_DESCRIPTION" Completion="LOC_10036D_COMPLETION" Age="AGE_EXPLORATION" Activation="REQUISITE" Hidden="TRUE" RequirementSetId="REQSET_10036D_NARRATIVE" ActivationRequirementSetId="REQSET_10036D_NARRATIVE_REQUISITE" UIActivation="STANDARD"/>
        <Row NarrativeStoryType="10037A" Name="LOC_10037A_NAME" Description="LOC_10037A_DESCRIPTION" Completion="LOC_10037A_COMPLETION" StoryTitle="LOC_10037A_STORYTITLE" Age="AGE_EXPLORATION" Activation="REQUISITE" RequirementSetId="REQSET_10037A_NARRATIVE" ActivationRequirementSetId="REQSET_10037A_NARRATIVE_REQUISITE" UIActivation="STANDARD"/>
        <Row NarrativeStoryType="10037B" Name="LOC_10037B_NAME" Description="LOC_10037B_DESCRIPTION" Completion="LOC_10037B_COMPLETION" Age="AGE_EXPLORATION" Activation="LINKED" Hidden="TRUE" RequirementSetId="Met" UIActivation="STANDARD"/>
        <Row NarrativeStoryType="10037C" Name="LOC_10037C_NAME" Description="LOC_10037C_DESCRIPTION" Completion="LOC_10037C_COMPLETION" Age="AGE_EXPLORATION" Activation="LINKED" Hidden="TRUE" RequirementSetId="Met" UIActivation="STANDARD"/>
        <Row NarrativeStoryType="10038A" Name="LOC_10038A_NAME" Description="LOC_10038A_DESCRIPTION" Completion="LOC_10038A_COMPLETION" StoryTitle="LOC_10038A_STORYTITLE" Age="AGE_EXPLORATION" Activation="UNLOCKED" RequirementSetId="REQSET_10038A_NARRATIVE" UIActivation="STANDARD"/>
        <Row NarrativeStoryType="10038B" Name="LOC_10038B_NAME" Description="LOC_10038B_DESCRIPTION" Completion="LOC_10038B_COMPLETION" Age="AGE_EXPLORATION" Activation="LINKED" Hidden="TRUE" RequirementSetId="Met" UIActivation="STANDARD"/>
        <Row NarrativeStoryType="10038C" Name="LOC_10038C_NAME" Description="LOC_10038C_DESCRIPTION" Completion="LOC_10038C_COMPLETION" Age="AGE_EXPLORATION" Activation="LINKED" Hidden="TRUE" RequirementSetId="Met" UIActivation="STANDARD"/>
        <Row NarrativeStoryType="LEADER_CHAIN_1223A" Name="LOC_LEADER_CHAIN_1223A_NAME" Description="LOC_LEADER_CHAIN_1223A_DESCRIPTION" Completion="LOC_LEADER_CHAIN_1223A_COMPLETION" StoryTitle="LOC_LEADER_CHAIN_1223A_STORYTITLE" Age="AGE_EXPLORATION" Activation="REQUISITE" RequirementSetId="REQSET_LEADER_CHAIN_1223A_NARRATIVE" ActivationRequirementSetId="REQSET_LEADER_CHAIN_1223A_NARRATIVE_REQUISITE" UIActivation="STANDARD"/>
        <Row NarrativeStoryType="LEADER_CHAIN_1223B" Name="LOC_LEADER_CHAIN_1223B_NAME" Description="LOC_LEADER_CHAIN_1223B_DESCRIPTION" Completion="LOC_LEADER_CHAIN_1223B_COMPLETION" Age="AGE_EXPLORATION" Activation="LINKED" Hidden="TRUE" RequirementSetId="Met" UIActivation="STANDARD"/>
        <Row NarrativeStoryType="LEADER_CHAIN_1223C" Name="LOC_LEADER_CHAIN_1223C_NAME" Description="LOC_LEADER_CHAIN_1223C_DESCRIPTION" Completion="LOC_LEADER_CHAIN_1223C_COMPLETION" Age="AGE_EXPLORATION" Activation="LINKED" Hidden="TRUE" RequirementSetId="Met" UIActivation="STANDARD"/>
        <Row NarrativeStoryType="LEADER_CHAIN_1224A" Name="LOC_LEADER_CHAIN_1224A_NAME" Description="LOC_LEADER_CHAIN_1224A_DESCRIPTION" Completion="LOC_LEADER_CHAIN_1224A_COMPLETION" StoryTitle="LOC_LEADER_CHAIN_1224A_STORYTITLE" Age="AGE_EXPLORATION" Activation="REQUISITE" RequirementSetId="REQSET_LEADER_CHAIN_1224A_NARRATIVE" ActivationRequirementSetId="REQSET_LEADER_CHAIN_1224A_NARRATIVE_REQUISITE" UIActivation="STANDARD"/>
        <Row NarrativeStoryType="LEADER_CHAIN_1224B" Name="LOC_LEADER_CHAIN_1224B_NAME" Description="LOC_LEADER_CHAIN_1224B_DESCRIPTION" Completion="LOC_LEADER_CHAIN_1224B_COMPLETION" StoryTitle="LOC_LEADER_CHAIN_1224B_STORYTITLE" Age="AGE_EXPLORATION" Activation="LINKED" Imperative="LOC_LEADER_CHAIN_1224B_IMPERATIVE" IsQuest="TRUE" RequirementSetId="REQSET_LEADER_CHAIN_1224B_NARRATIVE" UIActivation="STANDARD"/>
        <Row NarrativeStoryType="LEADER_CHAIN_1224C" Name="LOC_LEADER_CHAIN_1224C_NAME" Description="LOC_LEADER_CHAIN_1224C_DESCRIPTION" Completion="LOC_LEADER_CHAIN_1224C_COMPLETION" Age="AGE_EXPLORATION" Activation="LINKED" Hidden="TRUE" RequirementSetId="Met" UIActivation="STANDARD"/>
        <Row NarrativeStoryType="LEADER_CHAIN_1225A" Name="LOC_LEADER_CHAIN_1225A_NAME" Description="LOC_LEADER_CHAIN_1225A_DESCRIPTION" Completion="LOC_LEADER_CHAIN_1225A_COMPLETION" StoryTitle="LOC_LEADER_CHAIN_1225A_STORYTITLE" Age="AGE_EXPLORATION" Activation="REQUISITE" RequirementSetId="REQSET_LEADER_CHAIN_1225A_NARRATIVE" ActivationRequirementSetId="REQSET_LEADER_CHAIN_1225A_NARRATIVE_REQUISITE" UIActivation="STANDARD"/>
        <Row NarrativeStoryType="LEADER_CHAIN_1225B" Name="LOC_LEADER_CHAIN_1225B_NAME" Description="LOC_LEADER_CHAIN_1225B_DESCRIPTION" Completion="LOC_LEADER_CHAIN_1225B_COMPLETION" StoryTitle="LOC_LEADER_CHAIN_1225B_STORYTITLE" Age="AGE_EXPLORATION" Activation="LINKED" Imperative="LOC_LEADER_CHAIN_1225B_IMPERATIVE" IsQuest="TRUE" RequirementSetId="REQSET_LEADER_CHAIN_1225B_NARRATIVE" UIActivation="STANDARD"/>
        <Row NarrativeStoryType="LEADER_CHAIN_1226A" Name="LOC_LEADER_CHAIN_1226A_NAME" Description="LOC_LEADER_CHAIN_1226A_DESCRIPTION" Completion="LOC_LEADER_CHAIN_1226A_COMPLETION" StoryTitle="LOC_LEADER_CHAIN_1226A_STORYTITLE" Age="AGE_EXPLORATION" Activation="REQUISITE" RequirementSetId="REQSET_LEADER_CHAIN_1226A_NARRATIVE" ActivationRequirementSetId="REQSET_LEADER_CHAIN_1226A_NARRATIVE_REQUISITE" UIActivation="STANDARD"/>
        <Row NarrativeStoryType="LEADER_CHAIN_1226B" Name="LOC_LEADER_CHAIN_1226B_NAME" Description="LOC_LEADER_CHAIN_1226B_DESCRIPTION" Completion="LOC_LEADER_CHAIN_1226B_COMPLETION" StoryTitle="LOC_LEADER_CHAIN_1226B_STORYTITLE" Age="AGE_EXPLORATION" Activation="LINKED" Imperative="LOC_LEADER_CHAIN_1226B_IMPERATIVE" IsQuest="TRUE" ShowProgress="TRUE" RequirementSetId="REQSET_LEADER_CHAIN_1226B_NARRATIVE" UIActivation="STANDARD"/>
        <Row NarrativeStoryType="LEADER_CHAIN_1226C" Name="LOC_LEADER_CHAIN_1226C_NAME" Description="LOC_LEADER_CHAIN_1226C_DESCRIPTION" Completion="LOC_LEADER_CHAIN_1226C_COMPLETION" Age="AGE_EXPLORATION" Activation="LINKED" Hidden="TRUE" RequirementSetId="Met" UIActivation="STANDARD"/>
        <Row NarrativeStoryType="LEADER_CHAIN_1227A" Name="LOC_LEADER_CHAIN_1227A_NAME" Description="LOC_LEADER_CHAIN_1227A_DESCRIPTION" Completion="LOC_LEADER_CHAIN_1227A_COMPLETION" StoryTitle="LOC_LEADER_CHAIN_1227A_STORYTITLE" Age="AGE_EXPLORATION" Activation="REQUISITE" RequirementSetId="REQSET_LEADER_CHAIN_1227A_NARRATIVE" ActivationRequirementSetId="REQSET_LEADER_CHAIN_1227A_NARRATIVE_REQUISITE" UIActivation="STANDARD"/>
        <Row NarrativeStoryType="LEADER_CHAIN_1227B" Name="LOC_LEADER_CHAIN_1227B_NAME" Description="LOC_LEADER_CHAIN_1227B_DESCRIPTION" Completion="LOC_LEADER_CHAIN_1227B_COMPLETION" StoryTitle="LOC_LEADER_CHAIN_1227B_STORYTITLE" Age="AGE_EXPLORATION" Activation="LINKED" Imperative="LOC_LEADER_CHAIN_1227B_IMPERATIVE" IsQuest="TRUE" RequirementSetId="REQSET_LEADER_CHAIN_1227B_NARRATIVE" UIActivation="STANDARD"/>
    </NarrativeStories>
    <NarrativeRewards>
        <Row NarrativeRewardType="10034B_REWARD" ModifierID="10034B_NARRATIVE_MODIFIER"/>
        <Row NarrativeRewardType="10034B_REWARD2" ModifierID="10034B_NARRATIVE_MODIFIER2"/>
        <Row NarrativeRewardType="10034C_REWARD" ModifierID="10034C_NARRATIVE_MODIFIER"/>
        <Row NarrativeRewardType="10034C_REWARD2" ModifierID="10034C_NARRATIVE_MODIFIER2"/>
        <Row NarrativeRewardType="10035B_REWARD" ModifierID="10035B_NARRATIVE_MODIFIER"/>
        <Row NarrativeRewardType="10035C_REWARD" ModifierID="10035C_NARRATIVE_MODIFIER"/>
        <Row NarrativeRewardType="10036B_REWARD" ModifierID="10036B_NARRATIVE_MODIFIER"/>
        <Row NarrativeRewardType="10036C_REWARD" ModifierID="10036C_NARRATIVE_MODIFIER"/>
        <Row NarrativeRewardType="10037B_REWARD" ModifierID="10037B_NARRATIVE_MODIFIER"/>
        <Row NarrativeRewardType="10037B_REWARD2" ModifierID="10037B_NARRATIVE_MODIFIER2"/>
        <Row NarrativeRewardType="10037C_REWARD" ModifierID="10037C_NARRATIVE_MODIFIER"/>
        <Row NarrativeRewardType="10037C_REWARD2" ModifierID="10037C_NARRATIVE_MODIFIER2"/>
        <Row NarrativeRewardType="10038B_REWARD" ModifierID="10038B_NARRATIVE_MODIFIER"/>
        <Row NarrativeRewardType="10038C_REWARD" ModifierID="10038C_NARRATIVE_MODIFIER"/>
        <Row NarrativeRewardType="LEADER_CHAIN_1223B_REWARD" ModifierID="LEADER_CHAIN_1223B_NARRATIVE_MODIFIER"/>
        <Row NarrativeRewardType="LEADER_CHAIN_1223C_REWARD" ModifierID="LEADER_CHAIN_1223C_NARRATIVE_MODIFIER"/>
        <Row NarrativeRewardType="LEADER_CHAIN_1224B_REWARD" ModifierID="LEADER_CHAIN_1224B_NARRATIVE_MODIFIER"/>
        <Row NarrativeRewardType="LEADER_CHAIN_1224B_REWARD2" ModifierID="LEADER_CHAIN_1224B_NARRATIVE_MODIFIER2"/>
        <Row NarrativeRewardType="LEADER_CHAIN_1224C_REWARD" ModifierID="LEADER_CHAIN_1224C_NARRATIVE_MODIFIER"/>
        <Row NarrativeRewardType="LEADER_CHAIN_1225B_REWARD" ModifierID="LEADER_CHAIN_1225B_NARRATIVE_MODIFIER"/>
        <Row NarrativeRewardType="LEADER_CHAIN_1225B_REWARD2" ModifierID="LEADER_CHAIN_1225B_NARRATIVE_MODIFIER2"/>
        <Row NarrativeRewardType="LEADER_CHAIN_1226B_REWARD" ModifierID="LEADER_CHAIN_1226B_NARRATIVE_MODIFIER"/>
        <Row NarrativeRewardType="LEADER_CHAIN_1226B_REWARD2" ModifierID="LEADER_CHAIN_1226B_NARRATIVE_MODIFIER2"/>
        <Row NarrativeRewardType="LEADER_CHAIN_1226C_REWARD" ModifierID="LEADER_CHAIN_1226C_NARRATIVE_MODIFIER"/>
        <Row NarrativeRewardType="LEADER_CHAIN_1227B_REWARD" ModifierID="LEADER_CHAIN_1227B_NARRATIVE_MODIFIER"/>
        <Row NarrativeRewardType="LEADER_CHAIN_1227B_REWARD2" ModifierID="LEADER_CHAIN_1227B_NARRATIVE_MODIFIER2"/>
    </NarrativeRewards>
    <NarrativeStory_Rewards>
        <Row NarrativeStoryType="10034B" NarrativeRewardType="10034B_REWARD" Activation="START"/>
        <Row NarrativeStoryType="10034B" NarrativeRewardType="10034B_REWARD2" Activation="START"/>
        <Row NarrativeStoryType="10034C" NarrativeRewardType="10034C_REWARD" Activation="START"/>
        <Row NarrativeStoryType="10034C" NarrativeRewardType="10034C_REWARD2" Activation="START"/>
        <Row NarrativeStoryType="10035B" NarrativeRewardType="10035B_REWARD" Activation="START"/>
        <Row NarrativeStoryType="10035C" NarrativeRewardType="10035C_REWARD" Activation="START"/>
        <Row NarrativeStoryType="10036B" NarrativeRewardType="10036B_REWARD" Activation="START"/>
        <Row NarrativeStoryType="10036C" NarrativeRewardType="10036C_REWARD" Activation="START"/>
        <Row NarrativeStoryType="10037B" NarrativeRewardType="10037B_REWARD" Activation="START"/>
        <Row NarrativeStoryType="10037B" NarrativeRewardType="10037B_REWARD2" Activation="START"/>
        <Row NarrativeStoryType="10037C" NarrativeRewardType="10037C_REWARD" Activation="START"/>
        <Row NarrativeStoryType="10037C" NarrativeRewardType="10037C_REWARD2" Activation="START"/>
        <Row NarrativeStoryType="10038B" NarrativeRewardType="10038B_REWARD" Activation="START"/>
        <Row NarrativeStoryType="10038C" NarrativeRewardType="10038C_REWARD" Activation="START"/>
        <Row NarrativeStoryType="LEADER_CHAIN_1223B" NarrativeRewardType="LEADER_CHAIN_1223B_REWARD" Activation="START" BonusEligible="FALSE"/>
        <Row NarrativeStoryType="LEADER_CHAIN_1223C" NarrativeRewardType="LEADER_CHAIN_1223C_REWARD" Activation="START" BonusEligible="FALSE"/>
        <Row NarrativeStoryType="LEADER_CHAIN_1224B" NarrativeRewardType="LEADER_CHAIN_1224B_REWARD" Activation="COMPLETE"/>
        <Row NarrativeStoryType="LEADER_CHAIN_1224B" NarrativeRewardType="LEADER_CHAIN_1224B_REWARD2" Activation="COMPLETE" BonusEligible="FALSE"/>
        <Row NarrativeStoryType="LEADER_CHAIN_1224C" NarrativeRewardType="LEADER_CHAIN_1224C_REWARD" Activation="START"/>
        <Row NarrativeStoryType="LEADER_CHAIN_1225B" NarrativeRewardType="LEADER_CHAIN_1225B_REWARD" Activation="COMPLETE"/>
        <Row NarrativeStoryType="LEADER_CHAIN_1225B" NarrativeRewardType="LEADER_CHAIN_1225B_REWARD2" Activation="COMPLETE" BonusEligible="FALSE"/>
        <Row NarrativeStoryType="LEADER_CHAIN_1226B" NarrativeRewardType="LEADER_CHAIN_1226B_REWARD" Activation="COMPLETE"/>
        <Row NarrativeStoryType="LEADER_CHAIN_1226B" NarrativeRewardType="LEADER_CHAIN_1226B_REWARD2" Activation="COMPLETE" BonusEligible="FALSE"/>
        <Row NarrativeStoryType="LEADER_CHAIN_1226C" NarrativeRewardType="LEADER_CHAIN_1226C_REWARD" Activation="START"/>
        <Row NarrativeStoryType="LEADER_CHAIN_1227B" NarrativeRewardType="LEADER_CHAIN_1227B_REWARD" Activation="COMPLETE"/>
        <Row NarrativeStoryType="LEADER_CHAIN_1227B" NarrativeRewardType="LEADER_CHAIN_1227B_REWARD2" Activation="COMPLETE" BonusEligible="FALSE"/>
    </NarrativeStory_Rewards>
    <NarrativeStoryOverrides>
    </NarrativeStoryOverrides>
    <NarrativeVariations>
    </NarrativeVariations>
    <NarrativeRewardIcons>
        <Row NarrativeStoryType="LEADER_CHAIN_1224B" RewardIconType="QUEST"/>
        <Row NarrativeStoryType="LEADER_CHAIN_1225B" RewardIconType="QUEST"/>
        <Row NarrativeStoryType="LEADER_CHAIN_1226B" RewardIconType="QUEST"/>
        <Row NarrativeStoryType="LEADER_CHAIN_1227B" RewardIconType="QUEST"/>
        <Row NarrativeStoryType="10034B" RewardIconType="CUSTOM"/>
        <Row NarrativeStoryType="10034B" RewardIconType="YIELD_DIPLOMACY" Negative="TRUE"/>
        <Row NarrativeStoryType="10034C" RewardIconType="YIELD_DIPLOMACY"/>
        <Row NarrativeStoryType="10034C" RewardIconType="YIELD_PRODUCTION" Negative="TRUE"/>
        <Row NarrativeStoryType="10035B" RewardIconType="UNIT"/>
        <Row NarrativeStoryType="10035C" RewardIconType="YIELD_DIPLOMACY"/>
        <Row NarrativeStoryType="10036B" RewardIconType="PROMOTION"/>
        <Row NarrativeStoryType="10036C" RewardIconType="UNIT"/>
        <Row NarrativeStoryType="10037B" RewardIconType="YIELD_PRODUCTION"/>
        <Row NarrativeStoryType="10037B" RewardIconType="YIELD_HAPPINESS" Negative="TRUE"/>
        <Row NarrativeStoryType="10037C" RewardIconType="DIPLOMACY"/>
        <Row NarrativeStoryType="10037C" RewardIconType="CUSTOM" Negative="TRUE"/>
        <Row NarrativeStoryType="10038B" RewardIconType="YIELD_HAPPINESS"/>
        <Row NarrativeStoryType="10038C" RewardIconType="YIELD_PRODUCTION"/>
        <Row NarrativeStoryType="LEADER_CHAIN_1224B" RewardIconType="ATTRIBUTE_EXPANSIONIST"/>
        <Row NarrativeStoryType="LEADER_CHAIN_1224C" RewardIconType="YIELD_SCIENCE"/>
        <Row NarrativeStoryType="LEADER_CHAIN_1225B" RewardIconType="YIELD_DIPLOMACY"/>
        <Row NarrativeStoryType="LEADER_CHAIN_1226B" RewardIconType="ATTRIBUTE_MILITARISTIC"/>
        <Row NarrativeStoryType="LEADER_CHAIN_1226C" RewardIconType="YIELD_CULTURE"/>
        <Row NarrativeStoryType="LEADER_CHAIN_1227B" RewardIconType="YIELD_HAPPINESS"/>
    </NarrativeRewardIcons>
    <NarrativeStory_TextReplacements>
        <Row NarrativeStoryType="10034A" NarrativeStoryTextType="BODY" NarrativeTextReplacementType="INDEPENDENT" Priority="1"/>
        <Row NarrativeStoryType="10034B" NarrativeStoryTextType="REWARD" NarrativeTextReplacementType="REWARD" Priority="1"/>
        <Row NarrativeStoryType="10034B" NarrativeStoryTextType="REWARD" NarrativeTextReplacementType="REWARD" Priority="2"/>
        <Row NarrativeStoryType="10034B" NarrativeStoryTextType="REWARD" NarrativeTextReplacementType="CAPITAL" Priority="3"/>
        <Row NarrativeStoryType="10034C" NarrativeStoryTextType="OPTION" NarrativeTextReplacementType="INDEPENDENT" Priority="1"/>
        <Row NarrativeStoryType="10034C" NarrativeStoryTextType="REWARD" NarrativeTextReplacementType="REWARD" Priority="1"/>
        <Row NarrativeStoryType="10034C" NarrativeStoryTextType="REWARD" NarrativeTextReplacementType="REWARD" Priority="2"/>
        <Row NarrativeStoryType="10035A" NarrativeStoryTextType="BODY" NarrativeTextReplacementType="INDEPENDENT" Priority="1"/>
        <Row NarrativeStoryType="10035B" NarrativeStoryTextType="REWARD" NarrativeTextReplacementType="REWARD" Priority="1"/>
        <Row NarrativeStoryType="10035C" NarrativeStoryTextType="REWARD" NarrativeTextReplacementType="REWARD" Priority="1"/>
        <Row NarrativeStoryType="10036A" NarrativeStoryTextType="BODY" NarrativeTextReplacementType="STORY_CITY" Priority="1"/>
        <Row NarrativeStoryType="10036A" NarrativeStoryTextType="BODY" NarrativeTextReplacementType="CIVILIZATION_ADJ" Priority="2"/>
        <Row NarrativeStoryType="10036C" NarrativeStoryTextType="REWARD" NarrativeTextReplacementType="REWARD" Priority="1"/>
        <Row NarrativeStoryType="10037A" NarrativeStoryTextType="BODY" NarrativeTextReplacementType="CAPITAL" Priority="1"/>
        <Row NarrativeStoryType="10037B" NarrativeStoryTextType="REWARD" NarrativeTextReplacementType="REWARD" Priority="1"/>
        <Row NarrativeStoryType="10037B" NarrativeStoryTextType="REWARD" NarrativeTextReplacementType="REWARD" Priority="2"/>
        <Row NarrativeStoryType="10037C" NarrativeStoryTextType="REWARD" NarrativeTextReplacementType="CAPITAL" Priority="1"/>
        <Row NarrativeStoryType="10038A" NarrativeStoryTextType="BODY" NarrativeTextReplacementType="CAPITAL" Priority="1"/>
        <Row NarrativeStoryType="10038A" NarrativeStoryTextType="BODY" NarrativeTextReplacementType="CIVILIZATION_ADJ" Priority="2"/>
        <Row NarrativeStoryType="10038C" NarrativeStoryTextType="REWARD" NarrativeTextReplacementType="REWARD" Priority="1"/>
        <Row NarrativeStoryType="LEADER_CHAIN_1224B" NarrativeStoryTextType="REWARD" NarrativeTextReplacementType="REWARD" Priority="1"/>
        <Row NarrativeStoryType="LEADER_CHAIN_1224B" NarrativeStoryTextType="BODY" NarrativeTextReplacementType="STORY_CITY" Priority="1"/>
        <Row NarrativeStoryType="LEADER_CHAIN_1224C" NarrativeStoryTextType="REWARD" NarrativeTextReplacementType="REWARD" Priority="1"/>
        <Row NarrativeStoryType="LEADER_CHAIN_1225B" NarrativeStoryTextType="REWARD" NarrativeTextReplacementType="REWARD" Priority="1"/>
        <Row NarrativeStoryType="LEADER_CHAIN_1226B" NarrativeStoryTextType="REWARD" NarrativeTextReplacementType="REWARD" Priority="1"/>
        <Row NarrativeStoryType="LEADER_CHAIN_1226C" NarrativeStoryTextType="REWARD" NarrativeTextReplacementType="REWARD" Priority="1"/>
    </NarrativeStory_TextReplacements>
    <NarrativeStory_Links>
        <Row FromNarrativeStoryType="10034A" ToNarrativeStoryType="10034B" Priority="0" Name="LOC_10034B_NAME" Description="LOC_10034B_DESCRIPTION"/>
        <Row FromNarrativeStoryType="10034A" ToNarrativeStoryType="10034C" Priority="1" Name="LOC_10034C_NAME" Description="LOC_10034C_DESCRIPTION"/>
        <Row FromNarrativeStoryType="10035A" ToNarrativeStoryType="10035B" Priority="0" Name="LOC_10035B_NAME" Description="LOC_10035B_DESCRIPTION"/>
        <Row FromNarrativeStoryType="10035A" ToNarrativeStoryType="10035C" Priority="1" Name="LOC_10035C_NAME" Description="LOC_10035C_DESCRIPTION"/>
        <Row FromNarrativeStoryType="10036D" ToNarrativeStoryType="10036A" Priority="0" Name="LOC_10036A_NAME" Description="LOC_10036A_DESCRIPTION"/>
        <Row FromNarrativeStoryType="10036A" ToNarrativeStoryType="10036B" Priority="0" Name="LOC_10036B_NAME" Description="LOC_10036B_DESCRIPTION"/>
        <Row FromNarrativeStoryType="10036A" ToNarrativeStoryType="10036C" Priority="1" Name="LOC_10036C_NAME" Description="LOC_10036C_DESCRIPTION"/>
        <Row FromNarrativeStoryType="10037A" ToNarrativeStoryType="10037B" Priority="0" Name="LOC_10037B_NAME" Description="LOC_10037B_DESCRIPTION"/>
        <Row FromNarrativeStoryType="10037A" ToNarrativeStoryType="10037C" Priority="1" Name="LOC_10037C_NAME" Description="LOC_10037C_DESCRIPTION"/>
        <Row FromNarrativeStoryType="10037A" ToNarrativeStoryType="10038A" Priority="0" Name="LOC_10038A_NAME" Description="LOC_10038A_DESCRIPTION"/>
        <Row FromNarrativeStoryType="10038A" ToNarrativeStoryType="10038B" Priority="0" Name="LOC_10038B_NAME" Description="LOC_10038B_DESCRIPTION"/>
        <Row FromNarrativeStoryType="10038A" ToNarrativeStoryType="10038C" Priority="1" Name="LOC_10038C_NAME" Description="LOC_10038C_DESCRIPTION"/>
        <Row FromNarrativeStoryType="LEADER_CHAIN_1223A" ToNarrativeStoryType="LEADER_CHAIN_1223B" Priority="0" Name="LOC_LEADER_CHAIN_1223B_NAME" Description="LOC_LEADER_CHAIN_1223B_DESCRIPTION"/>
        <Row FromNarrativeStoryType="LEADER_CHAIN_1223A" ToNarrativeStoryType="LEADER_CHAIN_1223C" Priority="1" Name="LOC_LEADER_CHAIN_1223C_NAME" Description="LOC_LEADER_CHAIN_1223C_DESCRIPTION"/>
        <Row FromNarrativeStoryType="LEADER_CHAIN_1224A" ToNarrativeStoryType="LEADER_CHAIN_1224B" Priority="0" Name="LOC_LEADER_CHAIN_1224B_NAME" Description="LOC_LEADER_CHAIN_1224B_DESCRIPTION" Imperative="LOC_LEADER_CHAIN_1224B_IMPERATIVE"/>
        <Row FromNarrativeStoryType="LEADER_CHAIN_1224A" ToNarrativeStoryType="LEADER_CHAIN_1224C" Priority="1" Name="LOC_LEADER_CHAIN_1224C_NAME" Description="LOC_LEADER_CHAIN_1224C_DESCRIPTION"/>
        <Row FromNarrativeStoryType="LEADER_CHAIN_1225A" ToNarrativeStoryType="LEADER_CHAIN_1225B" Priority="0" Name="LOC_LEADER_CHAIN_1225B_NAME" Description="LOC_LEADER_CHAIN_1225B_DESCRIPTION" Imperative="LOC_LEADER_CHAIN_1225B_IMPERATIVE"/>
        <Row FromNarrativeStoryType="LEADER_CHAIN_1226A" ToNarrativeStoryType="LEADER_CHAIN_1226B" Priority="0" Name="LOC_LEADER_CHAIN_1226B_NAME" Description="LOC_LEADER_CHAIN_1226B_DESCRIPTION" Imperative="LOC_LEADER_CHAIN_1226B_IMPERATIVE"/>
        <Row FromNarrativeStoryType="LEADER_CHAIN_1226A" ToNarrativeStoryType="LEADER_CHAIN_1226C" Priority="1" Name="LOC_LEADER_CHAIN_1226C_NAME" Description="LOC_LEADER_CHAIN_1226C_DESCRIPTION"/>
        <Row FromNarrativeStoryType="LEADER_CHAIN_1227A" ToNarrativeStoryType="LEADER_CHAIN_1227B" Priority="0" Name="LOC_LEADER_CHAIN_1227B_NAME" Description="LOC_LEADER_CHAIN_1227B_DESCRIPTION" Imperative="LOC_LEADER_CHAIN_1227B_IMPERATIVE"/>
    </NarrativeStory_Links>
</Database>
