<?xml version="1.0" encoding="utf-8"?>
<Database>
	<EnglishText>
		<!--Civ Unique Improvements-->
		<Row Tag="LOC_IMPROVEMENT_HIGHLAND_POWER_STATION_NAME">
			<Text>Highland Power Station</Text>
		</Row>
		<Row Tag="LOC_IMPROVEMENT_HIGHLAND_POWER_STATION_DESCRIPTION">
			<Text>+3[icon:YIELD_PRODUCTION] Production and +3[icon:YIELD_CULTURE] Culture. Nepal Unique Improvement. Ageless. Does not remove Warehouse bonuses on a tile. Must be placed on a Featureless Mountain tile and is constructed by the Sherpa once you have the Sagarmatha Mastery.</Text>
		</Row>
		<Row Tag="LOC_IMPROVEMENT_HIGHLAND_POWER_STATION_TOOLTIP">
			<Text>Nepalese Unique Improvement. Ageless. Does not remove Warehouse bonuses on a tile. Must be placed on a Featureless Mountain tile and is constructed by the Sherpa once you have the Sagarmatha Mastery.</Text>
		</Row>
		<!--Wonders-->
		<Row Tag="LOC_WONDER_BOUDHANATH_NAME">
			<Text>Boudhanath</Text>
		</Row>
		<Row Tag="LOC_WONDER_BOUDHANATH_DESCRIPTION">
			<Text>+4 [icon:YIELD_DIPLOMACY] Influence. Increase your Relationship with all other leaders by 20. Must be built in Tropical adjacent to a Mountain.</Text>
		</Row>
		<Row Tag="LOC_WONDER_BOUDHANATH_TOOLTIP">
			<Text>Increase your Relationship with all other leaders by 20. Must be built in Tropical adjacent to a Mountain.</Text>
		</Row>
		<Row Tag="LOC_QUOTE_WONDER_BOUDHANATH">
			<Text>Those who teach this ocean of wisdom realize the momentary nature of things.</Text>
		</Row>
		<Row Tag="LOC_QUOTE_AUTHOR_WONDER_BOUDHANATH">
			<Text>The Bhadrakalpika Sūtra</Text>
		</Row>
	</EnglishText>
</Database>