<?xml version="1.0" encoding="utf-8"?>
<Database>
	<EnglishText>
		<Row Tag="LOC_LOADING_CIV_INTRO_TEXT_NEPAL">
			<Text>Nepal never submits. From their high fortresses, the gurkhas watch vigilantly, and in the Durbar Square ministers plan and plot. Under the Nepali flag, the highest peaks become prosperous, and far below the brick stupas and spires, let Nepal’s enemies tire themselves on the slopes.</Text>
		</Row>
		<Row Tag="LOC_LOADING_INTRO_NEPAL">
			<Text>Nepal rises above its neighbors, looking to become a world power.</Text>
		</Row>
		<Row Tag="LOC_LOADING_CIV_TIPS_TEXT_NEPAL">
			<Text>Sherpas can create Highland Power Stations on your Mountains, or even unowned Mountain tiles within 5 tiles of your City Centers. Plan your treks accordingly!</Text>
		</Row>
	</EnglishText>
</Database>