<?xml version="1.0" encoding="utf-8"?>
<Database>
	<EnglishText>
		<Row Tag="LOC_UNLOCK_MOUNTAIN_5_SETTLEMENTS_DESCRIPTION">
			<Text>Have three Settlements with at least five [B]Mountains[/B].</Text>
		</Row>
		<Row Tag="LOC_UNLOCK_MOUNTAIN_SETTLEMENTS_NEPAL_TOOLTIP">
			<Text>[B]Mountains[/B] were an important part of [B]Nepal's[/B] identity.</Text>
		</Row>
		<Row Tag="LOC_UNLOCK_MOUNTAIN_SETTLEMENTS_NEPAL_NARRATIVE">
			<Text>In the maze of canyons and valleys that mark the high country, the roof of {1_Civilization_Adj} lands, the reach of the {1_Civilization_Adj}state falters. Tax collectors and census-takers lose their way, and the people there remain free and proud. </Text>
		</Row>
		<Row Tag="LOC_UNLOCK_PLAY_AS_ASHOKA_NEPAL_TOOLTIP">
			<Text>[B]Ashoka[/B] was from the same continent as [B]Nepal[/B].</Text>
		</Row>
		<Row Tag="LOC_UNLOCK_PLAY_AS_LAKSHMIBAI_NEPAL_TOOLTIP">
			<Text>[B]Lakshmibai[/B] was from the same continent as [B]Nepal[/B].</Text>
		</Row>
		<Row Tag="LOC_UNLOCK_PLAY_AS_PACHACUTI_NEPAL_TOOLTIP">
			<Text>[B]Nepal[/B] strategically complements [B]Pachacuti[/B].</Text>
		</Row>
	</EnglishText>
</Database>