<?xml version="1.0" encoding="utf-8"?>
<metaprogression xmlns="Metaprogression">
	<legendPath id="LEGEND_PATH_HIMIKO_ALT" type="CHALLENGE_CLASS_LEADER">
		<sortIndex>40</sortIndex>
		<level level="2">
			<reward reward="MEMENTO_HIMIKO_SHAMAN_YATA_NO_KAGAMI"/>
		</level>
		<level level="3">
			<reward reward="NODE_ATTRIBUTE_CULTURAL_LEGEND_HIMIKO_ALT_L1"/>
		</level>
		<level level="4">
			<reward reward="STRATEGYCARD_HIMIKO_SHAMAN_EXPLORATION_1"/>
			<reward reward="STRATEGYCARD_HIMIKO_SHAMAN_EXPLORATION_2"/>
		</level>
		<level level="5">
			<reward reward="MEMENTO_HIMIKO_SHAMAN_SAKAKI_BRANCH"/>
		</level>
		<level level="6">
			<reward reward="BANNER_HIMIKO_HIGH_SHAMAN"/>
			<reward reward="BADGE_HIMIKO_HIGH_SHAMAN"/>
		</level>
		<level level="7">
			<reward reward="NODE_ATTRIBUTE_DIPLOMATIC_LEGEND_HIMIKO_ALT_L2"/>
		</level>
		<level level="8">
			<reward reward="STRATEGYCARD_HIMIKO_SHAMAN_MODERN_1"/>
			<reward reward="STRATEGYCARD_HIMIKO_SHAMAN_MODERN_2"/>
		</level>
		<level level="9">
			<reward reward="MEMENTO_HIMIKO_SHAMAN_KUSANAGI_NO_TSURUGI"/>
		</level>
		<level level="10">
			<reward reward="TITLE_HIMIKO_HIGH_SHAMAN"/>
			<reward reward="BADGE_HIMIKO_SHAMAN_P"/>
		</level>
	</legendPath>
	<challengeEvents>
		<event id="CHALLENGE_EVENT_LEADER_HIMIKO_ALT_AGE_ENDED" />
		<event id="CHALLENGE_EVENT_LEADER_HIMIKO_ALT_VICTORY_ACHIEVED" />
		<event id="CHALLENGE_EVENT_LEADER_HIMIKO_ALT_FLAWLESS_VICTORY_ACHIEVED" />
		<event id="CHALLENGE_EVENT_LEADER_HIMIKO_ALT_LEGACY_PATH_MILESTONE_COMPLETED" />
	</challengeEvents>
	<statistics>
		<statistic id="CHALLENGE_STATISTIC_LEADER_HIMIKO_ALT_LEGACY_PATH_MILESTONE_COMPLETED" event="CHALLENGE_EVENT_LEADER_HIMIKO_ALT_LEGACY_PATH_MILESTONE_COMPLETED"/>
		<statistic id="CHALLENGE_STATISTIC_LEADER_HIMIKO_ALT_MILITARY_VICTORY_ANTIQUITY" event="CHALLENGE_EVENT_LEADER_HIMIKO_ALT_VICTORY_ACHIEVED">
			<rules>
				<rule type="and">
					<rule type="equals" var="victoryType">VICTORY_CLASS_MILITARY</rule>
					<rule type="equals" var="age">AGE_ANTIQUITY</rule>
				</rule>
			</rules>
		</statistic>
		<statistic id="CHALLENGE_STATISTIC_LEADER_HIMIKO_ALT_MILITARY_VICTORY_EXPLORATION" event="CHALLENGE_EVENT_LEADER_HIMIKO_ALT_VICTORY_ACHIEVED">
			<rules>
				<rule type="and">
					<rule type="equals" var="victoryType">VICTORY_CLASS_MILITARY</rule>
					<rule type="equals" var="age">AGE_EXPLORATION</rule>
				</rule>
			</rules>
		</statistic>
		<statistic id="CHALLENGE_STATISTIC_LEADER_HIMIKO_ALT_MILITARY_VICTORY_MODERN" event="CHALLENGE_EVENT_LEADER_HIMIKO_ALT_VICTORY_ACHIEVED">
			<rules>
				<rule type="and">
					<rule type="equals" var="victoryType">VICTORY_CLASS_MILITARY</rule>
					<rule type="equals" var="age">AGE_MODERN</rule>
				</rule>
			</rules>
		</statistic>
		<statistic id="CHALLENGE_STATISTIC_LEADER_HIMIKO_ALT_ECONOMIC_VICTORY_ANTIQUITY" event="CHALLENGE_EVENT_LEADER_HIMIKO_ALT_VICTORY_ACHIEVED">
			<rules>
				<rule type="and">
					<rule type="equals" var="victoryType">VICTORY_CLASS_ECONOMIC</rule>
					<rule type="equals" var="age">AGE_ANTIQUITY</rule>
				</rule>
			</rules>
		</statistic>
		<statistic id="CHALLENGE_STATISTIC_LEADER_HIMIKO_ALT_ECONOMIC_VICTORY_EXPLORATION" event="CHALLENGE_EVENT_LEADER_HIMIKO_ALT_VICTORY_ACHIEVED">
			<rules>
				<rule type="and">
					<rule type="equals" var="victoryType">VICTORY_CLASS_ECONOMIC</rule>
					<rule type="equals" var="age">AGE_EXPLORATION</rule>
				</rule>
			</rules>
		</statistic>
		<statistic id="CHALLENGE_STATISTIC_LEADER_HIMIKO_ALT_ECONOMIC_VICTORY_MODERN" event="CHALLENGE_EVENT_LEADER_HIMIKO_ALT_VICTORY_ACHIEVED">
			<rules>
				<rule type="and">
					<rule type="equals" var="victoryType">VICTORY_CLASS_ECONOMIC</rule>
					<rule type="equals" var="age">AGE_MODERN</rule>
				</rule>
			</rules>
		</statistic>
		<statistic id="CHALLENGE_STATISTIC_LEADER_HIMIKO_ALT_SCIENCE_VICTORY_ANTIQUITY" event="CHALLENGE_EVENT_LEADER_HIMIKO_ALT_VICTORY_ACHIEVED">
			<rules>
				<rule type="and">
					<rule type="equals" var="victoryType">VICTORY_CLASS_SCIENCE</rule>
					<rule type="equals" var="age">AGE_ANTIQUITY</rule>
				</rule>
			</rules>
		</statistic>
		<statistic id="CHALLENGE_STATISTIC_LEADER_HIMIKO_ALT_SCIENCE_VICTORY_EXPLORATION" event="CHALLENGE_EVENT_LEADER_HIMIKO_ALT_VICTORY_ACHIEVED">
			<rules>
				<rule type="and">
					<rule type="equals" var="victoryType">VICTORY_CLASS_SCIENCE</rule>
					<rule type="equals" var="age">AGE_EXPLORATION</rule>
				</rule>
			</rules>
		</statistic>
		<statistic id="CHALLENGE_STATISTIC_LEADER_HIMIKO_ALT_SCIENCE_VICTORY_MODERN" event="CHALLENGE_EVENT_LEADER_HIMIKO_ALT_VICTORY_ACHIEVED">
			<rules>
				<rule type="and">
					<rule type="equals" var="victoryType">VICTORY_CLASS_SCIENCE</rule>
					<rule type="equals" var="age">AGE_MODERN</rule>
				</rule>
			</rules>
		</statistic>
		<statistic id="CHALLENGE_STATISTIC_LEADER_HIMIKO_ALT_CULTURE_VICTORY_ANTIQUITY" event="CHALLENGE_EVENT_LEADER_HIMIKO_ALT_VICTORY_ACHIEVED">
			<rules>
				<rule type="and">
					<rule type="equals" var="victoryType">VICTORY_CLASS_CULTURE</rule>
					<rule type="equals" var="age">AGE_ANTIQUITY</rule>
				</rule>
			</rules>
		</statistic>
		<statistic id="CHALLENGE_STATISTIC_LEADER_HIMIKO_ALT_CULTURE_VICTORY_EXPLORATION" event="CHALLENGE_EVENT_LEADER_HIMIKO_ALT_VICTORY_ACHIEVED">
			<rules>
				<rule type="and">
					<rule type="equals" var="victoryType">VICTORY_CLASS_CULTURE</rule>
					<rule type="equals" var="age">AGE_EXPLORATION</rule>
				</rule>
			</rules>
		</statistic>
		<statistic id="CHALLENGE_STATISTIC_LEADER_HIMIKO_ALT_CULTURE_VICTORY_MODERN" event="CHALLENGE_EVENT_LEADER_HIMIKO_ALT_VICTORY_ACHIEVED">
			<rules>
				<rule type="and">
					<rule type="equals" var="victoryType">VICTORY_CLASS_CULTURE</rule>
					<rule type="equals" var="age">AGE_MODERN</rule>
				</rule>
			</rules>
		</statistic>
		<statistic id="CHALLENGE_STATISTIC_LEADER_HIMIKO_ALT_ANTIQUITY_AGES_COMPLETED" event="CHALLENGE_EVENT_LEADER_HIMIKO_ALT_AGE_ENDED">
			<rules>
				<rule type="equals" var="age">AGE_ANTIQUITY</rule>
			</rules>
		</statistic>
		<statistic id="CHALLENGE_STATISTIC_LEADER_HIMIKO_ALT_EXPLORATION_AGES_COMPLETED" event="CHALLENGE_EVENT_LEADER_HIMIKO_ALT_AGE_ENDED">
			<rules>
				<rule type="equals" var="age">AGE_EXPLORATION</rule>
			</rules>
		</statistic>
		<statistic id="CHALLENGE_STATISTIC_LEADER_HIMIKO_ALT_MODERN_AGES_COMPLETED" event="CHALLENGE_EVENT_LEADER_HIMIKO_ALT_AGE_ENDED">
			<rules>
				<rule type="equals" var="age">AGE_MODERN</rule>
			</rules>
		</statistic>
	</statistics>
	<challengeCategoryData>
		<challengeCategory id="CHALLENGE_CATEGORY_LEADER_HIMIKO_ALT" locName="LOC_LEADER_HIMIKO_ALT_NAME" sortIndex="32000"/>
	</challengeCategoryData>
	<challenges class="CHALLENGE_CLASS_LEADER" category="CHALLENGE_CATEGORY_LEADER_HIMIKO_ALT" legendPath="LEGEND_PATH_HIMIKO_ALT">
		<challenge id="CHALLENGE_HIMIKO_ALT_MILITARY_VICTORY_ANTIQUITY" scope="Career" difficulty="3">
			<l10n>
				<name>Pax Imperatoria</name>
				<description>As Himiko, High Shaman, complete the Pax Imperatoria Legacy Path.</description>
			</l10n>
			<sortIndex>62800</sortIndex>
			<careerConfig statistic="CHALLENGE_STATISTIC_LEADER_HIMIKO_ALT_MILITARY_VICTORY_ANTIQUITY" threshold="1" />
			<reward type="XP" reward="50" />
		</challenge>
		<challenge id="CHALLENGE_HIMIKO_ALT_MILITARY_VICTORY_ANTIQUITY_2" scope="Career" difficulty="3">
			<l10n>
				<name>Pax Imperatoria 2</name>
				<description>As Himiko, High Shaman, complete the Pax Imperatoria Legacy Path twice.</description>
			</l10n>
			<sortIndex>62810</sortIndex>
			<careerConfig statistic="CHALLENGE_STATISTIC_LEADER_HIMIKO_ALT_MILITARY_VICTORY_ANTIQUITY" threshold="2" />
			<reward type="XP" reward="25" />
		</challenge>
		<challenge id="CHALLENGE_HIMIKO_ALT_MILITARY_VICTORY_ANTIQUITY_3" scope="Career" difficulty="3">
			<l10n>
				<name>Pax Imperatoria 3</name>
				<description>As Himiko, High Shaman, complete the Pax Imperatoria Legacy Path thrice.</description>
			</l10n>
			<sortIndex>62820</sortIndex>
			<careerConfig statistic="CHALLENGE_STATISTIC_LEADER_HIMIKO_ALT_MILITARY_VICTORY_ANTIQUITY" threshold="3" />
			<reward type="XP" reward="25" />
		</challenge>
		<challenge id="CHALLENGE_HIMIKO_ALT_ECONOMIC_VICTORY_ANTIQUITY" scope="Career" difficulty="3">
			<l10n>
				<name>Silk Roads</name>
				<description>As Himiko, High Shaman, complete the Silk Roads Legacy Path.</description>
			</l10n>
			<sortIndex>63000</sortIndex>
			<careerConfig statistic="CHALLENGE_STATISTIC_LEADER_HIMIKO_ALT_ECONOMIC_VICTORY_ANTIQUITY" threshold="1" />
			<reward type="XP" reward="50" />
		</challenge>
		<challenge id="CHALLENGE_HIMIKO_ALT_ECONOMIC_VICTORY_ANTIQUITY_2" scope="Career" difficulty="3">
			<l10n>
				<name>Silk Roads 2</name>
				<description>As Himiko, High Shaman, complete the Silk Roads Legacy Path twice.</description>
			</l10n>
			<sortIndex>63010</sortIndex>
			<careerConfig statistic="CHALLENGE_STATISTIC_LEADER_HIMIKO_ALT_ECONOMIC_VICTORY_ANTIQUITY" threshold="2" />
			<reward type="XP" reward="25" />
		</challenge>
		<challenge id="CHALLENGE_HIMIKO_ALT_ECONOMIC_VICTORY_ANTIQUITY_3" scope="Career" difficulty="3">
			<l10n>
				<name>Silk Roads 3</name>
				<description>As Himiko, High Shaman, complete the Silk Roads Legacy Path thrice.</description>
			</l10n>
			<sortIndex>63020</sortIndex>
			<careerConfig statistic="CHALLENGE_STATISTIC_LEADER_HIMIKO_ALT_ECONOMIC_VICTORY_ANTIQUITY" threshold="3" />
			<reward type="XP" reward="25" />
		</challenge>
		<challenge id="CHALLENGE_HIMIKO_ALT_MILITARY_VICTORY_EXPLORATION" scope="Career" difficulty="3">
			<l10n>
				<name>Non Sufficit Orbis</name>
				<description>As Himiko, High Shaman, complete the Non Sufficit Orbis Legacy Path.</description>
			</l10n>
			<sortIndex>63300</sortIndex>
			<careerConfig statistic="CHALLENGE_STATISTIC_LEADER_HIMIKO_ALT_MILITARY_VICTORY_EXPLORATION" threshold="1" />
			<reward type="XP" reward="50" />
		</challenge>
		<challenge id="CHALLENGE_HIMIKO_ALT_MILITARY_VICTORY_EXPLORATION_2" scope="Career" difficulty="3">
			<l10n>
				<name>Non Sufficit Orbis 2</name>
				<description>As Himiko, High Shaman, complete the Non Sufficit Orbis Legacy Path twice.</description>
			</l10n>
			<sortIndex>63310</sortIndex>
			<careerConfig statistic="CHALLENGE_STATISTIC_LEADER_HIMIKO_ALT_MILITARY_VICTORY_EXPLORATION" threshold="2" />
			<reward type="XP" reward="25" />
		</challenge>
		<challenge id="CHALLENGE_HIMIKO_ALT_MILITARY_VICTORY_EXPLORATION_3" scope="Career" difficulty="3">
			<l10n>
				<name>Non Sufficit Orbis 3</name>
				<description>As Himiko, High Shaman, complete the Non Sufficit Orbis Legacy Path thrice.</description>
			</l10n>
			<sortIndex>63320</sortIndex>
			<careerConfig statistic="CHALLENGE_STATISTIC_LEADER_HIMIKO_ALT_MILITARY_VICTORY_EXPLORATION" threshold="3" />
			<reward type="XP" reward="25" />
		</challenge>
		<challenge id="CHALLENGE_HIMIKO_ALT_ECONOMIC_VICTORY_EXPLORATION" scope="Career" difficulty="3">
			<l10n>
				<name>Treasure Fleet</name>
				<description>As Himiko, High Shaman, complete the Treasure Fleet Legacy Path.</description>
			</l10n>
			<sortIndex>63500</sortIndex>
			<careerConfig statistic="CHALLENGE_STATISTIC_LEADER_HIMIKO_ALT_ECONOMIC_VICTORY_EXPLORATION" threshold="1" />
			<reward type="XP" reward="50" />
		</challenge>
		<challenge id="CHALLENGE_HIMIKO_ALT_ECONOMIC_VICTORY_EXPLORATION_2" scope="Career" difficulty="3">
			<l10n>
				<name>Treasure Fleet 2</name>
				<description>As Himiko, High Shaman, complete the Treasure Fleet Legacy Path twice.</description>
			</l10n>
			<sortIndex>63510</sortIndex>
			<careerConfig statistic="CHALLENGE_STATISTIC_LEADER_HIMIKO_ALT_ECONOMIC_VICTORY_EXPLORATION" threshold="2" />
			<reward type="XP" reward="25" />
		</challenge>
		<challenge id="CHALLENGE_HIMIKO_ALT_ECONOMIC_VICTORY_EXPLORATION_3" scope="Career" difficulty="3">
			<l10n>
				<name>Treasure Fleet 3</name>
				<description>As Himiko, High Shaman, complete the Treasure Fleet Legacy Path thrice.</description>
			</l10n>
			<sortIndex>63520</sortIndex>
			<careerConfig statistic="CHALLENGE_STATISTIC_LEADER_HIMIKO_ALT_ECONOMIC_VICTORY_EXPLORATION" threshold="3" />
			<reward type="XP" reward="25" />
		</challenge>
		<challenge id="CHALLENGE_HIMIKO_ALT_MILITARY_VICTORY_MODERN" scope="Career" difficulty="3">
			<l10n>
				<name>Ideology</name>
				<description>As Himiko, High Shaman, complete the Ideology Legacy Path.</description>
			</l10n>
			<sortIndex>64000</sortIndex>
			<careerConfig statistic="CHALLENGE_STATISTIC_LEADER_HIMIKO_ALT_MILITARY_VICTORY_MODERN" threshold="1" />
			<reward type="XP" reward="50" />
		</challenge>
		<challenge id="CHALLENGE_HIMIKO_ALT_MILITARY_VICTORY_MODERN_2" scope="Career" difficulty="3">
			<l10n>
				<name>Ideology 2</name>
				<description>As Himiko, High Shaman, complete the Ideology Legacy Path twice.</description>
			</l10n>
			<sortIndex>64010</sortIndex>
			<careerConfig statistic="CHALLENGE_STATISTIC_LEADER_HIMIKO_ALT_MILITARY_VICTORY_MODERN" threshold="2" />
			<reward type="XP" reward="25" />
		</challenge>
		<challenge id="CHALLENGE_HIMIKO_ALT_MILITARY_VICTORY_MODERN_3" scope="Career" difficulty="3">
			<l10n>
				<name>Ideology 3</name>
				<description>As Himiko, High Shaman, complete the Ideology Legacy Path thrice.</description>
			</l10n>
			<sortIndex>64020</sortIndex>
			<careerConfig statistic="CHALLENGE_STATISTIC_LEADER_HIMIKO_ALT_MILITARY_VICTORY_MODERN" threshold="3" />
			<reward type="XP" reward="25" />
		</challenge>
		<challenge id="CHALLENGE_HIMIKO_ALT_ECONOMIC_VICTORY_MODERN" scope="Career" difficulty="3">
			<l10n>
				<name>Railroad Tycoon</name>
				<description>As Himiko, High Shaman, complete the Railroad Tycoon Legacy Path.</description>
			</l10n>
			<sortIndex>63900</sortIndex>
			<careerConfig statistic="CHALLENGE_STATISTIC_LEADER_HIMIKO_ALT_ECONOMIC_VICTORY_MODERN" threshold="1" />
			<reward type="XP" reward="50" />
		</challenge>
		<challenge id="CHALLENGE_HIMIKO_ALT_ECONOMIC_VICTORY_MODERN_2" scope="Career" difficulty="3">
			<l10n>
				<name>Railroad Tycoon 2</name>
				<description>As Himiko, High Shaman, complete the Railroad Tycoon Legacy Path twice.</description>
			</l10n>
			<sortIndex>63910</sortIndex>
			<careerConfig statistic="CHALLENGE_STATISTIC_LEADER_HIMIKO_ALT_ECONOMIC_VICTORY_MODERN" threshold="2" />
			<reward type="XP" reward="25" />
		</challenge>
		<challenge id="CHALLENGE_HIMIKO_ALT_ECONOMIC_VICTORY_MODERN_3" scope="Career" difficulty="3">
			<l10n>
				<name>Railroad Tycoon 3</name>
				<description>As Himiko, High Shaman, complete the Railroad Tycoon Legacy Path thrice.</description>
			</l10n>
			<sortIndex>63920</sortIndex>
			<careerConfig statistic="CHALLENGE_STATISTIC_LEADER_HIMIKO_ALT_ECONOMIC_VICTORY_MODERN" threshold="3" />
			<reward type="XP" reward="25" />
		</challenge>
		<challenge id="CHALLENGE_HIMIKO_ALT_AGE_COMPLETED_ANTIQUITY" scope="Career" difficulty="2">
			<l10n>
				<name>Antiquity Complete</name>
				<description>As Himiko, High Shaman, finish the Antiquity Age.</description>
			</l10n>
			<sortIndex>62600</sortIndex>
			<careerConfig statistic="CHALLENGE_STATISTIC_LEADER_HIMIKO_ALT_ANTIQUITY_AGES_COMPLETED" threshold="1" />
			<reward type="XP" reward="25" />
		</challenge>
		<challenge id="CHALLENGE_HIMIKO_ALT_AGE_COMPLETED_ANTIQUITY_2" scope="Career" difficulty="2">
			<l10n>
				<name>Antiquity Complete 2</name>
				<description>As Himiko, High Shaman, finish the Antiquity Age twice.</description>
			</l10n>
			<sortIndex>62610</sortIndex>
			<careerConfig statistic="CHALLENGE_STATISTIC_LEADER_HIMIKO_ALT_ANTIQUITY_AGES_COMPLETED" threshold="2" />
			<reward type="XP" reward="25" />
		</challenge>
		<challenge id="CHALLENGE_HIMIKO_ALT_AGE_COMPLETED_ANTIQUITY_3" scope="Career" difficulty="2">
			<l10n>
				<name>Antiquity Complete 3</name>
				<description>As Himiko, High Shaman, finish the Antiquity Age thrice.</description>
			</l10n>
			<sortIndex>62620</sortIndex>
			<careerConfig statistic="CHALLENGE_STATISTIC_LEADER_HIMIKO_ALT_ANTIQUITY_AGES_COMPLETED" threshold="3" />
			<reward type="XP" reward="25" />
		</challenge>
		<challenge id="CHALLENGE_HIMIKO_ALT_AGE_COMPLETED_EXPLORATION" scope="Career" difficulty="3">
			<l10n>
				<name>Exploration Complete</name>
				<description>As Himiko, High Shaman, finish the Exploration Age.</description>
			</l10n>
			<sortIndex>63600</sortIndex>
			<careerConfig statistic="CHALLENGE_STATISTIC_LEADER_HIMIKO_ALT_EXPLORATION_AGES_COMPLETED" threshold="1" />
			<reward type="XP" reward="25" />
		</challenge>
		<challenge id="CHALLENGE_HIMIKO_ALT_AGE_COMPLETED_EXPLORATION_2" scope="Career" difficulty="3">
			<l10n>
				<name>Exploration Complete 2</name>
				<description>As Himiko, High Shaman, finish the Exploration Age twice.</description>
			</l10n>
			<sortIndex>63610</sortIndex>
			<careerConfig statistic="CHALLENGE_STATISTIC_LEADER_HIMIKO_ALT_EXPLORATION_AGES_COMPLETED" threshold="2" />
			<reward type="XP" reward="25" />
		</challenge>
		<challenge id="CHALLENGE_HIMIKO_ALT_AGE_COMPLETED_EXPLORATION_3" scope="Career" difficulty="3">
			<l10n>
				<name>Exploration Complete 3</name>
				<description>As Himiko, High Shaman, finish the Exploration Age thrice.</description>
			</l10n>
			<sortIndex>63620</sortIndex>
			<careerConfig statistic="CHALLENGE_STATISTIC_LEADER_HIMIKO_ALT_EXPLORATION_AGES_COMPLETED" threshold="3" />
			<reward type="XP" reward="25" />
		</challenge>
		<challenge id="CHALLENGE_HIMIKO_ALT_AGE_COMPLETED_MODERN" scope="Career" difficulty="2">
			<l10n>
				<name>Modern Complete</name>
				<description>As Himiko, High Shaman, finish the Modern Age.</description>
			</l10n>
			<sortIndex>63800</sortIndex>
			<careerConfig statistic="CHALLENGE_STATISTIC_LEADER_HIMIKO_ALT_MODERN_AGES_COMPLETED" threshold="1" />
			<reward type="XP" reward="25" />
		</challenge>
		<challenge id="CHALLENGE_HIMIKO_ALT_AGE_COMPLETED_MODERN_2" scope="Career" difficulty="2">
			<l10n>
				<name>Modern Complete 2</name>
				<description>As Himiko, High Shaman, finish the Modern Age twice.</description>
			</l10n>
			<sortIndex>63810</sortIndex>
			<careerConfig statistic="CHALLENGE_STATISTIC_LEADER_HIMIKO_ALT_MODERN_AGES_COMPLETED" threshold="2" />
			<reward type="XP" reward="25" />
		</challenge>
		<challenge id="CHALLENGE_HIMIKO_ALT_AGE_COMPLETED_MODERN_3" scope="Career" difficulty="2">
			<l10n>
				<name>Modern Complete 3</name>
				<description>As Himiko, High Shaman, finish the Modern Age thrice.</description>
			</l10n>
			<sortIndex>63820</sortIndex>
			<careerConfig statistic="CHALLENGE_STATISTIC_LEADER_HIMIKO_ALT_MODERN_AGES_COMPLETED" threshold="3" />
			<reward type="XP" reward="25" />
		</challenge>
		<challenge id="CHALLENGE_HIMIKO_ALT_PLAY_GAMES_1" scope="Career" difficulty="1">
			<l10n>
				<name>Play Game 1</name>
				<description>As Himiko, High Shaman, reach at least 1 Legacy Path Milestone.</description>
			</l10n>
			<sortIndex>64400</sortIndex>
			<careerConfig statistic="CHALLENGE_STATISTIC_LEADER_HIMIKO_ALT_LEGACY_PATH_MILESTONE_COMPLETED" threshold="1" />
			<reward type="XP" reward="25" />
		</challenge>
		<challenge id="CHALLENGE_HIMIKO_ALT_PLAY_GAMES_2" scope="Career" difficulty="1">
			<l10n>
				<name>Play Game 2</name>
				<description>As Himiko, High Shaman, reach at least 2 Legacy Path Milestones.</description>
			</l10n>
			<sortIndex>64500</sortIndex>
			<careerConfig statistic="CHALLENGE_STATISTIC_LEADER_HIMIKO_ALT_LEGACY_PATH_MILESTONE_COMPLETED" threshold="2" />
			<reward type="XP" reward="25" />
		</challenge>
		<challenge id="CHALLENGE_HIMIKO_ALT_PLAY_GAMES_3" scope="Career" difficulty="1">
			<l10n>
				<name>Play Game 3</name>
				<description>As Himiko, High Shaman, reach at least 3 Legacy Path Milestones.</description>
			</l10n>
			<sortIndex>64600</sortIndex>
			<careerConfig statistic="CHALLENGE_STATISTIC_LEADER_HIMIKO_ALT_LEGACY_PATH_MILESTONE_COMPLETED" threshold="3" />
			<reward type="XP" reward="25" />
		</challenge>
		<challenge id="CHALLENGE_HIMIKO_ALT_SCIENCE_VICTORY_ANTIQUITY" scope="Career" difficulty="3">
			<l10n>
				<name>Great Library</name>
				<description>As Himiko, High Shaman, complete the Great Library Legacy Path.</description>
			</l10n>
			<sortIndex>62900</sortIndex>
			<careerConfig statistic="CHALLENGE_STATISTIC_LEADER_HIMIKO_ALT_SCIENCE_VICTORY_ANTIQUITY" threshold="1" />
			<reward type="XP" reward="50" />
		</challenge>
		<challenge id="CHALLENGE_HIMIKO_ALT_SCIENCE_VICTORY_ANTIQUITY_2" scope="Career" difficulty="3">
			<l10n>
				<name>Great Library 2</name>
				<description>As Himiko, High Shaman, complete the Great Library Legacy Path twice.</description>
			</l10n>
			<sortIndex>62910</sortIndex>
			<careerConfig statistic="CHALLENGE_STATISTIC_LEADER_HIMIKO_ALT_SCIENCE_VICTORY_ANTIQUITY" threshold="2" />
			<reward type="XP" reward="25" />
		</challenge>
		<challenge id="CHALLENGE_HIMIKO_ALT_SCIENCE_VICTORY_ANTIQUITY_3" scope="Career" difficulty="3">
			<l10n>
				<name>Great Library 3</name>
				<description>As Himiko, High Shaman, complete the Great Library Legacy Path thrice.</description>
			</l10n>
			<sortIndex>62920</sortIndex>
			<careerConfig statistic="CHALLENGE_STATISTIC_LEADER_HIMIKO_ALT_SCIENCE_VICTORY_ANTIQUITY" threshold="3" />
			<reward type="XP" reward="25" />
		</challenge>
		<challenge id="CHALLENGE_HIMIKO_ALT_SCIENCE_VICTORY_EXPLORATION" scope="Career" difficulty="3">
			<l10n>
				<name>Enlightenment</name>
				<description>As Himiko, High Shaman, complete the Enlightenment Legacy Path.</description>
			</l10n>
			<sortIndex>63600</sortIndex>
			<careerConfig statistic="CHALLENGE_STATISTIC_LEADER_HIMIKO_ALT_SCIENCE_VICTORY_EXPLORATION" threshold="1" />
			<reward type="XP" reward="50" />
		</challenge>
		<challenge id="CHALLENGE_HIMIKO_ALT_SCIENCE_VICTORY_EXPLORATION_2" scope="Career" difficulty="3">
			<l10n>
				<name>Enlightenment 2</name>
				<description>As Himiko, High Shaman, complete the Enlightenment Legacy Path twice.</description>
			</l10n>
			<sortIndex>63610</sortIndex>
			<careerConfig statistic="CHALLENGE_STATISTIC_LEADER_HIMIKO_ALT_SCIENCE_VICTORY_EXPLORATION" threshold="2" />
			<reward type="XP" reward="25" />
		</challenge>
		<challenge id="CHALLENGE_HIMIKO_ALT_SCIENCE_VICTORY_EXPLORATION_3" scope="Career" difficulty="3">
			<l10n>
				<name>Enlightenment 3</name>
				<description>As Himiko, High Shaman, complete the Enlightenment Legacy Path thrice.</description>
			</l10n>
			<sortIndex>63620</sortIndex>
			<careerConfig statistic="CHALLENGE_STATISTIC_LEADER_HIMIKO_ALT_SCIENCE_VICTORY_EXPLORATION" threshold="3" />
			<reward type="XP" reward="25" />
		</challenge>
		<challenge id="CHALLENGE_HIMIKO_ALT_SCIENCE_VICTORY_MODERN" scope="Career" difficulty="3">
			<l10n>
				<name>Space Race</name>
				<description>As Himiko, High Shaman, complete the Space Race Legacy Path.</description>
			</l10n>
			<sortIndex>64100</sortIndex>
			<careerConfig statistic="CHALLENGE_STATISTIC_LEADER_HIMIKO_ALT_SCIENCE_VICTORY_MODERN" threshold="1" />
			<reward type="XP" reward="50" />
		</challenge>
		<challenge id="CHALLENGE_HIMIKO_ALT_SCIENCE_VICTORY_MODERN_2" scope="Career" difficulty="3">
			<l10n>
				<name>Space Race 2</name>
				<description>As Himiko, High Shaman, complete the Space Race Legacy Path twice.</description>
			</l10n>
			<sortIndex>64110</sortIndex>
			<careerConfig statistic="CHALLENGE_STATISTIC_LEADER_HIMIKO_ALT_SCIENCE_VICTORY_MODERN" threshold="2" />
			<reward type="XP" reward="25" />
		</challenge>
		<challenge id="CHALLENGE_HIMIKO_ALT_SCIENCE_VICTORY_MODERN_3" scope="Career" difficulty="3">
			<l10n>
				<name>Space Race 3</name>
				<description>As Himiko, High Shaman, complete the Space Race Legacy Path thrice.</description>
			</l10n>
			<sortIndex>64120</sortIndex>
			<careerConfig statistic="CHALLENGE_STATISTIC_LEADER_HIMIKO_ALT_SCIENCE_VICTORY_MODERN" threshold="3" />
			<reward type="XP" reward="25" />
		</challenge>
		<challenge id="CHALLENGE_HIMIKO_ALT_CULTURE_VICTORY_ANTIQUITY" scope="Career" difficulty="3">
			<l10n>
				<name>Wonders of the Ancient World</name>
				<description>As Himiko, High Shaman, complete the Wonders of the Ancient World Legacy Path.</description>
			</l10n>
			<sortIndex>62700</sortIndex>
			<careerConfig statistic="CHALLENGE_STATISTIC_LEADER_HIMIKO_ALT_CULTURE_VICTORY_ANTIQUITY" threshold="1" />
			<reward type="XP" reward="50" />
		</challenge>
		<challenge id="CHALLENGE_HIMIKO_ALT_CULTURE_VICTORY_ANTIQUITY_2" scope="Career" difficulty="3">
			<l10n>
				<name>Wonders of the Ancient World 2</name>
				<description>As Himiko, High Shaman, complete the Wonders of the Ancient World Legacy Path twice.</description>
			</l10n>
			<sortIndex>62710</sortIndex>
			<careerConfig statistic="CHALLENGE_STATISTIC_LEADER_HIMIKO_ALT_CULTURE_VICTORY_ANTIQUITY" threshold="2" />
			<reward type="XP" reward="25" />
		</challenge>
		<challenge id="CHALLENGE_HIMIKO_ALT_CULTURE_VICTORY_ANTIQUITY_3" scope="Career" difficulty="3">
			<l10n>
				<name>Wonders of the Ancient World 3</name>
				<description>As Himiko, High Shaman, complete the Wonders of the Ancient World Legacy Path thrice.</description>
			</l10n>
			<sortIndex>62720</sortIndex>
			<careerConfig statistic="CHALLENGE_STATISTIC_LEADER_HIMIKO_ALT_CULTURE_VICTORY_ANTIQUITY" threshold="3" />
			<reward type="XP" reward="25" />
		</challenge>
		<challenge id="CHALLENGE_HIMIKO_ALT_CULTURE_VICTORY_EXPLORATION" scope="Career" difficulty="3">
			<l10n>
				<name>Toshakhana</name>
				<description>As Himiko, High Shaman, complete the Toshakhana Legacy Path.</description>
			</l10n>
			<sortIndex>63200</sortIndex>
			<careerConfig statistic="CHALLENGE_STATISTIC_LEADER_HIMIKO_ALT_CULTURE_VICTORY_EXPLORATION" threshold="1" />
			<reward type="XP" reward="50" />
		</challenge>
		<challenge id="CHALLENGE_HIMIKO_ALT_CULTURE_VICTORY_EXPLORATION_2" scope="Career" difficulty="3">
			<l10n>
				<name>Toshakhana 2</name>
				<description>As Himiko, High Shaman, complete the Toshakhana Legacy Path twice.</description>
			</l10n>
			<sortIndex>63210</sortIndex>
			<careerConfig statistic="CHALLENGE_STATISTIC_LEADER_HIMIKO_ALT_CULTURE_VICTORY_EXPLORATION" threshold="2" />
			<reward type="XP" reward="25" />
		</challenge>
		<challenge id="CHALLENGE_HIMIKO_ALT_CULTURE_VICTORY_EXPLORATION_3" scope="Career" difficulty="3">
			<l10n>
				<name>Toshakhana 3</name>
				<description>As Himiko, High Shaman, complete the Toshakhana Legacy Path thrice.</description>
			</l10n>
			<sortIndex>63220</sortIndex>
			<careerConfig statistic="CHALLENGE_STATISTIC_LEADER_HIMIKO_ALT_CULTURE_VICTORY_EXPLORATION" threshold="3" />
			<reward type="XP" reward="25" />
		</challenge>
		<challenge id="CHALLENGE_HIMIKO_ALT_CULTURE_VICTORY_MODERN" scope="Career" difficulty="3">
			<l10n>
				<name>Geographic Society</name>
				<description>As Himiko, High Shaman, complete the Geographic Society Legacy Path.</description>
			</l10n>
			<sortIndex>64200</sortIndex>
			<careerConfig statistic="CHALLENGE_STATISTIC_LEADER_HIMIKO_ALT_CULTURE_VICTORY_MODERN" threshold="1" />
			<reward type="XP" reward="50" />
		</challenge>
		<challenge id="CHALLENGE_HIMIKO_ALT_CULTURE_VICTORY_MODERN_2" scope="Career" difficulty="3">
			<l10n>
				<name>Geographic Society 2</name>
				<description>As Himiko, High Shaman, complete the Geographic Society Legacy Path twice.</description>
			</l10n>
			<sortIndex>64210</sortIndex>
			<careerConfig statistic="CHALLENGE_STATISTIC_LEADER_HIMIKO_ALT_CULTURE_VICTORY_MODERN" threshold="2" />
			<reward type="XP" reward="25" />
		</challenge>
		<challenge id="CHALLENGE_HIMIKO_ALT_CULTURE_VICTORY_MODERN_3" scope="Career" difficulty="3">
			<l10n>
				<name>Geographic Society 3</name>
				<description>As Himiko, High Shaman, complete the Geographic Society Legacy Path thrice.</description>
			</l10n>
			<sortIndex>64220</sortIndex>
			<careerConfig statistic="CHALLENGE_STATISTIC_LEADER_HIMIKO_ALT_CULTURE_VICTORY_MODERN" threshold="3" />
			<reward type="XP" reward="25" />
		</challenge>
		<challenge id="CHALLENGE_HIMIKO_ALT_FLAWLESS_VICTORY_ANTIQUITY" scope="Campaign" difficulty="4">
			<l10n>
				<name>Dual Legacies, Antiquity</name>
				<description>As Himiko, High Shaman, complete 2 Legacy Paths in a single Antiquity Age.</description>
			</l10n>
			<sortIndex>63100</sortIndex>
			<campaignConfig event="CHALLENGE_EVENT_LEADER_HIMIKO_ALT_FLAWLESS_VICTORY_ACHIEVED" />
			<rules>
				<rule type="and">
					<rule type="equals" var="legacyPathCount">2</rule>
					<rule type="equals" var="age">AGE_ANTIQUITY</rule>
				</rule>
			</rules>
			<reward type="XP" reward="50" />
		</challenge>
		<challenge id="CHALLENGE_HIMIKO_ALT_FLAWLESS_VICTORY_EXPLORATION" scope="Campaign" difficulty="4">
			<l10n>
				<name>Dual Legacies, Exploration</name>
				<description>As Himiko, High Shaman, complete 2 Legacy Paths in a single Exploration Age.</description>
			</l10n>
			<sortIndex>63700</sortIndex>
			<campaignConfig event="CHALLENGE_EVENT_LEADER_HIMIKO_ALT_FLAWLESS_VICTORY_ACHIEVED" />
			<rules>
				<rule type="and">
					<rule type="equals" var="legacyPathCount">2</rule>
					<rule type="equals" var="age">AGE_EXPLORATION</rule>
				</rule>
			</rules>
			<reward type="XP" reward="50" />
		</challenge>
		<challenge id="CHALLENGE_HIMIKO_ALT_FLAWLESS_VICTORY_MODERN" scope="Campaign" difficulty="4">
			<l10n>
				<name>Dual Legacies, Modern</name>
				<description>As Himiko, High Shaman, complete 2 Legacy Paths in a single Modern Age.</description>
			</l10n>
			<sortIndex>64300</sortIndex>
			<campaignConfig event="CHALLENGE_EVENT_LEADER_HIMIKO_ALT_FLAWLESS_VICTORY_ACHIEVED" />
			<rules>
				<rule type="and">
					<rule type="equals" var="legacyPathCount">2</rule>
					<rule type="equals" var="age">AGE_MODERN</rule>
				</rule>
			</rules>
			<reward type="XP" reward="50" />
		</challenge>
		<challenge id="CHALLENGE_HIMIKO_ALT_QUEST_A_ANTIQUITY" scope="Campaign" difficulty="2">
			<l10n>
				<name>Daughter of the Mountain</name>
				<description>As Himiko, High Shaman, in Antiquity, complete a quest to influence the world.</description>
			</l10n>
			<sortIndex>65000</sortIndex>
			<reward type="XP" reward="50" />
		</challenge>
		<challenge id="CHALLENGE_HIMIKO_ALT_QUEST_B_ANTIQUITY" scope="Campaign" difficulty="2">
			<l10n>
				<name>Daughter of the Sun</name>
				<description>As Himiko, High Shaman, in Antiquity, complete a quest to import treasures.</description>
			</l10n>
			<sortIndex>65005</sortIndex>
			<reward type="XP" reward="50" />
		</challenge>
		<challenge id="CHALLENGE_HIMIKO_ALT_QUEST_A_EXPLORATION" scope="Campaign" difficulty="2">
			<l10n>
				<name>The Kami</name>
				<description>As Himiko, High Shaman, in Exploration, complete a quest to spread the stories of Amaterasu.</description>
			</l10n>
			<sortIndex>65010</sortIndex>
			<reward type="XP" reward="50" />
		</challenge>
		<challenge id="CHALLENGE_HIMIKO_ALT_QUEST_B_EXPLORATION" scope="Campaign" difficulty="2">
			<l10n>
				<name>Divine Prosperity</name>
				<description>As Himiko, High Shaman, in Exploration, complete a quest to celebrate grace and elegance.</description>
			</l10n>
			<sortIndex>65015</sortIndex>
			<reward type="XP" reward="50" />
		</challenge>
		<challenge id="CHALLENGE_HIMIKO_ALT_QUEST_A_MODERN" scope="Campaign" difficulty="2">
			<l10n>
				<name>Himiko, Triumphant</name>
				<description>As Himiko, High Shaman, in Modern, complete a quest to collect symbols of the past.</description>
			</l10n>
			<sortIndex>65020</sortIndex>
			<reward type="XP" reward="50" />
		</challenge>
		<challenge id="CHALLENGE_HIMIKO_ALT_QUEST_B_MODERN" scope="Campaign" difficulty="2">
			<l10n>
				<name>Amaterasu Triumphant</name>
				<description>As Himiko, High Shaman, in Modern, complete a quest to amplify production.</description>
			</l10n>
			<sortIndex>65025</sortIndex>
			<reward type="XP" reward="50" />
		</challenge>
		<challenge id="CHALLENGE_HIMIKO_ALT_UNLOCKED_STRATEGYCARDS_EXPLORATION" scope="Campaign" difficulty="1" hidden="true" allowRewardWhenHidden="true">
			<l10n>
				<name>Age Transition Card Exploration</name>
				<description>As Himiko, High Shaman, unlock age transition legend strategycards for exploration age.</description>
			</l10n>
			<sortIndex>64301</sortIndex>
			<reward type="UnlockableReward" reward="STRATEGYCARD_AS_HIMIKO_SHAMAN_EXPLORATION_1" />
			<reward type="UnlockableReward" reward="STRATEGYCARD_AS_HIMIKO_SHAMAN_EXPLORATION_2" />
		</challenge>
		<challenge id="CHALLENGE_HIMIKO_ALT_UNLOCKED_STRATEGYCARDS_MODERN" scope="Campaign" difficulty="1" hidden="true" allowRewardWhenHidden="true">
			<l10n>
				<name>Age Transition Card Modern</name>
				<description>As Himiko, High Shaman, unlock age transition legend strategycards for modern age.</description>
			</l10n>
			<sortIndex>64302</sortIndex>
			<reward type="UnlockableReward" reward="STRATEGYCARD_AS_HIMIKO_SHAMAN_MODERN_1" />
			<reward type="UnlockableReward" reward="STRATEGYCARD_AS_HIMIKO_SHAMAN_MODERN_2" />
		</challenge>
	</challenges>
</metaprogression>