<?xml version="1.0" encoding="utf-8"?>
<metaprogression xmlns="Metaprogression">
	<legendPath id="LEGEND_PATH_NAPOLEON_ALT" type="CHALLENGE_CLASS_LEADER">
		<sortIndex>40</sortIndex>
		<level level="2">
			<reward reward="MEMENTO_NAPOLEON_REVOLUTIONARY_ARTILLERYMAN_GLOVES"/>
		</level>
		<level level="3">
			<reward reward="NODE_ATTRIBUTE_CULTURAL_LEGEND_NAPOLEON_ALT_L1"/>
		</level>
		<level level="4">
			<reward reward="STRATEGYCARD_NAPOLEON_REVOLUTIONARY_EXPLORATION_1"/>
			<reward reward="STRATEGYCARD_NAPOLEON_REVOLUTIONARY_EXPLORATION_2"/>
		</level>
		<level level="5">
			<reward reward="MEMENTO_NAPOLEON_REVOLUTIONARY_BICORNE_HAT"/>
		</level>
		<level level="6">
			<reward reward="BADGE_NAPOLEON_REVOLUTIONARY"/>
			<reward reward="BANNER_NAPOLEON_REVOLUTIONARY"/>
		</level>
		<level level="7">
			<reward reward="NODE_ATTRIBUTE_MILITARISTIC_LEGEND_NAPOLEON_ALT_L2"/>
		</level>
		<level level="8">
			<reward reward="STRATEGYCARD_NAPOLEON_REVOLUTIONARY_MODERN_1"/>
			<reward reward="STRATEGYCARD_NAPOLEON_REVOLUTIONARY_MODERN_2"/>
		</level>
		<level level="9">
			<reward reward="MEMENTO_NAPOLEON_REVOLUTIONARY_LEGION_DHONNEUR_GRAND_EAGLE_CROSS"/>
		</level>
		<level level="10">
			<reward reward="TITLE_NAPOLEON_REVOLUTIONARY"/>
			<reward reward="BADGE_NAPOLEON_REVOLUTIONARY_P"/>
		</level>
	</legendPath>
	<challengeEvents>
		<event id="CHALLENGE_EVENT_LEADER_NAPOLEON_ALT_AGE_ENDED" />
		<event id="CHALLENGE_EVENT_LEADER_NAPOLEON_ALT_VICTORY_ACHIEVED" />
		<event id="CHALLENGE_EVENT_LEADER_NAPOLEON_ALT_FLAWLESS_VICTORY_ACHIEVED" />
		<event id="CHALLENGE_EVENT_LEADER_NAPOLEON_ALT_LEGACY_PATH_MILESTONE_COMPLETED" />
	</challengeEvents>
	<statistics>
		<statistic id="CHALLENGE_STATISTIC_LEADER_NAPOLEON_ALT_LEGACY_PATH_MILESTONE_COMPLETED" event="CHALLENGE_EVENT_LEADER_NAPOLEON_ALT_LEGACY_PATH_MILESTONE_COMPLETED"/>
		<statistic id="CHALLENGE_STATISTIC_LEADER_NAPOLEON_ALT_MILITARY_VICTORY_ANTIQUITY" event="CHALLENGE_EVENT_LEADER_NAPOLEON_ALT_VICTORY_ACHIEVED">
			<rules>
				<rule type="and">
					<rule type="equals" var="victoryType">VICTORY_CLASS_MILITARY</rule>
					<rule type="equals" var="age">AGE_ANTIQUITY</rule>
				</rule>
			</rules>
		</statistic>
		<statistic id="CHALLENGE_STATISTIC_LEADER_NAPOLEON_ALT_MILITARY_VICTORY_EXPLORATION" event="CHALLENGE_EVENT_LEADER_NAPOLEON_ALT_VICTORY_ACHIEVED">
			<rules>
				<rule type="and">
					<rule type="equals" var="victoryType">VICTORY_CLASS_MILITARY</rule>
					<rule type="equals" var="age">AGE_EXPLORATION</rule>
				</rule>
			</rules>
		</statistic>
		<statistic id="CHALLENGE_STATISTIC_LEADER_NAPOLEON_ALT_MILITARY_VICTORY_MODERN" event="CHALLENGE_EVENT_LEADER_NAPOLEON_ALT_VICTORY_ACHIEVED">
			<rules>
				<rule type="and">
					<rule type="equals" var="victoryType">VICTORY_CLASS_MILITARY</rule>
					<rule type="equals" var="age">AGE_MODERN</rule>
				</rule>
			</rules>
		</statistic>
		<statistic id="CHALLENGE_STATISTIC_LEADER_NAPOLEON_ALT_ECONOMIC_VICTORY_ANTIQUITY" event="CHALLENGE_EVENT_LEADER_NAPOLEON_ALT_VICTORY_ACHIEVED">
			<rules>
				<rule type="and">
					<rule type="equals" var="victoryType">VICTORY_CLASS_ECONOMIC</rule>
					<rule type="equals" var="age">AGE_ANTIQUITY</rule>
				</rule>
			</rules>
		</statistic>
		<statistic id="CHALLENGE_STATISTIC_LEADER_NAPOLEON_ALT_ECONOMIC_VICTORY_EXPLORATION" event="CHALLENGE_EVENT_LEADER_NAPOLEON_ALT_VICTORY_ACHIEVED">
			<rules>
				<rule type="and">
					<rule type="equals" var="victoryType">VICTORY_CLASS_ECONOMIC</rule>
					<rule type="equals" var="age">AGE_EXPLORATION</rule>
				</rule>
			</rules>
		</statistic>
		<statistic id="CHALLENGE_STATISTIC_LEADER_NAPOLEON_ALT_ECONOMIC_VICTORY_MODERN" event="CHALLENGE_EVENT_LEADER_NAPOLEON_ALT_VICTORY_ACHIEVED">
			<rules>
				<rule type="and">
					<rule type="equals" var="victoryType">VICTORY_CLASS_ECONOMIC</rule>
					<rule type="equals" var="age">AGE_MODERN</rule>
				</rule>
			</rules>
		</statistic>
		<statistic id="CHALLENGE_STATISTIC_LEADER_NAPOLEON_ALT_SCIENCE_VICTORY_ANTIQUITY" event="CHALLENGE_EVENT_LEADER_NAPOLEON_ALT_VICTORY_ACHIEVED">
			<rules>
				<rule type="and">
					<rule type="equals" var="victoryType">VICTORY_CLASS_SCIENCE</rule>
					<rule type="equals" var="age">AGE_ANTIQUITY</rule>
				</rule>
			</rules>
		</statistic>
		<statistic id="CHALLENGE_STATISTIC_LEADER_NAPOLEON_ALT_SCIENCE_VICTORY_EXPLORATION" event="CHALLENGE_EVENT_LEADER_NAPOLEON_ALT_VICTORY_ACHIEVED">
			<rules>
				<rule type="and">
					<rule type="equals" var="victoryType">VICTORY_CLASS_SCIENCE</rule>
					<rule type="equals" var="age">AGE_EXPLORATION</rule>
				</rule>
			</rules>
		</statistic>
		<statistic id="CHALLENGE_STATISTIC_LEADER_NAPOLEON_ALT_SCIENCE_VICTORY_MODERN" event="CHALLENGE_EVENT_LEADER_NAPOLEON_ALT_VICTORY_ACHIEVED">
			<rules>
				<rule type="and">
					<rule type="equals" var="victoryType">VICTORY_CLASS_SCIENCE</rule>
					<rule type="equals" var="age">AGE_MODERN</rule>
				</rule>
			</rules>
		</statistic>
		<statistic id="CHALLENGE_STATISTIC_LEADER_NAPOLEON_ALT_CULTURE_VICTORY_ANTIQUITY" event="CHALLENGE_EVENT_LEADER_NAPOLEON_ALT_VICTORY_ACHIEVED">
			<rules>
				<rule type="and">
					<rule type="equals" var="victoryType">VICTORY_CLASS_CULTURE</rule>
					<rule type="equals" var="age">AGE_ANTIQUITY</rule>
				</rule>
			</rules>
		</statistic>
		<statistic id="CHALLENGE_STATISTIC_LEADER_NAPOLEON_ALT_CULTURE_VICTORY_EXPLORATION" event="CHALLENGE_EVENT_LEADER_NAPOLEON_ALT_VICTORY_ACHIEVED">
			<rules>
				<rule type="and">
					<rule type="equals" var="victoryType">VICTORY_CLASS_CULTURE</rule>
					<rule type="equals" var="age">AGE_EXPLORATION</rule>
				</rule>
			</rules>
		</statistic>
		<statistic id="CHALLENGE_STATISTIC_LEADER_NAPOLEON_ALT_CULTURE_VICTORY_MODERN" event="CHALLENGE_EVENT_LEADER_NAPOLEON_ALT_VICTORY_ACHIEVED">
			<rules>
				<rule type="and">
					<rule type="equals" var="victoryType">VICTORY_CLASS_CULTURE</rule>
					<rule type="equals" var="age">AGE_MODERN</rule>
				</rule>
			</rules>
		</statistic>
		<statistic id="CHALLENGE_STATISTIC_LEADER_NAPOLEON_ALT_ANTIQUITY_AGES_COMPLETED" event="CHALLENGE_EVENT_LEADER_NAPOLEON_ALT_AGE_ENDED">
			<rules>
				<rule type="equals" var="age">AGE_ANTIQUITY</rule>
			</rules>
		</statistic>
		<statistic id="CHALLENGE_STATISTIC_LEADER_NAPOLEON_ALT_EXPLORATION_AGES_COMPLETED" event="CHALLENGE_EVENT_LEADER_NAPOLEON_ALT_AGE_ENDED">
			<rules>
				<rule type="equals" var="age">AGE_EXPLORATION</rule>
			</rules>
		</statistic>
		<statistic id="CHALLENGE_STATISTIC_LEADER_NAPOLEON_ALT_MODERN_AGES_COMPLETED" event="CHALLENGE_EVENT_LEADER_NAPOLEON_ALT_AGE_ENDED">
			<rules>
				<rule type="equals" var="age">AGE_MODERN</rule>
			</rules>
		</statistic>
	</statistics>
	<challengeCategoryData>
		<challengeCategory id="CHALLENGE_CATEGORY_LEADER_NAPOLEON_ALT" locName="LOC_LEADER_NAPOLEON_ALT_NAME" sortIndex="40000"/>
	</challengeCategoryData>
	<challenges class="CHALLENGE_CLASS_LEADER" category="CHALLENGE_CATEGORY_LEADER_NAPOLEON_ALT" legendPath="LEGEND_PATH_NAPOLEON_ALT">
		<challenge id="CHALLENGE_NAPOLEON_ALT_MILITARY_VICTORY_ANTIQUITY" scope="Career" difficulty="3">
			<l10n>
				<name>Pax Imperatoria</name>
				<description>As Napoleon Revolutionary, complete the Pax Imperatoria Legacy Path.</description>
			</l10n>
			<sortIndex>86000</sortIndex>
			<careerConfig statistic="CHALLENGE_STATISTIC_LEADER_NAPOLEON_ALT_MILITARY_VICTORY_ANTIQUITY" threshold="1" />
			<reward type="XP" reward="50" />
		</challenge>
		<challenge id="CHALLENGE_NAPOLEON_ALT_MILITARY_VICTORY_ANTIQUITY_2" scope="Career" difficulty="3">
			<l10n>
				<name>Pax Imperatoria 2</name>
				<description>As Napoleon Revolutionary, complete the Pax Imperatoria Legacy Path twice.</description>
			</l10n>
			<sortIndex>86010</sortIndex>
			<careerConfig statistic="CHALLENGE_STATISTIC_LEADER_NAPOLEON_ALT_MILITARY_VICTORY_ANTIQUITY" threshold="2" />
			<reward type="XP" reward="25" />
		</challenge>
		<challenge id="CHALLENGE_NAPOLEON_ALT_MILITARY_VICTORY_ANTIQUITY_3" scope="Career" difficulty="3">
			<l10n>
				<name>Pax Imperatoria 3</name>
				<description>As Napoleon Revolutionary, complete the Pax Imperatoria Legacy Path thrice.</description>
			</l10n>
			<sortIndex>86020</sortIndex>
			<careerConfig statistic="CHALLENGE_STATISTIC_LEADER_NAPOLEON_ALT_MILITARY_VICTORY_ANTIQUITY" threshold="3" />
			<reward type="XP" reward="25" />
		</challenge>
		<challenge id="CHALLENGE_NAPOLEON_ALT_ECONOMIC_VICTORY_ANTIQUITY" scope="Career" difficulty="3">
			<l10n>
				<name>Silk Roads</name>
				<description>As Napoleon Revolutionary, complete the Silk Roads Legacy Path.</description>
			</l10n>
			<sortIndex>86200</sortIndex>
			<careerConfig statistic="CHALLENGE_STATISTIC_LEADER_NAPOLEON_ALT_ECONOMIC_VICTORY_ANTIQUITY" threshold="1" />
			<reward type="XP" reward="50" />
		</challenge>
		<challenge id="CHALLENGE_NAPOLEON_ALT_ECONOMIC_VICTORY_ANTIQUITY_2" scope="Career" difficulty="3">
			<l10n>
				<name>Silk Roads 2</name>
				<description>As Napoleon Revolutionary, complete the Silk Roads Legacy Path twice.</description>
			</l10n>
			<sortIndex>86210</sortIndex>
			<careerConfig statistic="CHALLENGE_STATISTIC_LEADER_NAPOLEON_ALT_ECONOMIC_VICTORY_ANTIQUITY" threshold="2" />
			<reward type="XP" reward="25" />
		</challenge>
		<challenge id="CHALLENGE_NAPOLEON_ALT_ECONOMIC_VICTORY_ANTIQUITY_3" scope="Career" difficulty="3">
			<l10n>
				<name>Silk Roads 3</name>
				<description>As Napoleon Revolutionary, complete the Silk Roads Legacy Path thrice.</description>
			</l10n>
			<sortIndex>86220</sortIndex>
			<careerConfig statistic="CHALLENGE_STATISTIC_LEADER_NAPOLEON_ALT_ECONOMIC_VICTORY_ANTIQUITY" threshold="3" />
			<reward type="XP" reward="25" />
		</challenge>
		<challenge id="CHALLENGE_NAPOLEON_ALT_MILITARY_VICTORY_EXPLORATION" scope="Career" difficulty="3">
			<l10n>
				<name>Non Sufficit Orbis</name>
				<description>As Napoleon Revolutionary, complete the Non Sufficit Orbis Legacy Path.</description>
			</l10n>
			<sortIndex>86600</sortIndex>
			<careerConfig statistic="CHALLENGE_STATISTIC_LEADER_NAPOLEON_ALT_MILITARY_VICTORY_EXPLORATION" threshold="1" />
			<reward type="XP" reward="50" />
		</challenge>
		<challenge id="CHALLENGE_NAPOLEON_ALT_MILITARY_VICTORY_EXPLORATION_2" scope="Career" difficulty="3">
			<l10n>
				<name>Non Sufficit Orbis 2</name>
				<description>As Napoleon Revolutionary, complete the Non Sufficit Orbis Legacy Path twice.</description>
			</l10n>
			<sortIndex>86610</sortIndex>
			<careerConfig statistic="CHALLENGE_STATISTIC_LEADER_NAPOLEON_ALT_MILITARY_VICTORY_EXPLORATION" threshold="2" />
			<reward type="XP" reward="25" />
		</challenge>
		<challenge id="CHALLENGE_NAPOLEON_ALT_MILITARY_VICTORY_EXPLORATION_3" scope="Career" difficulty="3">
			<l10n>
				<name>Non Sufficit Orbis 3</name>
				<description>As Napoleon Revolutionary, complete the Non Sufficit Orbis Legacy Path thrice.</description>
			</l10n>
			<sortIndex>86620</sortIndex>
			<careerConfig statistic="CHALLENGE_STATISTIC_LEADER_NAPOLEON_ALT_MILITARY_VICTORY_EXPLORATION" threshold="3" />
			<reward type="XP" reward="25" />
		</challenge>
		<challenge id="CHALLENGE_NAPOLEON_ALT_ECONOMIC_VICTORY_EXPLORATION" scope="Career" difficulty="3">
			<l10n>
				<name>Treasure Fleet</name>
				<description>As Napoleon Revolutionary, complete the Treasure Fleet Legacy Path.</description>
			</l10n>
			<sortIndex>86800</sortIndex>
			<careerConfig statistic="CHALLENGE_STATISTIC_LEADER_NAPOLEON_ALT_ECONOMIC_VICTORY_EXPLORATION" threshold="1" />
			<reward type="XP" reward="50" />
		</challenge>
		<challenge id="CHALLENGE_NAPOLEON_ALT_ECONOMIC_VICTORY_EXPLORATION_2" scope="Career" difficulty="3">
			<l10n>
				<name>Treasure Fleet 2</name>
				<description>As Napoleon Revolutionary, complete the Treasure Fleet Legacy Path twice.</description>
			</l10n>
			<sortIndex>86810</sortIndex>
			<careerConfig statistic="CHALLENGE_STATISTIC_LEADER_NAPOLEON_ALT_ECONOMIC_VICTORY_EXPLORATION" threshold="2" />
			<reward type="XP" reward="25" />
		</challenge>
		<challenge id="CHALLENGE_NAPOLEON_ALT_ECONOMIC_VICTORY_EXPLORATION_3" scope="Career" difficulty="3">
			<l10n>
				<name>Treasure Fleet 3</name>
				<description>As Napoleon Revolutionary, complete the Treasure Fleet Legacy Path thrice.</description>
			</l10n>
			<sortIndex>86820</sortIndex>
			<careerConfig statistic="CHALLENGE_STATISTIC_LEADER_NAPOLEON_ALT_ECONOMIC_VICTORY_EXPLORATION" threshold="3" />
			<reward type="XP" reward="25" />
		</challenge>
		<challenge id="CHALLENGE_NAPOLEON_ALT_MILITARY_VICTORY_MODERN" scope="Career" difficulty="3">
			<l10n>
				<name>Ideology</name>
				<description>As Napoleon Revolutionary, complete the Ideology Legacy Path.</description>
			</l10n>
			<sortIndex>87200</sortIndex>
			<careerConfig statistic="CHALLENGE_STATISTIC_LEADER_NAPOLEON_ALT_MILITARY_VICTORY_MODERN" threshold="1" />
			<reward type="XP" reward="50" />
		</challenge>
		<challenge id="CHALLENGE_NAPOLEON_ALT_MILITARY_VICTORY_MODERN_2" scope="Career" difficulty="3">
			<l10n>
				<name>Ideology 2</name>
				<description>As Napoleon Revolutionary, complete the Ideology Legacy Path twice.</description>
			</l10n>
			<sortIndex>87210</sortIndex>
			<careerConfig statistic="CHALLENGE_STATISTIC_LEADER_NAPOLEON_ALT_MILITARY_VICTORY_MODERN" threshold="2" />
			<reward type="XP" reward="25" />
		</challenge>
		<challenge id="CHALLENGE_NAPOLEON_ALT_MILITARY_VICTORY_MODERN_3" scope="Career" difficulty="3">
			<l10n>
				<name>Ideology 3</name>
				<description>As Napoleon Revolutionary, complete the Ideology Legacy Path thrice.</description>
			</l10n>
			<sortIndex>87220</sortIndex>
			<careerConfig statistic="CHALLENGE_STATISTIC_LEADER_NAPOLEON_ALT_MILITARY_VICTORY_MODERN" threshold="3" />
			<reward type="XP" reward="25" />
		</challenge>
		<challenge id="CHALLENGE_NAPOLEON_ALT_ECONOMIC_VICTORY_MODERN" scope="Career" difficulty="3">
			<l10n>
				<name>Railroad Tycoon</name>
				<description>As Napoleon Revolutionary, complete the Railroad Tycoon Legacy Path.</description>
			</l10n>
			<sortIndex>87100</sortIndex>
			<careerConfig statistic="CHALLENGE_STATISTIC_LEADER_NAPOLEON_ALT_ECONOMIC_VICTORY_MODERN" threshold="1" />
			<reward type="XP" reward="50" />
		</challenge>
		<challenge id="CHALLENGE_NAPOLEON_ALT_ECONOMIC_VICTORY_MODERN_2" scope="Career" difficulty="3">
			<l10n>
				<name>Railroad Tycoon 2</name>
				<description>As Napoleon Revolutionary, complete the Railroad Tycoon Legacy Path twice.</description>
			</l10n>
			<sortIndex>87110</sortIndex>
			<careerConfig statistic="CHALLENGE_STATISTIC_LEADER_NAPOLEON_ALT_ECONOMIC_VICTORY_MODERN" threshold="2" />
			<reward type="XP" reward="25" />
		</challenge>
		<challenge id="CHALLENGE_NAPOLEON_ALT_ECONOMIC_VICTORY_MODERN_3" scope="Career" difficulty="3">
			<l10n>
				<name>Railroad Tycoon 3</name>
				<description>As Napoleon Revolutionary, complete the Railroad Tycoon Legacy Path thrice.</description>
			</l10n>
			<sortIndex>87120</sortIndex>
			<careerConfig statistic="CHALLENGE_STATISTIC_LEADER_NAPOLEON_ALT_ECONOMIC_VICTORY_MODERN" threshold="3" />
			<reward type="XP" reward="25" />
		</challenge>
		<challenge id="CHALLENGE_NAPOLEON_ALT_AGE_COMPLETED_ANTIQUITY" scope="Career" difficulty="2">
			<l10n>
				<name>Antiquity Complete</name>
				<description>As Napoleon, finish the Antiquity Age.</description>
			</l10n>
			<sortIndex>85800</sortIndex>
			<careerConfig statistic="CHALLENGE_STATISTIC_LEADER_NAPOLEON_ALT_ANTIQUITY_AGES_COMPLETED" threshold="1" />
			<reward type="XP" reward="25" />
		</challenge>
		<challenge id="CHALLENGE_NAPOLEON_ALT_AGE_COMPLETED_ANTIQUITY_2" scope="Career" difficulty="2">
			<l10n>
				<name>Antiquity Complete 2</name>
				<description>As Napoleon, finish the Antiquity Age twice.</description>
			</l10n>
			<sortIndex>85810</sortIndex>
			<careerConfig statistic="CHALLENGE_STATISTIC_LEADER_NAPOLEON_ALT_ANTIQUITY_AGES_COMPLETED" threshold="2" />
			<reward type="XP" reward="25" />
		</challenge>
		<challenge id="CHALLENGE_NAPOLEON_ALT_AGE_COMPLETED_ANTIQUITY_3" scope="Career" difficulty="2">
			<l10n>
				<name>Antiquity Complete 3</name>
				<description>As Napoleon, finish the Antiquity Age thrice.</description>
			</l10n>
			<sortIndex>85820</sortIndex>
			<careerConfig statistic="CHALLENGE_STATISTIC_LEADER_NAPOLEON_ALT_ANTIQUITY_AGES_COMPLETED" threshold="3" />
			<reward type="XP" reward="25" />
		</challenge>
		<challenge id="CHALLENGE_NAPOLEON_ALT_AGE_COMPLETED_EXPLORATION" scope="Career" difficulty="3">
			<l10n>
				<name>Exploration Complete</name>
				<description>As Napoleon, finish the Exploration Age.</description>
			</l10n>
			<sortIndex>86400</sortIndex>
			<careerConfig statistic="CHALLENGE_STATISTIC_LEADER_NAPOLEON_ALT_EXPLORATION_AGES_COMPLETED" threshold="1" />
			<reward type="XP" reward="25" />
		</challenge>
		<challenge id="CHALLENGE_NAPOLEON_ALT_AGE_COMPLETED_EXPLORATION_2" scope="Career" difficulty="3">
			<l10n>
				<name>Exploration Complete 2</name>
				<description>As Napoleon, finish the Exploration Age twice.</description>
			</l10n>
			<sortIndex>86410</sortIndex>
			<careerConfig statistic="CHALLENGE_STATISTIC_LEADER_NAPOLEON_ALT_EXPLORATION_AGES_COMPLETED" threshold="2" />
			<reward type="XP" reward="25" />
		</challenge>
		<challenge id="CHALLENGE_NAPOLEON_ALT_AGE_COMPLETED_EXPLORATION_3" scope="Career" difficulty="3">
			<l10n>
				<name>Exploration Complete 3</name>
				<description>As Napoleon, finish the Exploration Age thrice.</description>
			</l10n>
			<sortIndex>86420</sortIndex>
			<careerConfig statistic="CHALLENGE_STATISTIC_LEADER_NAPOLEON_ALT_EXPLORATION_AGES_COMPLETED" threshold="3" />
			<reward type="XP" reward="25" />
		</challenge>
		<challenge id="CHALLENGE_NAPOLEON_ALT_AGE_COMPLETED_MODERN" scope="Career" difficulty="3">
			<l10n>
				<name>Modern Complete</name>
				<description>As Napoleon, finish the Modern Age.</description>
			</l10n>
			<sortIndex>87000</sortIndex>
			<careerConfig statistic="CHALLENGE_STATISTIC_LEADER_NAPOLEON_ALT_MODERN_AGES_COMPLETED" threshold="1" />
			<reward type="XP" reward="25" />
		</challenge>
		<challenge id="CHALLENGE_NAPOLEON_ALT_AGE_COMPLETED_MODERN_2" scope="Career" difficulty="3">
			<l10n>
				<name>Modern Complete 2</name>
				<description>As Napoleon, finish the Modern Age twice.</description>
			</l10n>
			<sortIndex>87010</sortIndex>
			<careerConfig statistic="CHALLENGE_STATISTIC_LEADER_NAPOLEON_ALT_MODERN_AGES_COMPLETED" threshold="2" />
			<reward type="XP" reward="25" />
		</challenge>
		<challenge id="CHALLENGE_NAPOLEON_ALT_AGE_COMPLETED_MODERN_3" scope="Career" difficulty="3">
			<l10n>
				<name>Modern Complete 3</name>
				<description>As Napoleon, finish the Modern Age thrice.</description>
			</l10n>
			<sortIndex>87020</sortIndex>
			<careerConfig statistic="CHALLENGE_STATISTIC_LEADER_NAPOLEON_ALT_MODERN_AGES_COMPLETED" threshold="3" />
			<reward type="XP" reward="25" />
		</challenge>
		<challenge id="CHALLENGE_NAPOLEON_ALT_PLAY_GAMES_1" scope="Career" difficulty="1">
			<l10n>
				<name>Play Game 1</name>
				<description>As Napoleon Revolutionary, reach at least 1 Legacy Path Milestone.</description>
			</l10n>
			<sortIndex>87600</sortIndex>
			<careerConfig statistic="CHALLENGE_STATISTIC_LEADER_NAPOLEON_ALT_LEGACY_PATH_MILESTONE_COMPLETED" threshold="1" />
			<reward type="XP" reward="25" />
		</challenge>
		<challenge id="CHALLENGE_NAPOLEON_ALT_PLAY_GAMES_2" scope="Career" difficulty="1">
			<l10n>
				<name>Play Game 2</name>
				<description>As Napoleon Revolutionary, reach at least 2 Legacy Path Milestones.</description>
			</l10n>
			<sortIndex>87700</sortIndex>
			<careerConfig statistic="CHALLENGE_STATISTIC_LEADER_NAPOLEON_ALT_LEGACY_PATH_MILESTONE_COMPLETED" threshold="2" />
			<reward type="XP" reward="25" />
		</challenge>
		<challenge id="CHALLENGE_NAPOLEON_ALT_PLAY_GAMES_3" scope="Career" difficulty="1">
			<l10n>
				<name>Play Game 3</name>
				<description>As Napoleon Revolutionary, reach at least 3 Legacy Path Milestones.</description>
			</l10n>
			<sortIndex>87800</sortIndex>
			<careerConfig statistic="CHALLENGE_STATISTIC_LEADER_NAPOLEON_ALT_LEGACY_PATH_MILESTONE_COMPLETED" threshold="3" />
			<reward type="XP" reward="25" />
		</challenge>
		<challenge id="CHALLENGE_NAPOLEON_ALT_SCIENCE_VICTORY_ANTIQUITY" scope="Career" difficulty="3">
			<l10n>
				<name>Great Library</name>
				<description>As Napoleon Revolutionary, complete the Great Library Legacy Path.</description>
			</l10n>
			<sortIndex>86100</sortIndex>
			<careerConfig statistic="CHALLENGE_STATISTIC_LEADER_NAPOLEON_ALT_SCIENCE_VICTORY_ANTIQUITY" threshold="1" />
			<reward type="XP" reward="50" />
		</challenge>
		<challenge id="CHALLENGE_NAPOLEON_ALT_SCIENCE_VICTORY_ANTIQUITY_2" scope="Career" difficulty="3">
			<l10n>
				<name>Great Library 2</name>
				<description>As Napoleon Revolutionary, complete the Great Library Legacy Path twice.</description>
			</l10n>
			<sortIndex>86110</sortIndex>
			<careerConfig statistic="CHALLENGE_STATISTIC_LEADER_NAPOLEON_ALT_SCIENCE_VICTORY_ANTIQUITY" threshold="2" />
			<reward type="XP" reward="25" />
		</challenge>
		<challenge id="CHALLENGE_NAPOLEON_ALT_SCIENCE_VICTORY_ANTIQUITY_3" scope="Career" difficulty="3">
			<l10n>
				<name>Great Library 3</name>
				<description>As Napoleon Revolutionary, complete the Great Library Legacy Path thrice.</description>
			</l10n>
			<sortIndex>86120</sortIndex>
			<careerConfig statistic="CHALLENGE_STATISTIC_LEADER_NAPOLEON_ALT_SCIENCE_VICTORY_ANTIQUITY" threshold="3" />
			<reward type="XP" reward="25" />
		</challenge>
		<challenge id="CHALLENGE_NAPOLEON_ALT_SCIENCE_VICTORY_EXPLORATION" scope="Career" difficulty="3">
			<l10n>
				<name>Enlightenment</name>
				<description>As Napoleon Revolutionary, complete the Enlightenment Legacy Path.</description>
			</l10n>
			<sortIndex>86700</sortIndex>
			<careerConfig statistic="CHALLENGE_STATISTIC_LEADER_NAPOLEON_ALT_SCIENCE_VICTORY_EXPLORATION" threshold="1" />
			<reward type="XP" reward="50" />
		</challenge>
		<challenge id="CHALLENGE_NAPOLEON_ALT_SCIENCE_VICTORY_EXPLORATION_2" scope="Career" difficulty="3">
			<l10n>
				<name>Enlightenment 2</name>
				<description>As Napoleon Revolutionary, complete the Enlightenment Legacy Path twice.</description>
			</l10n>
			<sortIndex>86710</sortIndex>
			<careerConfig statistic="CHALLENGE_STATISTIC_LEADER_NAPOLEON_ALT_SCIENCE_VICTORY_EXPLORATION" threshold="2" />
			<reward type="XP" reward="25" />
		</challenge>
		<challenge id="CHALLENGE_NAPOLEON_ALT_SCIENCE_VICTORY_EXPLORATION_3" scope="Career" difficulty="3">
			<l10n>
				<name>Enlightenment 3</name>
				<description>As Napoleon Revolutionary, complete the Enlightenment Legacy Path thrice.</description>
			</l10n>
			<sortIndex>86720</sortIndex>
			<careerConfig statistic="CHALLENGE_STATISTIC_LEADER_NAPOLEON_ALT_SCIENCE_VICTORY_EXPLORATION" threshold="3" />
			<reward type="XP" reward="25" />
		</challenge>
		<challenge id="CHALLENGE_NAPOLEON_ALT_SCIENCE_VICTORY_MODERN" scope="Career" difficulty="3">
			<l10n>
				<name>Space Race</name>
				<description>As Napoleon Revolutionary, complete the Space Race Legacy Path.</description>
			</l10n>
			<sortIndex>87300</sortIndex>
			<careerConfig statistic="CHALLENGE_STATISTIC_LEADER_NAPOLEON_ALT_SCIENCE_VICTORY_MODERN" threshold="1" />
			<reward type="XP" reward="50" />
		</challenge>
		<challenge id="CHALLENGE_NAPOLEON_ALT_SCIENCE_VICTORY_MODERN_2" scope="Career" difficulty="3">
			<l10n>
				<name>Space Race 2</name>
				<description>As Napoleon Revolutionary, complete the Space Race Legacy Path twice.</description>
			</l10n>
			<sortIndex>87310</sortIndex>
			<careerConfig statistic="CHALLENGE_STATISTIC_LEADER_NAPOLEON_ALT_SCIENCE_VICTORY_MODERN" threshold="2" />
			<reward type="XP" reward="25" />
		</challenge>
		<challenge id="CHALLENGE_NAPOLEON_ALT_SCIENCE_VICTORY_MODERN_3" scope="Career" difficulty="3">
			<l10n>
				<name>Space Race 3</name>
				<description>As Napoleon Revolutionary, complete the Space Race Legacy Path thrice.</description>
			</l10n>
			<sortIndex>87320</sortIndex>
			<careerConfig statistic="CHALLENGE_STATISTIC_LEADER_NAPOLEON_ALT_SCIENCE_VICTORY_MODERN" threshold="3" />
			<reward type="XP" reward="25" />
		</challenge>
		<challenge id="CHALLENGE_NAPOLEON_ALT_CULTURE_VICTORY_ANTIQUITY" scope="Career" difficulty="3">
			<l10n>
				<name>Wonders of the Ancient World</name>
				<description>As Napoleon Revolutionary, complete the Wonders of the Ancient World Legacy Path.</description>
			</l10n>
			<sortIndex>85900</sortIndex>
			<careerConfig statistic="CHALLENGE_STATISTIC_LEADER_NAPOLEON_ALT_CULTURE_VICTORY_ANTIQUITY" threshold="1" />
			<reward type="XP" reward="50" />
		</challenge>
		<challenge id="CHALLENGE_NAPOLEON_ALT_CULTURE_VICTORY_ANTIQUITY_2" scope="Career" difficulty="3">
			<l10n>
				<name>Wonders of the Ancient World 2</name>
				<description>As Napoleon Revolutionary, complete the Wonders of the Ancient World Legacy Path twice.</description>
			</l10n>
			<sortIndex>85910</sortIndex>
			<careerConfig statistic="CHALLENGE_STATISTIC_LEADER_NAPOLEON_ALT_CULTURE_VICTORY_ANTIQUITY" threshold="2" />
			<reward type="XP" reward="25" />
		</challenge>
		<challenge id="CHALLENGE_NAPOLEON_ALT_CULTURE_VICTORY_ANTIQUITY_3" scope="Career" difficulty="3">
			<l10n>
				<name>Wonders of the Ancient World 3</name>
				<description>As Napoleon Revolutionary, complete the Wonders of the Ancient World Legacy Path thrice.</description>
			</l10n>
			<sortIndex>85920</sortIndex>
			<careerConfig statistic="CHALLENGE_STATISTIC_LEADER_NAPOLEON_ALT_CULTURE_VICTORY_ANTIQUITY" threshold="3" />
			<reward type="XP" reward="25" />
		</challenge>
		<challenge id="CHALLENGE_NAPOLEON_ALT_CULTURE_VICTORY_EXPLORATION" scope="Career" difficulty="3">
			<l10n>
				<name>Toshakhana</name>
				<description>As Napoleon Revolutionary, complete the Toshakhana Legacy Path.</description>
			</l10n>
			<sortIndex>86500</sortIndex>
			<careerConfig statistic="CHALLENGE_STATISTIC_LEADER_NAPOLEON_ALT_CULTURE_VICTORY_EXPLORATION" threshold="1" />
			<reward type="XP" reward="50" />
		</challenge>
		<challenge id="CHALLENGE_NAPOLEON_ALT_CULTURE_VICTORY_EXPLORATION_2" scope="Career" difficulty="3">
			<l10n>
				<name>Toshakhana 2</name>
				<description>As Napoleon Revolutionary, complete the Toshakhana Legacy Path twice.</description>
			</l10n>
			<sortIndex>86510</sortIndex>
			<careerConfig statistic="CHALLENGE_STATISTIC_LEADER_NAPOLEON_ALT_CULTURE_VICTORY_EXPLORATION" threshold="2" />
			<reward type="XP" reward="25" />
		</challenge>
		<challenge id="CHALLENGE_NAPOLEON_ALT_CULTURE_VICTORY_EXPLORATION_3" scope="Career" difficulty="3">
			<l10n>
				<name>Toshakhana 3</name>
				<description>As Napoleon Revolutionary, complete the Toshakhana Legacy Path thrice.</description>
			</l10n>
			<sortIndex>86520</sortIndex>
			<careerConfig statistic="CHALLENGE_STATISTIC_LEADER_NAPOLEON_ALT_CULTURE_VICTORY_EXPLORATION" threshold="3" />
			<reward type="XP" reward="25" />
		</challenge>
		<challenge id="CHALLENGE_NAPOLEON_ALT_CULTURE_VICTORY_MODERN" scope="Career" difficulty="3">
			<l10n>
				<name>Geographic Society</name>
				<description>As Napoleon Revolutionary, complete the Geographic Society Legacy Path.</description>
			</l10n>
			<sortIndex>87400</sortIndex>
			<careerConfig statistic="CHALLENGE_STATISTIC_LEADER_NAPOLEON_ALT_CULTURE_VICTORY_MODERN" threshold="1" />
			<reward type="XP" reward="50" />
		</challenge>
		<challenge id="CHALLENGE_NAPOLEON_ALT_CULTURE_VICTORY_MODERN_2" scope="Career" difficulty="3">
			<l10n>
				<name>Geographic Society 2</name>
				<description>As Napoleon Revolutionary, complete the Geographic Society Legacy Path twice.</description>
			</l10n>
			<sortIndex>87410</sortIndex>
			<careerConfig statistic="CHALLENGE_STATISTIC_LEADER_NAPOLEON_ALT_CULTURE_VICTORY_MODERN" threshold="2" />
			<reward type="XP" reward="25" />
		</challenge>
		<challenge id="CHALLENGE_NAPOLEON_ALT_CULTURE_VICTORY_MODERN_3" scope="Career" difficulty="3">
			<l10n>
				<name>Geographic Society 3</name>
				<description>As Napoleon Revolutionary, complete the Geographic Society Legacy Path thrice.</description>
			</l10n>
			<sortIndex>87420</sortIndex>
			<careerConfig statistic="CHALLENGE_STATISTIC_LEADER_NAPOLEON_ALT_CULTURE_VICTORY_MODERN" threshold="3" />
			<reward type="XP" reward="25" />
		</challenge>
		<challenge id="CHALLENGE_NAPOLEON_ALT_FLAWLESS_VICTORY_ANTIQUITY" scope="Campaign" difficulty="4">
			<l10n>
				<name>Dual Legacies, Antiquity</name>
				<description>As Napoleon Revolutionary, complete 2 Legacy Paths in a single Antiquity Age.</description>
			</l10n>
			<sortIndex>86300</sortIndex>
			<campaignConfig event="CHALLENGE_EVENT_LEADER_NAPOLEON_ALT_FLAWLESS_VICTORY_ACHIEVED" />
			<rules>
				<rule type="and">
					<rule type="equals" var="legacyPathCount">2</rule>
					<rule type="equals" var="age">AGE_ANTIQUITY</rule>
				</rule>
			</rules>
			<reward type="XP" reward="50" />
		</challenge>
		<challenge id="CHALLENGE_NAPOLEON_ALT_FLAWLESS_VICTORY_EXPLORATION" scope="Campaign" difficulty="4">
			<l10n>
				<name>Dual Legacies, Exploration</name>
				<description>As Napoleon Revolutionary, complete 2 Legacy Paths in a single Exploration Age.</description>
			</l10n>
			<sortIndex>86900</sortIndex>
			<campaignConfig event="CHALLENGE_EVENT_LEADER_NAPOLEON_ALT_FLAWLESS_VICTORY_ACHIEVED" />
			<rules>
				<rule type="and">
					<rule type="equals" var="legacyPathCount">2</rule>
					<rule type="equals" var="age">AGE_EXPLORATION</rule>
				</rule>
			</rules>
			<reward type="XP" reward="50" />
		</challenge>
		<challenge id="CHALLENGE_NAPOLEON_ALT_FLAWLESS_VICTORY_MODERN" scope="Campaign" difficulty="4">
			<l10n>
				<name>Dual Legacies, Modern</name>
				<description>As Napoleon Revolutionary, complete 2 Legacy Paths in a single Modern Age.</description>
			</l10n>
			<sortIndex>87500</sortIndex>
			<campaignConfig event="CHALLENGE_EVENT_LEADER_NAPOLEON_ALT_FLAWLESS_VICTORY_ACHIEVED" />
			<rules>
				<rule type="and">
					<rule type="equals" var="legacyPathCount">2</rule>
					<rule type="equals" var="age">AGE_MODERN</rule>
				</rule>
			</rules>
			<reward type="XP" reward="50" />
		</challenge>
		<challenge id="CHALLENGE_NAPOLEON_ALT_QUEST_A_ANTIQUITY" scope="Campaign" difficulty="2">
			<l10n>
				<name>Independence</name>
				<description>As Napoleon, Revolutionary, in Antiquity, complete a quest to listen to the people's ideas.</description>
			</l10n>
			<sortIndex>87850</sortIndex>
			<reward type="XP" reward="50" />
		</challenge>
		<challenge id="CHALLENGE_NAPOLEON_ALT_QUEST_B_ANTIQUITY" scope="Campaign" difficulty="2">
			<l10n>
				<name>Independents</name>
				<description>As Napoleon, Revolutionary, in Antiquity, complete a quest to claim true authority.</description>
			</l10n>
			<sortIndex>87855</sortIndex>
			<reward type="XP" reward="50" />
		</challenge>
		<challenge id="CHALLENGE_NAPOLEON_ALT_QUEST_A_EXPLORATION" scope="Campaign" difficulty="2">
			<l10n>
				<name>A Mass for the Masses</name>
				<description>As Napoleon, Revolutionary, in Exploration, complete a quest to watch the faithful gather.</description>
			</l10n>
			<sortIndex>87860</sortIndex>
			<reward type="XP" reward="50" />
		</challenge>
		<challenge id="CHALLENGE_NAPOLEON_ALT_QUEST_B_EXPLORATION" scope="Campaign" difficulty="2">
			<l10n>
				<name>Le Petit Caporal</name>
				<description>As Napoleon, Revolutionary, in Exploration, complete a quest to satisfy a vision of dominance.</description>
			</l10n>
			<sortIndex>87865</sortIndex>
			<reward type="XP" reward="50" />
		</challenge>
		<challenge id="CHALLENGE_NAPOLEON_ALT_QUEST_A_MODERN" scope="Campaign" difficulty="2">
			<l10n>
				<name>The 18th Brumaire</name>
				<description>As Napoleon, Revolutionary, in Modern, complete a quest to rewrite history.</description>
			</l10n>
			<sortIndex>87870</sortIndex>
			<reward type="XP" reward="50" />
		</challenge>
		<challenge id="CHALLENGE_NAPOLEON_ALT_QUEST_B_MODERN" scope="Campaign" difficulty="2">
			<l10n>
				<name>The 11th Frimaire</name>
				<description>As Napoleon, Revolutionary, in Modern, complete a quest to rain fire from the heavens.</description>
			</l10n>
			<sortIndex>87875</sortIndex>
			<reward type="XP" reward="50" />
		</challenge>
		<challenge id="CHALLENGE_NAPOLEON_ALT_UNLOCKED_STRATEGYCARDS_EXPLORATION" scope="Campaign" difficulty="1" hidden="true" allowRewardWhenHidden="true">
			<l10n>
				<name>Age Transition Card Exploration</name>
				<description>As Napoleon Revolutionary unlock age transition legend strategycards for exploration age.</description>
			</l10n>
			<sortIndex>87501</sortIndex>
			<reward type="UnlockableReward" reward="STRATEGYCARD_AS_NAPOLEON_REVOLUTIONARY_EXPLORATION_1" />
			<reward type="UnlockableReward" reward="STRATEGYCARD_AS_NAPOLEON_REVOLUTIONARY_EXPLORATION_2" />
		</challenge>
		<challenge id="CHALLENGE_NAPOLEON_ALT_UNLOCKED_STRATEGYCARDS_MODERN" scope="Campaign" difficulty="1" hidden="true" allowRewardWhenHidden="true">
			<l10n>
				<name>Age Transition Card Modern</name>
				<description>As Napoleon Revolutionary unlock age transition legend strategycards for modern age.</description>
			</l10n>
			<sortIndex>87502</sortIndex>
			<reward type="UnlockableReward" reward="STRATEGYCARD_AS_NAPOLEON_REVOLUTIONARY_MODERN_1" />
			<reward type="UnlockableReward" reward="STRATEGYCARD_AS_NAPOLEON_REVOLUTIONARY_MODERN_2" />
		</challenge>
	</challenges>
</metaprogression>