<?xml version="1.0" encoding="utf-8"?>
<!-- !! DO NOT EDIT THIS FILE !! -->
<!-- This file was automatically generated via the metaprogression generation workflow. -->
<Database>
	<LegendPaths>
		<Row LegendPathType="LEGEND_PATH_BOLIVAR" LegendPathName="LOC_LEADER_BOLIVAR_NAME" DNAChallengeStatisticID="6bf415ce-3022-48b1-b316-292828be72b5" SortIndex="40" />
	</LegendPaths>
	<LegendPathsLevels>
		<Row LegendPathType="LEGEND_PATH_BOLIVAR" DnaId="6313fbfd-fca9-4d2f-8965-37f5289a02eb" Level="2" Threshold="100" />
		<Row LegendPathType="LEGEND_PATH_BOLIVAR" DnaId="825dba98-71f8-4c48-b538-b5389e5c0773" Level="3" Threshold="250" />
		<Row LegendPathType="LEGEND_PATH_BOLIVAR" DnaId="d2eb847e-d794-4a53-8ec3-dfd943aede24" Level="4" Threshold="400" />
		<Row LegendPathType="LEGEND_PATH_BOLIVAR" DnaId="218fa22f-0256-4073-960b-cae3a8394346" Level="5" Threshold="550" />
		<Row LegendPathType="LEGEND_PATH_BOLIVAR" DnaId="f2fa8942-ceab-4513-b959-3cb4b1bea048" Level="6" Threshold="700" />
		<Row LegendPathType="LEGEND_PATH_BOLIVAR" DnaId="e40abaa2-862b-4df0-a1db-1b700aa3bf4e" Level="7" Threshold="850" />
		<Row LegendPathType="LEGEND_PATH_BOLIVAR" DnaId="b31245d5-7732-445d-a5a8-6f3a32801e82" Level="8" Threshold="1000" />
		<Row LegendPathType="LEGEND_PATH_BOLIVAR" DnaId="274b9451-0b04-4bc9-807c-e4e8b8a8a76d" Level="9" Threshold="1150" />
		<Row LegendPathType="LEGEND_PATH_BOLIVAR" DnaId="0bbe0f18-645c-4dc4-83e8-d2eac30b1574" Level="10" Threshold="1300" />
	</LegendPathsLevels>
	<LegendPathsRewards>
		<Row LegendPathType="LEGEND_PATH_BOLIVAR" Level="2" Reward="MEMENTO_BOLIVAR_GOLD_SNUFF_BOX" />
		<Row LegendPathType="LEGEND_PATH_BOLIVAR" Level="3" Reward="NODE_ATTRIBUTE_EXPANSIONIST_LEGEND_BOLIVAR_L1" />
		<Row LegendPathType="LEGEND_PATH_BOLIVAR" Level="4" Reward="STRATEGYCARD_BOLIVAR_EXPLORATION_1" />
		<Row LegendPathType="LEGEND_PATH_BOLIVAR" Level="4" Reward="STRATEGYCARD_BOLIVAR_EXPLORATION_2" />
		<Row LegendPathType="LEGEND_PATH_BOLIVAR" Level="5" Reward="MEMENTO_BOLIVAR_DAVALOS_MEDAL" />
		<Row LegendPathType="LEGEND_PATH_BOLIVAR" Level="6" Reward="BANNER_BOLIVAR" />
		<Row LegendPathType="LEGEND_PATH_BOLIVAR" Level="6" Reward="BADGE_BOLIVAR" />
		<Row LegendPathType="LEGEND_PATH_BOLIVAR" Level="7" Reward="NODE_ATTRIBUTE_MILITARISTIC_LEGEND_BOLIVAR_L2" />
		<Row LegendPathType="LEGEND_PATH_BOLIVAR" Level="8" Reward="STRATEGYCARD_BOLIVAR_MODERN_1" />
		<Row LegendPathType="LEGEND_PATH_BOLIVAR" Level="8" Reward="STRATEGYCARD_BOLIVAR_MODERN_2" />
		<Row LegendPathType="LEGEND_PATH_BOLIVAR" Level="9" Reward="MEMENTO_BOLIVAR_LETTER_TO_JAMAICA" />
		<Row LegendPathType="LEGEND_PATH_BOLIVAR" Level="10" Reward="TITLE_BOLIVAR" />
		<Row LegendPathType="LEGEND_PATH_BOLIVAR" Level="10" Reward="BADGE_BOLIVAR_P" />
	</LegendPathsRewards>
	<Challenges>
		<Row ChallengeType="CHALLENGE_BOLIVAR_MILITARY_VICTORY_ANTIQUITY" DNAChallengeID="96cef386-9019-4d4e-bda3-7ecc9641fe55" DNAStatisticID="2b1de9ee-4e4f-4715-ad3e-801c13e981ba" ChallengeClass="CHALLENGE_CLASS_LEADER" ChallengeCategory="CHALLENGE_CATEGORY_LEADER_BOLIVAR" Difficulty="3" SortIndex="92600" />
		<Row ChallengeType="CHALLENGE_BOLIVAR_MILITARY_VICTORY_ANTIQUITY_2" DNAChallengeID="40285684-2184-4c84-abe7-13ac87b498ee" DNAStatisticID="2b1de9ee-4e4f-4715-ad3e-801c13e981ba" ChallengeClass="CHALLENGE_CLASS_LEADER" ChallengeCategory="CHALLENGE_CATEGORY_LEADER_BOLIVAR" Difficulty="3" SortIndex="92610" />
		<Row ChallengeType="CHALLENGE_BOLIVAR_MILITARY_VICTORY_ANTIQUITY_3" DNAChallengeID="b25a6e19-8ca0-447a-81cf-e3dfa75d63b3" DNAStatisticID="2b1de9ee-4e4f-4715-ad3e-801c13e981ba" ChallengeClass="CHALLENGE_CLASS_LEADER" ChallengeCategory="CHALLENGE_CATEGORY_LEADER_BOLIVAR" Difficulty="3" SortIndex="92620" />
		<Row ChallengeType="CHALLENGE_BOLIVAR_ECONOMIC_VICTORY_ANTIQUITY" DNAChallengeID="70b6333d-89d6-4170-af0e-650ddd90c0eb" DNAStatisticID="a5845410-4ce0-499f-853e-ed5f8e7edb8c" ChallengeClass="CHALLENGE_CLASS_LEADER" ChallengeCategory="CHALLENGE_CATEGORY_LEADER_BOLIVAR" Difficulty="3" SortIndex="92800" />
		<Row ChallengeType="CHALLENGE_BOLIVAR_ECONOMIC_VICTORY_ANTIQUITY_2" DNAChallengeID="d65552f1-5434-445b-93d0-a936e8c30c96" DNAStatisticID="a5845410-4ce0-499f-853e-ed5f8e7edb8c" ChallengeClass="CHALLENGE_CLASS_LEADER" ChallengeCategory="CHALLENGE_CATEGORY_LEADER_BOLIVAR" Difficulty="3" SortIndex="92810" />
		<Row ChallengeType="CHALLENGE_BOLIVAR_ECONOMIC_VICTORY_ANTIQUITY_3" DNAChallengeID="01e6f150-5527-4a50-9f28-e9d1ea48506b" DNAStatisticID="a5845410-4ce0-499f-853e-ed5f8e7edb8c" ChallengeClass="CHALLENGE_CLASS_LEADER" ChallengeCategory="CHALLENGE_CATEGORY_LEADER_BOLIVAR" Difficulty="3" SortIndex="92820" />
		<Row ChallengeType="CHALLENGE_BOLIVAR_MILITARY_VICTORY_EXPLORATION" DNAChallengeID="98641551-57ac-4470-93eb-936b29c8af8a" DNAStatisticID="3003caa2-920e-4e84-a1f0-b0827deb26f4" ChallengeClass="CHALLENGE_CLASS_LEADER" ChallengeCategory="CHALLENGE_CATEGORY_LEADER_BOLIVAR" Difficulty="3" SortIndex="93200" />
		<Row ChallengeType="CHALLENGE_BOLIVAR_MILITARY_VICTORY_EXPLORATION_2" DNAChallengeID="49f7fca4-c586-4c7a-9adf-6beed007a8f6" DNAStatisticID="3003caa2-920e-4e84-a1f0-b0827deb26f4" ChallengeClass="CHALLENGE_CLASS_LEADER" ChallengeCategory="CHALLENGE_CATEGORY_LEADER_BOLIVAR" Difficulty="3" SortIndex="93210" />
		<Row ChallengeType="CHALLENGE_BOLIVAR_MILITARY_VICTORY_EXPLORATION_3" DNAChallengeID="4a9b7578-3e11-4630-85bb-18a056adf877" DNAStatisticID="3003caa2-920e-4e84-a1f0-b0827deb26f4" ChallengeClass="CHALLENGE_CLASS_LEADER" ChallengeCategory="CHALLENGE_CATEGORY_LEADER_BOLIVAR" Difficulty="3" SortIndex="93220" />
		<Row ChallengeType="CHALLENGE_BOLIVAR_ECONOMIC_VICTORY_EXPLORATION" DNAChallengeID="8ad61c65-684c-4ab6-bb74-e1337769162e" DNAStatisticID="d8b6d3ac-07a4-4320-bc72-467a6766b085" ChallengeClass="CHALLENGE_CLASS_LEADER" ChallengeCategory="CHALLENGE_CATEGORY_LEADER_BOLIVAR" Difficulty="3" SortIndex="93400" />
		<Row ChallengeType="CHALLENGE_BOLIVAR_ECONOMIC_VICTORY_EXPLORATION_2" DNAChallengeID="cc5b4287-7ab6-478d-8ee9-74db11d30e50" DNAStatisticID="d8b6d3ac-07a4-4320-bc72-467a6766b085" ChallengeClass="CHALLENGE_CLASS_LEADER" ChallengeCategory="CHALLENGE_CATEGORY_LEADER_BOLIVAR" Difficulty="3" SortIndex="93410" />
		<Row ChallengeType="CHALLENGE_BOLIVAR_ECONOMIC_VICTORY_EXPLORATION_3" DNAChallengeID="738144ae-aab7-4f79-8a0f-c470d6fcb8ec" DNAStatisticID="d8b6d3ac-07a4-4320-bc72-467a6766b085" ChallengeClass="CHALLENGE_CLASS_LEADER" ChallengeCategory="CHALLENGE_CATEGORY_LEADER_BOLIVAR" Difficulty="3" SortIndex="93420" />
		<Row ChallengeType="CHALLENGE_BOLIVAR_MILITARY_VICTORY_MODERN" DNAChallengeID="794f4aa9-1c0b-4f8e-91ca-238d38e4adf6" DNAStatisticID="a29f83f5-e423-4dc6-9b08-a8e559a20db7" ChallengeClass="CHALLENGE_CLASS_LEADER" ChallengeCategory="CHALLENGE_CATEGORY_LEADER_BOLIVAR" Difficulty="3" SortIndex="93800" />
		<Row ChallengeType="CHALLENGE_BOLIVAR_MILITARY_VICTORY_MODERN_2" DNAChallengeID="f6f1fb92-cfac-4f1a-8cad-8fef4fa4a70f" DNAStatisticID="a29f83f5-e423-4dc6-9b08-a8e559a20db7" ChallengeClass="CHALLENGE_CLASS_LEADER" ChallengeCategory="CHALLENGE_CATEGORY_LEADER_BOLIVAR" Difficulty="3" SortIndex="93810" />
		<Row ChallengeType="CHALLENGE_BOLIVAR_MILITARY_VICTORY_MODERN_3" DNAChallengeID="c57dfff6-e95e-43cc-8d2e-a441113f2a43" DNAStatisticID="a29f83f5-e423-4dc6-9b08-a8e559a20db7" ChallengeClass="CHALLENGE_CLASS_LEADER" ChallengeCategory="CHALLENGE_CATEGORY_LEADER_BOLIVAR" Difficulty="3" SortIndex="93820" />
		<Row ChallengeType="CHALLENGE_BOLIVAR_ECONOMIC_VICTORY_MODERN" DNAChallengeID="6cf566cf-72db-4de9-9a0e-bd1dbc972bb2" DNAStatisticID="139db2bc-ccb5-4f93-afc5-815be85f7ebf" ChallengeClass="CHALLENGE_CLASS_LEADER" ChallengeCategory="CHALLENGE_CATEGORY_LEADER_BOLIVAR" Difficulty="3" SortIndex="93700" />
		<Row ChallengeType="CHALLENGE_BOLIVAR_ECONOMIC_VICTORY_MODERN_2" DNAChallengeID="3542c4e1-ae38-401c-9095-f0afcf90b069" DNAStatisticID="139db2bc-ccb5-4f93-afc5-815be85f7ebf" ChallengeClass="CHALLENGE_CLASS_LEADER" ChallengeCategory="CHALLENGE_CATEGORY_LEADER_BOLIVAR" Difficulty="3" SortIndex="93710" />
		<Row ChallengeType="CHALLENGE_BOLIVAR_ECONOMIC_VICTORY_MODERN_3" DNAChallengeID="60c8f44b-afb1-45b0-8ecf-b7cfd2a6e5ca" DNAStatisticID="139db2bc-ccb5-4f93-afc5-815be85f7ebf" ChallengeClass="CHALLENGE_CLASS_LEADER" ChallengeCategory="CHALLENGE_CATEGORY_LEADER_BOLIVAR" Difficulty="3" SortIndex="93720" />
		<Row ChallengeType="CHALLENGE_BOLIVAR_AGE_COMPLETED_ANTIQUITY" DNAChallengeID="e4d84a09-1f01-4924-88ea-e846fd3e086a" DNAStatisticID="d7165356-337e-434c-b9a7-39bafa4473b8" ChallengeClass="CHALLENGE_CLASS_LEADER" ChallengeCategory="CHALLENGE_CATEGORY_LEADER_BOLIVAR" Difficulty="2" SortIndex="92400" />
		<Row ChallengeType="CHALLENGE_BOLIVAR_AGE_COMPLETED_ANTIQUITY_2" DNAChallengeID="a00aa097-553e-4303-a7c2-24a801f2e3fc" DNAStatisticID="d7165356-337e-434c-b9a7-39bafa4473b8" ChallengeClass="CHALLENGE_CLASS_LEADER" ChallengeCategory="CHALLENGE_CATEGORY_LEADER_BOLIVAR" Difficulty="2" SortIndex="92410" />
		<Row ChallengeType="CHALLENGE_BOLIVAR_AGE_COMPLETED_ANTIQUITY_3" DNAChallengeID="9f8f4f0b-cb71-4ae8-94f4-b8a9e1f0ab8b" DNAStatisticID="d7165356-337e-434c-b9a7-39bafa4473b8" ChallengeClass="CHALLENGE_CLASS_LEADER" ChallengeCategory="CHALLENGE_CATEGORY_LEADER_BOLIVAR" Difficulty="2" SortIndex="92420" />
		<Row ChallengeType="CHALLENGE_BOLIVAR_AGE_COMPLETED_EXPLORATION" DNAChallengeID="6a93afd5-603d-4876-a805-7fade194490e" DNAStatisticID="7a37ed77-4c36-40f8-b754-42b69e13e1a6" ChallengeClass="CHALLENGE_CLASS_LEADER" ChallengeCategory="CHALLENGE_CATEGORY_LEADER_BOLIVAR" Difficulty="3" SortIndex="93000" />
		<Row ChallengeType="CHALLENGE_BOLIVAR_AGE_COMPLETED_EXPLORATION_2" DNAChallengeID="6e30ef8f-287b-4efa-ba2a-91e3055625da" DNAStatisticID="7a37ed77-4c36-40f8-b754-42b69e13e1a6" ChallengeClass="CHALLENGE_CLASS_LEADER" ChallengeCategory="CHALLENGE_CATEGORY_LEADER_BOLIVAR" Difficulty="3" SortIndex="93010" />
		<Row ChallengeType="CHALLENGE_BOLIVAR_AGE_COMPLETED_EXPLORATION_3" DNAChallengeID="9d24049c-8c1a-46fa-8029-537786c91eb3" DNAStatisticID="7a37ed77-4c36-40f8-b754-42b69e13e1a6" ChallengeClass="CHALLENGE_CLASS_LEADER" ChallengeCategory="CHALLENGE_CATEGORY_LEADER_BOLIVAR" Difficulty="3" SortIndex="93020" />
		<Row ChallengeType="CHALLENGE_BOLIVAR_AGE_COMPLETED_MODERN" DNAChallengeID="20cefa00-d538-418f-afa2-a49b66920c39" DNAStatisticID="89b88fc4-fe0e-480c-95b6-ecf9c5ad0e15" ChallengeClass="CHALLENGE_CLASS_LEADER" ChallengeCategory="CHALLENGE_CATEGORY_LEADER_BOLIVAR" Difficulty="3" SortIndex="93600" />
		<Row ChallengeType="CHALLENGE_BOLIVAR_AGE_COMPLETED_MODERN_2" DNAChallengeID="b2b35db5-4d2b-410b-918b-08ecff018dfb" DNAStatisticID="89b88fc4-fe0e-480c-95b6-ecf9c5ad0e15" ChallengeClass="CHALLENGE_CLASS_LEADER" ChallengeCategory="CHALLENGE_CATEGORY_LEADER_BOLIVAR" Difficulty="3" SortIndex="93610" />
		<Row ChallengeType="CHALLENGE_BOLIVAR_AGE_COMPLETED_MODERN_3" DNAChallengeID="f6d35d88-ce4e-4da5-935a-4f6437caed6b" DNAStatisticID="89b88fc4-fe0e-480c-95b6-ecf9c5ad0e15" ChallengeClass="CHALLENGE_CLASS_LEADER" ChallengeCategory="CHALLENGE_CATEGORY_LEADER_BOLIVAR" Difficulty="3" SortIndex="93620" />
		<Row ChallengeType="CHALLENGE_BOLIVAR_PLAY_GAMES_1" DNAChallengeID="71f2dfc0-6005-4088-94e6-bce5fbbcc0ed" DNAStatisticID="0b938a6a-b5e3-4cbf-a428-75e6e0136bc6" ChallengeClass="CHALLENGE_CLASS_LEADER" ChallengeCategory="CHALLENGE_CATEGORY_LEADER_BOLIVAR" Difficulty="2" SortIndex="94200" />
		<Row ChallengeType="CHALLENGE_BOLIVAR_PLAY_GAMES_2" DNAChallengeID="a5dafe37-3be2-4511-850b-fa6cc6de8e04" DNAStatisticID="0b938a6a-b5e3-4cbf-a428-75e6e0136bc6" ChallengeClass="CHALLENGE_CLASS_LEADER" ChallengeCategory="CHALLENGE_CATEGORY_LEADER_BOLIVAR" Difficulty="2" SortIndex="94300" />
		<Row ChallengeType="CHALLENGE_BOLIVAR_PLAY_GAMES_3" DNAChallengeID="25d0af40-d1c8-4144-8cb7-d4c1573bc8fe" DNAStatisticID="0b938a6a-b5e3-4cbf-a428-75e6e0136bc6" ChallengeClass="CHALLENGE_CLASS_LEADER" ChallengeCategory="CHALLENGE_CATEGORY_LEADER_BOLIVAR" Difficulty="2" SortIndex="94400" />
		<Row ChallengeType="CHALLENGE_BOLIVAR_SCIENCE_VICTORY_ANTIQUITY" DNAChallengeID="fd4cccab-0478-4e6a-982e-a03cdc62ac70" DNAStatisticID="db2e6689-716a-4af7-818f-676b9858dad1" ChallengeClass="CHALLENGE_CLASS_LEADER" ChallengeCategory="CHALLENGE_CATEGORY_LEADER_BOLIVAR" Difficulty="3" SortIndex="92700" />
		<Row ChallengeType="CHALLENGE_BOLIVAR_SCIENCE_VICTORY_ANTIQUITY_2" DNAChallengeID="2034737b-3e57-4499-b4b9-41ff99aa430a" DNAStatisticID="db2e6689-716a-4af7-818f-676b9858dad1" ChallengeClass="CHALLENGE_CLASS_LEADER" ChallengeCategory="CHALLENGE_CATEGORY_LEADER_BOLIVAR" Difficulty="3" SortIndex="92710" />
		<Row ChallengeType="CHALLENGE_BOLIVAR_SCIENCE_VICTORY_ANTIQUITY_3" DNAChallengeID="98e4d0ff-4fcc-4907-829c-117b5e9161c7" DNAStatisticID="db2e6689-716a-4af7-818f-676b9858dad1" ChallengeClass="CHALLENGE_CLASS_LEADER" ChallengeCategory="CHALLENGE_CATEGORY_LEADER_BOLIVAR" Difficulty="3" SortIndex="92720" />
		<Row ChallengeType="CHALLENGE_BOLIVAR_SCIENCE_VICTORY_EXPLORATION" DNAChallengeID="a59a748c-77ee-44ae-9e9e-518a2cf1eb3a" DNAStatisticID="8f6377ff-ec53-48cf-ad97-4ad2edb38a8b" ChallengeClass="CHALLENGE_CLASS_LEADER" ChallengeCategory="CHALLENGE_CATEGORY_LEADER_BOLIVAR" Difficulty="3" SortIndex="93300" />
		<Row ChallengeType="CHALLENGE_BOLIVAR_SCIENCE_VICTORY_EXPLORATION_2" DNAChallengeID="801f29bc-9c69-4b2b-b1ec-b7f06d9eed24" DNAStatisticID="8f6377ff-ec53-48cf-ad97-4ad2edb38a8b" ChallengeClass="CHALLENGE_CLASS_LEADER" ChallengeCategory="CHALLENGE_CATEGORY_LEADER_BOLIVAR" Difficulty="3" SortIndex="93310" />
		<Row ChallengeType="CHALLENGE_BOLIVAR_SCIENCE_VICTORY_EXPLORATION_3" DNAChallengeID="8555cc44-f730-45e0-a026-afa2575a7405" DNAStatisticID="8f6377ff-ec53-48cf-ad97-4ad2edb38a8b" ChallengeClass="CHALLENGE_CLASS_LEADER" ChallengeCategory="CHALLENGE_CATEGORY_LEADER_BOLIVAR" Difficulty="3" SortIndex="93320" />
		<Row ChallengeType="CHALLENGE_BOLIVAR_SCIENCE_VICTORY_MODERN" DNAChallengeID="362ef142-3258-42f0-ad8f-28e9ecced732" DNAStatisticID="e94ce8c8-faf9-4d89-9a0f-c45bf23a0dc1" ChallengeClass="CHALLENGE_CLASS_LEADER" ChallengeCategory="CHALLENGE_CATEGORY_LEADER_BOLIVAR" Difficulty="3" SortIndex="93900" />
		<Row ChallengeType="CHALLENGE_BOLIVAR_SCIENCE_VICTORY_MODERN_2" DNAChallengeID="f92821b5-fa6f-401e-95e5-5f365d6c9b73" DNAStatisticID="e94ce8c8-faf9-4d89-9a0f-c45bf23a0dc1" ChallengeClass="CHALLENGE_CLASS_LEADER" ChallengeCategory="CHALLENGE_CATEGORY_LEADER_BOLIVAR" Difficulty="3" SortIndex="93910" />
		<Row ChallengeType="CHALLENGE_BOLIVAR_SCIENCE_VICTORY_MODERN_3" DNAChallengeID="86a2500c-916d-4ae9-9436-d64a7a403f98" DNAStatisticID="e94ce8c8-faf9-4d89-9a0f-c45bf23a0dc1" ChallengeClass="CHALLENGE_CLASS_LEADER" ChallengeCategory="CHALLENGE_CATEGORY_LEADER_BOLIVAR" Difficulty="3" SortIndex="93920" />
		<Row ChallengeType="CHALLENGE_BOLIVAR_CULTURE_VICTORY_ANTIQUITY" DNAChallengeID="6bc80910-0b32-43a0-b906-d6d2493578eb" DNAStatisticID="cf49c034-7628-46aa-8366-b69cb514a39b" ChallengeClass="CHALLENGE_CLASS_LEADER" ChallengeCategory="CHALLENGE_CATEGORY_LEADER_BOLIVAR" Difficulty="3" SortIndex="92500" />
		<Row ChallengeType="CHALLENGE_BOLIVAR_CULTURE_VICTORY_ANTIQUITY_2" DNAChallengeID="e6d72336-3ac9-4f24-b67a-305feaeba701" DNAStatisticID="cf49c034-7628-46aa-8366-b69cb514a39b" ChallengeClass="CHALLENGE_CLASS_LEADER" ChallengeCategory="CHALLENGE_CATEGORY_LEADER_BOLIVAR" Difficulty="3" SortIndex="92510" />
		<Row ChallengeType="CHALLENGE_BOLIVAR_CULTURE_VICTORY_ANTIQUITY_3" DNAChallengeID="287da655-d784-476e-b2c3-c083baffa804" DNAStatisticID="cf49c034-7628-46aa-8366-b69cb514a39b" ChallengeClass="CHALLENGE_CLASS_LEADER" ChallengeCategory="CHALLENGE_CATEGORY_LEADER_BOLIVAR" Difficulty="3" SortIndex="92520" />
		<Row ChallengeType="CHALLENGE_BOLIVAR_CULTURE_VICTORY_EXPLORATION" DNAChallengeID="69d008b7-268d-4240-93d0-875c00a60efd" DNAStatisticID="c2935abc-1dd6-46f0-8d1e-77f721690297" ChallengeClass="CHALLENGE_CLASS_LEADER" ChallengeCategory="CHALLENGE_CATEGORY_LEADER_BOLIVAR" Difficulty="3" SortIndex="93100" />
		<Row ChallengeType="CHALLENGE_BOLIVAR_CULTURE_VICTORY_EXPLORATION_2" DNAChallengeID="e8572b18-5664-4afe-87bd-ead060a5b1be" DNAStatisticID="c2935abc-1dd6-46f0-8d1e-77f721690297" ChallengeClass="CHALLENGE_CLASS_LEADER" ChallengeCategory="CHALLENGE_CATEGORY_LEADER_BOLIVAR" Difficulty="3" SortIndex="93110" />
		<Row ChallengeType="CHALLENGE_BOLIVAR_CULTURE_VICTORY_EXPLORATION_3" DNAChallengeID="f2d20ebd-bbb2-4e86-83a5-44a4e31d19e2" DNAStatisticID="c2935abc-1dd6-46f0-8d1e-77f721690297" ChallengeClass="CHALLENGE_CLASS_LEADER" ChallengeCategory="CHALLENGE_CATEGORY_LEADER_BOLIVAR" Difficulty="3" SortIndex="93120" />
		<Row ChallengeType="CHALLENGE_BOLIVAR_CULTURE_VICTORY_MODERN" DNAChallengeID="37a3c246-ec1e-40d3-859f-ae99cd963bef" DNAStatisticID="3ebcd89e-136a-41c0-b277-dca8c5027bf4" ChallengeClass="CHALLENGE_CLASS_LEADER" ChallengeCategory="CHALLENGE_CATEGORY_LEADER_BOLIVAR" Difficulty="3" SortIndex="94000" />
		<Row ChallengeType="CHALLENGE_BOLIVAR_CULTURE_VICTORY_MODERN_2" DNAChallengeID="b4fad5bb-8569-476c-ad22-f87081616726" DNAStatisticID="3ebcd89e-136a-41c0-b277-dca8c5027bf4" ChallengeClass="CHALLENGE_CLASS_LEADER" ChallengeCategory="CHALLENGE_CATEGORY_LEADER_BOLIVAR" Difficulty="3" SortIndex="94010" />
		<Row ChallengeType="CHALLENGE_BOLIVAR_CULTURE_VICTORY_MODERN_3" DNAChallengeID="6f8eea50-c3e4-4e65-8ed8-5739a885449e" DNAStatisticID="3ebcd89e-136a-41c0-b277-dca8c5027bf4" ChallengeClass="CHALLENGE_CLASS_LEADER" ChallengeCategory="CHALLENGE_CATEGORY_LEADER_BOLIVAR" Difficulty="3" SortIndex="94020" />
		<Row ChallengeType="CHALLENGE_BOLIVAR_FLAWLESS_VICTORY_ANTIQUITY" DNAChallengeID="90a64382-4e03-407e-89b7-2ef239fe3f28" ChallengeClass="CHALLENGE_CLASS_LEADER" ChallengeCategory="CHALLENGE_CATEGORY_LEADER_BOLIVAR" Difficulty="4" SortIndex="92900" />
		<Row ChallengeType="CHALLENGE_BOLIVAR_FLAWLESS_VICTORY_EXPLORATION" DNAChallengeID="219b7023-8192-491d-b7e0-0fe1c7c9c49f" ChallengeClass="CHALLENGE_CLASS_LEADER" ChallengeCategory="CHALLENGE_CATEGORY_LEADER_BOLIVAR" Difficulty="4" SortIndex="93500" />
		<Row ChallengeType="CHALLENGE_BOLIVAR_FLAWLESS_VICTORY_MODERN" DNAChallengeID="9802f201-d085-4fdd-b9a2-ea2362e1d103" ChallengeClass="CHALLENGE_CLASS_LEADER" ChallengeCategory="CHALLENGE_CATEGORY_LEADER_BOLIVAR" Difficulty="4" SortIndex="94100" />
		<Row ChallengeType="CHALLENGE_BOLIVAR_QUEST_A_ANTIQUITY" DNAChallengeID="c4a7430b-4be5-4617-9437-58e19b6ff9c2" ChallengeClass="CHALLENGE_CLASS_LEADER" ChallengeCategory="CHALLENGE_CATEGORY_LEADER_BOLIVAR" Difficulty="2" SortIndex="98350" />
		<Row ChallengeType="CHALLENGE_BOLIVAR_QUEST_B_ANTIQUITY" DNAChallengeID="fbbe1ab9-f1ae-459e-a468-150a634025a4" ChallengeClass="CHALLENGE_CLASS_LEADER" ChallengeCategory="CHALLENGE_CATEGORY_LEADER_BOLIVAR" Difficulty="2" SortIndex="98355" />
		<Row ChallengeType="CHALLENGE_BOLIVAR_QUEST_A_EXPLORATION" DNAChallengeID="593d61ef-6e4d-447a-b40d-0e5ad9e5ab0e" ChallengeClass="CHALLENGE_CLASS_LEADER" ChallengeCategory="CHALLENGE_CATEGORY_LEADER_BOLIVAR" Difficulty="2" SortIndex="98360" />
		<Row ChallengeType="CHALLENGE_BOLIVAR_QUEST_B_EXPLORATION" DNAChallengeID="22c7a69d-5171-4e27-8c98-86244bdfca97" ChallengeClass="CHALLENGE_CLASS_LEADER" ChallengeCategory="CHALLENGE_CATEGORY_LEADER_BOLIVAR" Difficulty="2" SortIndex="98365" />
		<Row ChallengeType="CHALLENGE_BOLIVAR_QUEST_A_MODERN" DNAChallengeID="b8ded6f5-23b6-4ab1-bedf-0c0740081c30" ChallengeClass="CHALLENGE_CLASS_LEADER" ChallengeCategory="CHALLENGE_CATEGORY_LEADER_BOLIVAR" Difficulty="2" SortIndex="98370" />
		<Row ChallengeType="CHALLENGE_BOLIVAR_QUEST_B_MODERN" DNAChallengeID="2e153e0c-c358-4540-8eb5-72cd57730acb" ChallengeClass="CHALLENGE_CLASS_LEADER" ChallengeCategory="CHALLENGE_CATEGORY_LEADER_BOLIVAR" Difficulty="2" SortIndex="98375" />
		<Row ChallengeType="CHALLENGE_BOLIVAR_UNLOCKED_STRATEGYCARDS_EXPLORATION" DNAChallengeID="61cbcc6e-d504-4589-95f5-bbe9db274a76" ChallengeClass="CHALLENGE_CLASS_LEADER" ChallengeCategory="CHALLENGE_CATEGORY_LEADER_BOLIVAR" Difficulty="1" SortIndex="94101" Hidden="true" AllowRewardWhenHidden="true" />
		<Row ChallengeType="CHALLENGE_BOLIVAR_UNLOCKED_STRATEGYCARDS_MODERN" DNAChallengeID="7449fb6f-82c8-4940-a913-3dc421216c3e" ChallengeClass="CHALLENGE_CLASS_LEADER" ChallengeCategory="CHALLENGE_CATEGORY_LEADER_BOLIVAR" Difficulty="1" SortIndex="94102" Hidden="true" AllowRewardWhenHidden="true" />
	</Challenges>
<ChallengesRewards>
		<Row ChallengeType="CHALLENGE_BOLIVAR_MILITARY_VICTORY_ANTIQUITY" RewardType="XP" Reward="50" />
		<Row ChallengeType="CHALLENGE_BOLIVAR_MILITARY_VICTORY_ANTIQUITY_2" RewardType="XP" Reward="25" />
		<Row ChallengeType="CHALLENGE_BOLIVAR_MILITARY_VICTORY_ANTIQUITY_3" RewardType="XP" Reward="25" />
		<Row ChallengeType="CHALLENGE_BOLIVAR_ECONOMIC_VICTORY_ANTIQUITY" RewardType="XP" Reward="50" />
		<Row ChallengeType="CHALLENGE_BOLIVAR_ECONOMIC_VICTORY_ANTIQUITY_2" RewardType="XP" Reward="25" />
		<Row ChallengeType="CHALLENGE_BOLIVAR_ECONOMIC_VICTORY_ANTIQUITY_3" RewardType="XP" Reward="25" />
		<Row ChallengeType="CHALLENGE_BOLIVAR_MILITARY_VICTORY_EXPLORATION" RewardType="XP" Reward="50" />
		<Row ChallengeType="CHALLENGE_BOLIVAR_MILITARY_VICTORY_EXPLORATION_2" RewardType="XP" Reward="25" />
		<Row ChallengeType="CHALLENGE_BOLIVAR_MILITARY_VICTORY_EXPLORATION_3" RewardType="XP" Reward="25" />
		<Row ChallengeType="CHALLENGE_BOLIVAR_ECONOMIC_VICTORY_EXPLORATION" RewardType="XP" Reward="50" />
		<Row ChallengeType="CHALLENGE_BOLIVAR_ECONOMIC_VICTORY_EXPLORATION_2" RewardType="XP" Reward="25" />
		<Row ChallengeType="CHALLENGE_BOLIVAR_ECONOMIC_VICTORY_EXPLORATION_3" RewardType="XP" Reward="25" />
		<Row ChallengeType="CHALLENGE_BOLIVAR_MILITARY_VICTORY_MODERN" RewardType="XP" Reward="50" />
		<Row ChallengeType="CHALLENGE_BOLIVAR_MILITARY_VICTORY_MODERN_2" RewardType="XP" Reward="25" />
		<Row ChallengeType="CHALLENGE_BOLIVAR_MILITARY_VICTORY_MODERN_3" RewardType="XP" Reward="25" />
		<Row ChallengeType="CHALLENGE_BOLIVAR_ECONOMIC_VICTORY_MODERN" RewardType="XP" Reward="50" />
		<Row ChallengeType="CHALLENGE_BOLIVAR_ECONOMIC_VICTORY_MODERN_2" RewardType="XP" Reward="25" />
		<Row ChallengeType="CHALLENGE_BOLIVAR_ECONOMIC_VICTORY_MODERN_3" RewardType="XP" Reward="25" />
		<Row ChallengeType="CHALLENGE_BOLIVAR_AGE_COMPLETED_ANTIQUITY" RewardType="XP" Reward="25" />
		<Row ChallengeType="CHALLENGE_BOLIVAR_AGE_COMPLETED_ANTIQUITY_2" RewardType="XP" Reward="25" />
		<Row ChallengeType="CHALLENGE_BOLIVAR_AGE_COMPLETED_ANTIQUITY_3" RewardType="XP" Reward="25" />
		<Row ChallengeType="CHALLENGE_BOLIVAR_AGE_COMPLETED_EXPLORATION" RewardType="XP" Reward="25" />
		<Row ChallengeType="CHALLENGE_BOLIVAR_AGE_COMPLETED_EXPLORATION_2" RewardType="XP" Reward="25" />
		<Row ChallengeType="CHALLENGE_BOLIVAR_AGE_COMPLETED_EXPLORATION_3" RewardType="XP" Reward="25" />
		<Row ChallengeType="CHALLENGE_BOLIVAR_AGE_COMPLETED_MODERN" RewardType="XP" Reward="25" />
		<Row ChallengeType="CHALLENGE_BOLIVAR_AGE_COMPLETED_MODERN_2" RewardType="XP" Reward="25" />
		<Row ChallengeType="CHALLENGE_BOLIVAR_AGE_COMPLETED_MODERN_3" RewardType="XP" Reward="25" />
		<Row ChallengeType="CHALLENGE_BOLIVAR_PLAY_GAMES_1" RewardType="XP" Reward="25" />
		<Row ChallengeType="CHALLENGE_BOLIVAR_PLAY_GAMES_2" RewardType="XP" Reward="25" />
		<Row ChallengeType="CHALLENGE_BOLIVAR_PLAY_GAMES_3" RewardType="XP" Reward="25" />
		<Row ChallengeType="CHALLENGE_BOLIVAR_SCIENCE_VICTORY_ANTIQUITY" RewardType="XP" Reward="50" />
		<Row ChallengeType="CHALLENGE_BOLIVAR_SCIENCE_VICTORY_ANTIQUITY_2" RewardType="XP" Reward="25" />
		<Row ChallengeType="CHALLENGE_BOLIVAR_SCIENCE_VICTORY_ANTIQUITY_3" RewardType="XP" Reward="25" />
		<Row ChallengeType="CHALLENGE_BOLIVAR_SCIENCE_VICTORY_EXPLORATION" RewardType="XP" Reward="50" />
		<Row ChallengeType="CHALLENGE_BOLIVAR_SCIENCE_VICTORY_EXPLORATION_2" RewardType="XP" Reward="25" />
		<Row ChallengeType="CHALLENGE_BOLIVAR_SCIENCE_VICTORY_EXPLORATION_3" RewardType="XP" Reward="25" />
		<Row ChallengeType="CHALLENGE_BOLIVAR_SCIENCE_VICTORY_MODERN" RewardType="XP" Reward="50" />
		<Row ChallengeType="CHALLENGE_BOLIVAR_SCIENCE_VICTORY_MODERN_2" RewardType="XP" Reward="25" />
		<Row ChallengeType="CHALLENGE_BOLIVAR_SCIENCE_VICTORY_MODERN_3" RewardType="XP" Reward="25" />
		<Row ChallengeType="CHALLENGE_BOLIVAR_CULTURE_VICTORY_ANTIQUITY" RewardType="XP" Reward="50" />
		<Row ChallengeType="CHALLENGE_BOLIVAR_CULTURE_VICTORY_ANTIQUITY_2" RewardType="XP" Reward="25" />
		<Row ChallengeType="CHALLENGE_BOLIVAR_CULTURE_VICTORY_ANTIQUITY_3" RewardType="XP" Reward="25" />
		<Row ChallengeType="CHALLENGE_BOLIVAR_CULTURE_VICTORY_EXPLORATION" RewardType="XP" Reward="50" />
		<Row ChallengeType="CHALLENGE_BOLIVAR_CULTURE_VICTORY_EXPLORATION_2" RewardType="XP" Reward="25" />
		<Row ChallengeType="CHALLENGE_BOLIVAR_CULTURE_VICTORY_EXPLORATION_3" RewardType="XP" Reward="25" />
		<Row ChallengeType="CHALLENGE_BOLIVAR_CULTURE_VICTORY_MODERN" RewardType="XP" Reward="50" />
		<Row ChallengeType="CHALLENGE_BOLIVAR_CULTURE_VICTORY_MODERN_2" RewardType="XP" Reward="25" />
		<Row ChallengeType="CHALLENGE_BOLIVAR_CULTURE_VICTORY_MODERN_3" RewardType="XP" Reward="25" />
		<Row ChallengeType="CHALLENGE_BOLIVAR_FLAWLESS_VICTORY_ANTIQUITY" RewardType="XP" Reward="50" />
		<Row ChallengeType="CHALLENGE_BOLIVAR_FLAWLESS_VICTORY_EXPLORATION" RewardType="XP" Reward="50" />
		<Row ChallengeType="CHALLENGE_BOLIVAR_FLAWLESS_VICTORY_MODERN" RewardType="XP" Reward="50" />
		<Row ChallengeType="CHALLENGE_BOLIVAR_QUEST_A_ANTIQUITY" RewardType="XP" Reward="50" />
		<Row ChallengeType="CHALLENGE_BOLIVAR_QUEST_B_ANTIQUITY" RewardType="XP" Reward="50" />
		<Row ChallengeType="CHALLENGE_BOLIVAR_QUEST_A_EXPLORATION" RewardType="XP" Reward="50" />
		<Row ChallengeType="CHALLENGE_BOLIVAR_QUEST_B_EXPLORATION" RewardType="XP" Reward="50" />
		<Row ChallengeType="CHALLENGE_BOLIVAR_QUEST_A_MODERN" RewardType="XP" Reward="50" />
		<Row ChallengeType="CHALLENGE_BOLIVAR_QUEST_B_MODERN" RewardType="XP" Reward="50" />
		<Row ChallengeType="CHALLENGE_BOLIVAR_UNLOCKED_STRATEGYCARDS_EXPLORATION" RewardType="UnlockableReward" Reward="STRATEGYCARD_AS_BOLIVAR_EXPLORATION_1" />
		<Row ChallengeType="CHALLENGE_BOLIVAR_UNLOCKED_STRATEGYCARDS_EXPLORATION" RewardType="UnlockableReward" Reward="STRATEGYCARD_AS_BOLIVAR_EXPLORATION_2" />
		<Row ChallengeType="CHALLENGE_BOLIVAR_UNLOCKED_STRATEGYCARDS_MODERN" RewardType="UnlockableReward" Reward="STRATEGYCARD_AS_BOLIVAR_MODERN_1" />
		<Row ChallengeType="CHALLENGE_BOLIVAR_UNLOCKED_STRATEGYCARDS_MODERN" RewardType="UnlockableReward" Reward="STRATEGYCARD_AS_BOLIVAR_MODERN_2" />
	</ChallengesRewards>
	<ChallengeEvents>
		<Row ChallengeEventType="CHALLENGE_EVENT_LEADER_BOLIVAR_AGE_ENDED" DNAEventID="bc5e8340-b86c-4796-9426-35a7dbc7617d"  />
		<Row ChallengeEventType="CHALLENGE_EVENT_LEADER_BOLIVAR_VICTORY_ACHIEVED" DNAEventID="ce784085-8409-4914-adb5-9171b54e6881"  />
		<Row ChallengeEventType="CHALLENGE_EVENT_LEADER_BOLIVAR_FLAWLESS_VICTORY_ACHIEVED" DNAEventID="7f9ffcac-08bd-4d5d-b94d-369bba51808b"  />
		<Row ChallengeEventType="CHALLENGE_EVENT_LEADER_BOLIVAR_LEGACY_PATH_MILESTONE_COMPLETED" DNAEventID="0d77ee7f-ce1d-4520-82f3-6a4f3e0842e2"  />
		<Row ChallengeEventType="CHALLENGE_EVENT_BOLIVAR_QUEST_A_ANTIQUITY_COMPLETE" DNAEventID="15b4c007-9fa2-40cb-a1c8-60793df32ece" CompletesChallengeType="CHALLENGE_BOLIVAR_QUEST_A_ANTIQUITY" />
		<Row ChallengeEventType="CHALLENGE_EVENT_BOLIVAR_QUEST_B_ANTIQUITY_COMPLETE" DNAEventID="5597b872-0eb4-4357-9866-008414c852a0" CompletesChallengeType="CHALLENGE_BOLIVAR_QUEST_B_ANTIQUITY" />
		<Row ChallengeEventType="CHALLENGE_EVENT_BOLIVAR_QUEST_A_EXPLORATION_COMPLETE" DNAEventID="58a608a1-c049-45cd-ad27-f7871f7ff1ce" CompletesChallengeType="CHALLENGE_BOLIVAR_QUEST_A_EXPLORATION" />
		<Row ChallengeEventType="CHALLENGE_EVENT_BOLIVAR_QUEST_B_EXPLORATION_COMPLETE" DNAEventID="df800ef4-6af0-4b5b-ba26-19938eb985b9" CompletesChallengeType="CHALLENGE_BOLIVAR_QUEST_B_EXPLORATION" />
		<Row ChallengeEventType="CHALLENGE_EVENT_BOLIVAR_QUEST_A_MODERN_COMPLETE" DNAEventID="7d4f2719-b8e2-4219-8572-2c77bd610023" CompletesChallengeType="CHALLENGE_BOLIVAR_QUEST_A_MODERN" />
		<Row ChallengeEventType="CHALLENGE_EVENT_BOLIVAR_QUEST_B_MODERN_COMPLETE" DNAEventID="b61df088-6f50-4231-944d-6fd284fa54dd" CompletesChallengeType="CHALLENGE_BOLIVAR_QUEST_B_MODERN" />
		<Row ChallengeEventType="CHALLENGE_EVENT_BOLIVAR_UNLOCKED_STRATEGYCARDS_EXPLORATION_COMPLETE" DNAEventID="5c8cf177-ebd3-460f-853a-83403068f838" CompletesChallengeType="CHALLENGE_BOLIVAR_UNLOCKED_STRATEGYCARDS_EXPLORATION" />
		<Row ChallengeEventType="CHALLENGE_EVENT_BOLIVAR_UNLOCKED_STRATEGYCARDS_MODERN_COMPLETE" DNAEventID="106d8adf-0216-433c-8798-c6b4a56cec5c" CompletesChallengeType="CHALLENGE_BOLIVAR_UNLOCKED_STRATEGYCARDS_MODERN" />
	</ChallengeEvents>
<ChallengeEventChallengeStatEffects>
		<Row ChallengeEventType="CHALLENGE_EVENT_LEADER_BOLIVAR_VICTORY_ACHIEVED" ChallengeType="CHALLENGE_BOLIVAR_MILITARY_VICTORY_ANTIQUITY" />
		<Row ChallengeEventType="CHALLENGE_EVENT_LEADER_BOLIVAR_VICTORY_ACHIEVED" ChallengeType="CHALLENGE_BOLIVAR_MILITARY_VICTORY_ANTIQUITY_2" />
		<Row ChallengeEventType="CHALLENGE_EVENT_LEADER_BOLIVAR_VICTORY_ACHIEVED" ChallengeType="CHALLENGE_BOLIVAR_MILITARY_VICTORY_ANTIQUITY_3" />
		<Row ChallengeEventType="CHALLENGE_EVENT_LEADER_BOLIVAR_VICTORY_ACHIEVED" ChallengeType="CHALLENGE_BOLIVAR_ECONOMIC_VICTORY_ANTIQUITY" />
		<Row ChallengeEventType="CHALLENGE_EVENT_LEADER_BOLIVAR_VICTORY_ACHIEVED" ChallengeType="CHALLENGE_BOLIVAR_ECONOMIC_VICTORY_ANTIQUITY_2" />
		<Row ChallengeEventType="CHALLENGE_EVENT_LEADER_BOLIVAR_VICTORY_ACHIEVED" ChallengeType="CHALLENGE_BOLIVAR_ECONOMIC_VICTORY_ANTIQUITY_3" />
		<Row ChallengeEventType="CHALLENGE_EVENT_LEADER_BOLIVAR_VICTORY_ACHIEVED" ChallengeType="CHALLENGE_BOLIVAR_MILITARY_VICTORY_EXPLORATION" />
		<Row ChallengeEventType="CHALLENGE_EVENT_LEADER_BOLIVAR_VICTORY_ACHIEVED" ChallengeType="CHALLENGE_BOLIVAR_MILITARY_VICTORY_EXPLORATION_2" />
		<Row ChallengeEventType="CHALLENGE_EVENT_LEADER_BOLIVAR_VICTORY_ACHIEVED" ChallengeType="CHALLENGE_BOLIVAR_MILITARY_VICTORY_EXPLORATION_3" />
		<Row ChallengeEventType="CHALLENGE_EVENT_LEADER_BOLIVAR_VICTORY_ACHIEVED" ChallengeType="CHALLENGE_BOLIVAR_ECONOMIC_VICTORY_EXPLORATION" />
		<Row ChallengeEventType="CHALLENGE_EVENT_LEADER_BOLIVAR_VICTORY_ACHIEVED" ChallengeType="CHALLENGE_BOLIVAR_ECONOMIC_VICTORY_EXPLORATION_2" />
		<Row ChallengeEventType="CHALLENGE_EVENT_LEADER_BOLIVAR_VICTORY_ACHIEVED" ChallengeType="CHALLENGE_BOLIVAR_ECONOMIC_VICTORY_EXPLORATION_3" />
		<Row ChallengeEventType="CHALLENGE_EVENT_LEADER_BOLIVAR_VICTORY_ACHIEVED" ChallengeType="CHALLENGE_BOLIVAR_MILITARY_VICTORY_MODERN" />
		<Row ChallengeEventType="CHALLENGE_EVENT_LEADER_BOLIVAR_VICTORY_ACHIEVED" ChallengeType="CHALLENGE_BOLIVAR_MILITARY_VICTORY_MODERN_2" />
		<Row ChallengeEventType="CHALLENGE_EVENT_LEADER_BOLIVAR_VICTORY_ACHIEVED" ChallengeType="CHALLENGE_BOLIVAR_MILITARY_VICTORY_MODERN_3" />
		<Row ChallengeEventType="CHALLENGE_EVENT_LEADER_BOLIVAR_VICTORY_ACHIEVED" ChallengeType="CHALLENGE_BOLIVAR_ECONOMIC_VICTORY_MODERN" />
		<Row ChallengeEventType="CHALLENGE_EVENT_LEADER_BOLIVAR_VICTORY_ACHIEVED" ChallengeType="CHALLENGE_BOLIVAR_ECONOMIC_VICTORY_MODERN_2" />
		<Row ChallengeEventType="CHALLENGE_EVENT_LEADER_BOLIVAR_VICTORY_ACHIEVED" ChallengeType="CHALLENGE_BOLIVAR_ECONOMIC_VICTORY_MODERN_3" />
		<Row ChallengeEventType="CHALLENGE_EVENT_LEADER_BOLIVAR_AGE_ENDED" ChallengeType="CHALLENGE_BOLIVAR_AGE_COMPLETED_ANTIQUITY" />
		<Row ChallengeEventType="CHALLENGE_EVENT_LEADER_BOLIVAR_AGE_ENDED" ChallengeType="CHALLENGE_BOLIVAR_AGE_COMPLETED_ANTIQUITY_2" />
		<Row ChallengeEventType="CHALLENGE_EVENT_LEADER_BOLIVAR_AGE_ENDED" ChallengeType="CHALLENGE_BOLIVAR_AGE_COMPLETED_ANTIQUITY_3" />
		<Row ChallengeEventType="CHALLENGE_EVENT_LEADER_BOLIVAR_AGE_ENDED" ChallengeType="CHALLENGE_BOLIVAR_AGE_COMPLETED_EXPLORATION" />
		<Row ChallengeEventType="CHALLENGE_EVENT_LEADER_BOLIVAR_AGE_ENDED" ChallengeType="CHALLENGE_BOLIVAR_AGE_COMPLETED_EXPLORATION_2" />
		<Row ChallengeEventType="CHALLENGE_EVENT_LEADER_BOLIVAR_AGE_ENDED" ChallengeType="CHALLENGE_BOLIVAR_AGE_COMPLETED_EXPLORATION_3" />
		<Row ChallengeEventType="CHALLENGE_EVENT_LEADER_BOLIVAR_AGE_ENDED" ChallengeType="CHALLENGE_BOLIVAR_AGE_COMPLETED_MODERN" />
		<Row ChallengeEventType="CHALLENGE_EVENT_LEADER_BOLIVAR_AGE_ENDED" ChallengeType="CHALLENGE_BOLIVAR_AGE_COMPLETED_MODERN_2" />
		<Row ChallengeEventType="CHALLENGE_EVENT_LEADER_BOLIVAR_AGE_ENDED" ChallengeType="CHALLENGE_BOLIVAR_AGE_COMPLETED_MODERN_3" />
		<Row ChallengeEventType="CHALLENGE_EVENT_LEADER_BOLIVAR_LEGACY_PATH_MILESTONE_COMPLETED" ChallengeType="CHALLENGE_BOLIVAR_PLAY_GAMES_1" />
		<Row ChallengeEventType="CHALLENGE_EVENT_LEADER_BOLIVAR_LEGACY_PATH_MILESTONE_COMPLETED" ChallengeType="CHALLENGE_BOLIVAR_PLAY_GAMES_2" />
		<Row ChallengeEventType="CHALLENGE_EVENT_LEADER_BOLIVAR_LEGACY_PATH_MILESTONE_COMPLETED" ChallengeType="CHALLENGE_BOLIVAR_PLAY_GAMES_3" />
		<Row ChallengeEventType="CHALLENGE_EVENT_LEADER_BOLIVAR_VICTORY_ACHIEVED" ChallengeType="CHALLENGE_BOLIVAR_SCIENCE_VICTORY_ANTIQUITY" />
		<Row ChallengeEventType="CHALLENGE_EVENT_LEADER_BOLIVAR_VICTORY_ACHIEVED" ChallengeType="CHALLENGE_BOLIVAR_SCIENCE_VICTORY_ANTIQUITY_2" />
		<Row ChallengeEventType="CHALLENGE_EVENT_LEADER_BOLIVAR_VICTORY_ACHIEVED" ChallengeType="CHALLENGE_BOLIVAR_SCIENCE_VICTORY_ANTIQUITY_3" />
		<Row ChallengeEventType="CHALLENGE_EVENT_LEADER_BOLIVAR_VICTORY_ACHIEVED" ChallengeType="CHALLENGE_BOLIVAR_SCIENCE_VICTORY_EXPLORATION" />
		<Row ChallengeEventType="CHALLENGE_EVENT_LEADER_BOLIVAR_VICTORY_ACHIEVED" ChallengeType="CHALLENGE_BOLIVAR_SCIENCE_VICTORY_EXPLORATION_2" />
		<Row ChallengeEventType="CHALLENGE_EVENT_LEADER_BOLIVAR_VICTORY_ACHIEVED" ChallengeType="CHALLENGE_BOLIVAR_SCIENCE_VICTORY_EXPLORATION_3" />
		<Row ChallengeEventType="CHALLENGE_EVENT_LEADER_BOLIVAR_VICTORY_ACHIEVED" ChallengeType="CHALLENGE_BOLIVAR_SCIENCE_VICTORY_MODERN" />
		<Row ChallengeEventType="CHALLENGE_EVENT_LEADER_BOLIVAR_VICTORY_ACHIEVED" ChallengeType="CHALLENGE_BOLIVAR_SCIENCE_VICTORY_MODERN_2" />
		<Row ChallengeEventType="CHALLENGE_EVENT_LEADER_BOLIVAR_VICTORY_ACHIEVED" ChallengeType="CHALLENGE_BOLIVAR_SCIENCE_VICTORY_MODERN_3" />
		<Row ChallengeEventType="CHALLENGE_EVENT_LEADER_BOLIVAR_VICTORY_ACHIEVED" ChallengeType="CHALLENGE_BOLIVAR_CULTURE_VICTORY_ANTIQUITY" />
		<Row ChallengeEventType="CHALLENGE_EVENT_LEADER_BOLIVAR_VICTORY_ACHIEVED" ChallengeType="CHALLENGE_BOLIVAR_CULTURE_VICTORY_ANTIQUITY_2" />
		<Row ChallengeEventType="CHALLENGE_EVENT_LEADER_BOLIVAR_VICTORY_ACHIEVED" ChallengeType="CHALLENGE_BOLIVAR_CULTURE_VICTORY_ANTIQUITY_3" />
		<Row ChallengeEventType="CHALLENGE_EVENT_LEADER_BOLIVAR_VICTORY_ACHIEVED" ChallengeType="CHALLENGE_BOLIVAR_CULTURE_VICTORY_EXPLORATION" />
		<Row ChallengeEventType="CHALLENGE_EVENT_LEADER_BOLIVAR_VICTORY_ACHIEVED" ChallengeType="CHALLENGE_BOLIVAR_CULTURE_VICTORY_EXPLORATION_2" />
		<Row ChallengeEventType="CHALLENGE_EVENT_LEADER_BOLIVAR_VICTORY_ACHIEVED" ChallengeType="CHALLENGE_BOLIVAR_CULTURE_VICTORY_EXPLORATION_3" />
		<Row ChallengeEventType="CHALLENGE_EVENT_LEADER_BOLIVAR_VICTORY_ACHIEVED" ChallengeType="CHALLENGE_BOLIVAR_CULTURE_VICTORY_MODERN" />
		<Row ChallengeEventType="CHALLENGE_EVENT_LEADER_BOLIVAR_VICTORY_ACHIEVED" ChallengeType="CHALLENGE_BOLIVAR_CULTURE_VICTORY_MODERN_2" />
		<Row ChallengeEventType="CHALLENGE_EVENT_LEADER_BOLIVAR_VICTORY_ACHIEVED" ChallengeType="CHALLENGE_BOLIVAR_CULTURE_VICTORY_MODERN_3" />
	</ChallengeEventChallengeStatEffects>
	<ChallengeCategoryData>
		<Row Id="CHALLENGE_CATEGORY_LEADER_BOLIVAR" Name="LOC_LEADER_BOLIVAR_NAME" SortIndex="41500" />
	</ChallengeCategoryData>
</Database>