<?xml version="1.0" encoding="utf-8"?>
<Database>
	<Kinds>
		<InsertOrIgnore Kind="KIND_CIVILIZATION"/>
		<InsertOrIgnore Kind="KIND_TRAIT"/>
	</Kinds>
	<Types>
		<!-- Major Civs -->
		<Row Type="TRAIT_ASSYRIA" Kind="KIND_TRAIT"/>
		<Row Type="CIVILIZATION_ASSYRIA" Kind="KIND_CIVILIZATION"/>
	</Types>
	<LegacyCivilizations>
		<!-- Full Civs -->
		<Row CivilizationType="CIVILIZATION_ASSYRIA" Name="LOC_CIVILIZATION_ASSYRIA_NAME" FullName="LOC_CIVILIZATION_ASSYRIA_FULLNAME" Adjective="LOC_CIVILIZATION_ASSYRIA_ADJECTIVE" Age="AGE_ANTIQUITY"/>
	</LegacyCivilizations>
	<LegacyCivilizationTraits>
		<Row CivilizationType="CIVILIZATION_ASSYRIA" TraitType="TRAIT_ASSYRIA"/>
	</LegacyCivilizationTraits>
	<Traits>
		<Row TraitType="TRAIT_ASSYRIA" InternalOnly="true"/>
	</Traits>
	<LegacyIndependents>
		<Update>
			<Where IndependentType="INDEPENDENT_ANTIQUITY_35"/>
			<Set Name="LOC_INDEPENDENT_ANTIQUITY_35_MAJOR_ASSYRIA_NAME"/>
		</Update>
	</LegacyIndependents>
</Database>