<?xml version="1.0" encoding="utf-8"?>
<GameEffects xmlns="GameEffects">
	<Modifier id="METAPROGRESSION_CHALLENGE_ASSYRIA_LEGACY_PATH_SCIENTIFIC_ACHIEVED" collection="COLLECTION_OWNER" effect="EFFECT_METAPROGRESSION_COMPLETE_CHALLENGE" permanent="true">
		<OwnerRequirements>
			<Requirement type="REQUIREMENT_LEGACY_PATH_COMPLETED">
				<Argument name="LegacyPathType">LEGACY_PATH_ANTIQUITY_SCIENCE</Argument>
			</Requirement>
			<Requirement type="REQUIREMENT_PLAYER_CIVILIZATION_TYPE_MATCHES">
				<Argument name="CivilizationType">CIVILIZATION_ASSYRIA</Argument>
			</Requirement>
		</OwnerRequirements>
		<Argument name="Challenge">CHALLENGE_ASSYRIA_LEGACY_PATH_SCIENTIFIC</Argument>
	</Modifier>
	<Modifier id="METAPROGRESSION_CHALLENGE_ASSYRIA_LEGACY_PATH_MILESTONE_COMPLETED" collection="COLLECTION_OWNER" effect="EFFECT_METAPROGRESSION_COMPLETE_CHALLENGE" permanent="true">
		<OwnerRequirements>
			<Requirement type="REQUIREMENT_PLAYER_CIVILIZATION_TYPE_MATCHES">
				<Argument name="CivilizationType">CIVILIZATION_ASSYRIA</Argument>
			</Requirement>
			<Requirement type="REQUIREMENT_LEGACY_PATH_MILESTONE_COMPLETED" />
		</OwnerRequirements>
		<Argument name="Challenge">CHALLENGE_ASSYRIA_LEGACY_PATH_MILESTONE_COMPLETED</Argument>
	</Modifier>
	<Modifier id="METAPROGRESSION_CHALLENGE_ASSYRIA_COMPLETE_DUR_SHARRUKIN_ACHIEVED" collection="COLLECTION_OWNER" effect="EFFECT_METAPROGRESSION_COMPLETE_CHALLENGE" permanent="true">
		<OwnerRequirements>
			<Requirement type="REQUIREMENT_PLAYER_CIVILIZATION_TYPE_MATCHES">
				<Argument name="CivilizationType">CIVILIZATION_ASSYRIA</Argument>
			</Requirement>
			<Requirement type="REQUIREMENT_PLAYER_SPECIFIC_WONDER_BUILT">
				<Argument name="ConstructibleType">WONDER_DUR_SHARRUKIN</Argument>
			</Requirement>
		</OwnerRequirements>
		<Argument name="Challenge">CHALLENGE_ASSYRIA_COMPLETE_DUR_SHARRUKIN</Argument>
	</Modifier>
</GameEffects>