<?xml version="1.0" encoding="utf-8"?>
<GameEffects xmlns="GameEffects">
    <Modifier id="11071B_NARRATIVE_MODIFIER" collection="COLLECTION_OWNER" effect="EFFECT_PLAYER_ATTRIBUTE" run-once="false" permanent="true">
        <Argument name="AttributeType">ATTRIBUTE_MILITARISTIC</Argument>
        <Argument name="Amount">1</Argument>
    </Modifier>
    <Modifier id="11071C_NARRATIVE_MODIFIER" collection="COLLECTION_OWNER" effect="EFFECT_PLAYER_ATTRIBUTE" run-once="false" permanent="true">
        <Argument name="AttributeType">ATTRIBUTE_SCIENTIFIC</Argument>
        <Argument name="Amount">1</Argument>
    </Modifier>
    <Modifier id="11072B_NARRATIVE_MODIFIER" collection="COLLECTION_PLAYER_CITIES" effect="EFFECT_CITY_ADJUST_CONSTRUCTIBLE_YIELD" run-once="false" permanent="true">
        <Argument name="YieldType">YIELD_GOLD</Argument>
        <Argument name="Amount" type="ScaleByGameAge" extra="100">1</Argument>
        <Argument name="ConstructibleType">BUILDING_ALTAR</Argument>
    </Modifier>
    <Modifier id="11072C_NARRATIVE_MODIFIER" collection="COLLECTION_PLAYER_CAPITAL_CITY" effect="EFFECT_CITY_GRANT_UNIT" run-once="false" permanent="true">
        <Argument name="UnitType">UNIT_MERCHANT</Argument>
        <Argument name="Amount">1</Argument>
    </Modifier>
    <Modifier id="11073B_NARRATIVE_MODIFIER" collection="COLLECTION_OWNER" effect="EFFECT_ADJUST_PLAYER_OR_CITY_UNIT_PURCHASE_EFFICIENCY" run-once="false" permanent="true">
        <Argument name="UnitTag">UNIT_CLASS_SIEGE</Argument>
        <Argument name="Percent">25</Argument>
    </Modifier>
    <Modifier id="11073C_NARRATIVE_MODIFIER" collection="COLLECTION_PLAYER_UNITS" effect="EFFECT_GRANT_UNIT_EXPERIENCE" run-once="true" permanent="true">
        <SubjectRequirements>
            <Requirement type="REQUIREMENT_UNIT_TAG_MATCHES">
                <Argument name="Tag">UNIT_CLASS_COMMAND</Argument>
            </Requirement>
        </SubjectRequirements>
        <Argument name="Amount" type="ScaleByGameAge" extra="100">10</Argument>
    </Modifier>
    <Modifier id="11074B_NARRATIVE_MODIFIER" collection="COLLECTION_PLAYER_CITIES" effect="EFFECT_CITY_ADJUST_YIELD" run-once="false" permanent="true">
        <Argument name="YieldType">YIELD_GOLD</Argument>
        <Argument name="Amount" type="ScaleByGameAge" extra="100">-2</Argument>
    </Modifier>
    <Modifier id="11074B_NARRATIVE_MODIFIER2" collection="COLLECTION_OWNER" effect="EFFECT_ADD_PANTHEON" run-once="false" permanent="true">
        <Argument name="Amount">1</Argument>
    </Modifier>
    <Modifier id="11074C_NARRATIVE_MODIFIER" collection="COLLECTION_OWNER" effect="EFFECT_PLAYER_ATTRIBUTE" run-once="false" permanent="true">
        <Argument name="AttributeType">ATTRIBUTE_MILITARISTIC</Argument>
        <Argument name="Amount">1</Argument>
    </Modifier>
    <Modifier id="11074C_NARRATIVE_MODIFIER2" collection="COLLECTION_PLAYER_CITIES" effect="EFFECT_CITY_ADJUST_YIELD" run-once="false" permanent="true">
        <Argument name="YieldType">YIELD_HAPPINESS</Argument>
        <Argument name="Amount" type="ScaleByGameAge" extra="100">-2</Argument>
    </Modifier>
    <Modifier id="11075B_NARRATIVE_MODIFIER" collection="COLLECTION_PLAYER_CITIES" effect="EFFECT_CITY_ADJUST_CONSTRUCTIBLE_YIELD" run-once="false" permanent="true">
        <Argument name="YieldType">YIELD_FOOD</Argument>
        <Argument name="Amount" type="ScaleByGameAge" extra="100">1</Argument>
        <Argument name="ConstructibleType">BUILDING_CITADEL</Argument>
    </Modifier>
    <Modifier id="11075C_NARRATIVE_MODIFIER" collection="COLLECTION_PLAYER_CAPITAL_CITY" effect="EFFECT_CITY_GRANT_UNIT" run-once="false" permanent="true">
        <Argument name="UnitType">UNIT_WARRIOR</Argument>
        <Argument name="Amount">1</Argument>
    </Modifier>
    <Modifier id="11076B_NARRATIVE_MODIFIER" collection="COLLECTION_OWNER" effect="EFFECT_PLAYER_GRANT_GOLDEN_AGE" run-once="true" permanent="true">
    </Modifier>
    <Modifier id="11076C_NARRATIVE_MODIFIER" collection="COLLECTION_PLAYER_CITIES" effect="EFFECT_CITY_ADJUST_UNIT_PRODUCTION" run-once="false" permanent="true">
        <Argument name="Percent">20</Argument>
        <Argument name="UnitClass">UNIT_CLASS_COMBAT</Argument>
    </Modifier>
    <Modifier id="11077B_NARRATIVE_MODIFIER" collection="COLLECTION_PLAYER_CITIES" effect="EFFECT_CITY_ADJUST_CONSTRUCTIBLE_YIELD" run-once="false" permanent="true">
        <Argument name="YieldType">YIELD_HAPPINESS</Argument>
        <Argument name="Amount" type="ScaleByGameAge" extra="100">1</Argument>
        <Argument name="Tag">PRODUCTION</Argument>
    </Modifier>
    <Modifier id="11077C_NARRATIVE_MODIFIER" collection="COLLECTION_PLAYER_CITIES" effect="EFFECT_CITY_ADJUST_CONSTRUCTIBLE_YIELD" run-once="false" permanent="true">
        <Argument name="YieldType">YIELD_GOLD</Argument>
        <Argument name="Amount" type="ScaleByGameAge" extra="100">2</Argument>
        <Argument name="ConstructibleType">BUILDING_ALTAR</Argument>
    </Modifier>
    <Modifier id="11077D_NARRATIVE_MODIFIER" collection="COLLECTION_PLAYER_CITIES" effect="EFFECT_CITY_ADJUST_CONSTRUCTIBLE_YIELD" run-once="false" permanent="true">
        <Argument name="YieldType">YIELD_CULTURE</Argument>
        <Argument name="Amount" type="ScaleByGameAge" extra="100">1</Argument>
        <Argument name="Tag">FOOD</Argument>
    </Modifier>
    <Modifier id="11078B_NARRATIVE_MODIFIER" collection="COLLECTION_OWNER" effect="EFFECT_GRANT_GREAT_WORK" run-once="false" permanent="true">
        <Argument name="Amount">1</Argument>
        <Argument name="ObjectType">GREATWORKOBJECT_WRITING</Argument>
    </Modifier>
    <Modifier id="11078C_NARRATIVE_MODIFIER" collection="COLLECTION_PLAYER_CITIES" effect="EFFECT_CITY_ADJUST_CONSTRUCTIBLE_YIELD" run-once="false" permanent="true">
        <Argument name="YieldType">YIELD_GOLD</Argument>
        <Argument name="Amount" type="ScaleByGameAge" extra="100">1</Argument>
        <Argument name="ConstructibleType">BUILDING_ROYAL_LIBRARY</Argument>
    </Modifier>
    <Modifier id="11079B_NARRATIVE_MODIFIER" collection="COLLECTION_PLAYER_CITIES" effect="EFFECT_CITY_ADJUST_CONSTRUCTIBLE_YIELD" run-once="false" permanent="true">
        <Argument name="YieldType">YIELD_HAPPINESS</Argument>
        <Argument name="Amount" type="ScaleByGameAge" extra="100">2</Argument>
        <Argument name="ConstructibleType">BUILDING_ARENA</Argument>
    </Modifier>
    <Modifier id="11079C_NARRATIVE_MODIFIER" collection="COLLECTION_PLAYER_CITIES" effect="EFFECT_CITY_ADJUST_CONSTRUCTIBLE_YIELD" run-once="false" permanent="true">
        <Argument name="YieldType">YIELD_GOLD</Argument>
        <Argument name="Amount" type="ScaleByGameAge" extra="100">2</Argument>
        <Argument name="ConstructibleType">BUILDING_ARENA</Argument>
    </Modifier>
    <Modifier id="11080B_NARRATIVE_MODIFIER" collection="COLLECTION_OWNER" effect="EFFECT_PLAYER_GRANT_YIELD_NARRATIVE" run-once="false" permanent="true">
        <Argument name="YieldType">YIELD_DIPLOMACY</Argument>
        <Argument name="MultiplierType">REWARD_TYPE_MEDIUM_EARLY</Argument>
    </Modifier>
    <Modifier id="11080C_NARRATIVE_MODIFIER" collection="COLLECTION_OWNER" effect="EFFECT_PLAYER_GRANT_YIELD_NARRATIVE" run-once="false" permanent="true">
        <Argument name="YieldType">YIELD_HAPPINESS</Argument>
        <Argument name="MultiplierType">REWARD_TYPE_MEDIUM_EARLY</Argument>
    </Modifier>
    <Modifier id="12010B_NARRATIVE_MODIFIER" collection="COLLECTION_PLAYER_UNITS" effect="EFFECT_UNIT_ADJUST_ABILITY" run-once="false" permanent="true">
        <SubjectRequirements>
            <Requirement type="REQUIREMENT_UNIT_TYPE_MATCHES">
                <Argument name="UnitType">UNIT_WARRIOR</Argument>
            </Requirement>
        </SubjectRequirements>
        <Argument name="AbilityType">ABILITY_NARRATIVE_STRENGTH</Argument>
    </Modifier>
    <Modifier id="12010C_NARRATIVE_MODIFIER" collection="COLLECTION_OWNER" effect="EFFECT_PLAYER_GRANT_YIELD_NARRATIVE" run-once="false" permanent="true">
        <Argument name="YieldType">YIELD_SCIENCE</Argument>
        <Argument name="MultiplierType">REWARD_TYPE_MINOR_EARLY</Argument>
    </Modifier>
    <Requirement id="REQ_STORY_CIVILIZATION_ASSYRIA" type="REQUIREMENT_PLAYER_CIVILIZATION_TYPE_MATCHES">
        <Argument name="CivilizationType">CIVILIZATION_ASSYRIA</Argument>
    </Requirement>
    <RequirementSet id="REQSET_11071A_NARRATIVE_REQUISITE">
        <Requirement xref="REQ_STORY_CIVILIZATION_ASSYRIA"/>
    </RequirementSet>
    <RequirementSet id="REQSET_11072A_NARRATIVE_REQUISITE">
        <Requirement xref="REQ_STORY_CIVILIZATION_ASSYRIA"/>
    </RequirementSet>
    <RequirementSet id="REQSET_11073A_NARRATIVE_REQUISITE">
        <Requirement xref="REQ_STORY_CIVILIZATION_ASSYRIA"/>
    </RequirementSet>
    <RequirementSet id="REQSET_11074D_NARRATIVE_REQUISITE">
        <Requirement xref="REQ_STORY_CIVILIZATION_ASSYRIA"/>
    </RequirementSet>
    <RequirementSet id="REQSET_11075A_NARRATIVE_REQUISITE">
        <Requirement xref="REQ_STORY_CIVILIZATION_ASSYRIA"/>
    </RequirementSet>
    <RequirementSet id="REQSET_11076D_NARRATIVE_REQUISITE">
        <Requirement xref="REQ_STORY_CIVILIZATION_ASSYRIA"/>
    </RequirementSet>
    <RequirementSet id="REQSET_11077A_NARRATIVE_REQUISITE">
        <Requirement xref="REQ_STORY_CIVILIZATION_ASSYRIA"/>
    </RequirementSet>
    <RequirementSet id="REQSET_11078A_NARRATIVE_REQUISITE">
        <Requirement xref="REQ_STORY_CIVILIZATION_ASSYRIA"/>
    </RequirementSet>
    <RequirementSet id="REQSET_11079D_NARRATIVE_REQUISITE">
        <Requirement xref="REQ_STORY_CIVILIZATION_ASSYRIA"/>
    </RequirementSet>
    <RequirementSet id="REQSET_11080A_NARRATIVE_REQUISITE">
        <Requirement xref="REQ_STORY_CIVILIZATION_ASSYRIA"/>
    </RequirementSet>
    <RequirementSet id="REQSET_11071A_NARRATIVE">
        <Requirement xref="REQ_STORY_CIVILIZATION_ASSYRIA"/>
        <Requirement type="REQUIREMENT_PLAYER_HAS_COMPLETED_PROGRESSION_TREE_NODE">
            <Argument name="ProgressionTreeNodeType">NODE_CIVIC_AQ_ASSYRIA_KIBRAT_ARBA_I</Argument>
            <Argument name="MinDepth">1</Argument>
        </Requirement>
    </RequirementSet>
    <RequirementSet id="REQSET_11072A_NARRATIVE">
        <Requirement xref="REQ_STORY_CIVILIZATION_ASSYRIA"/>
        <Requirement type="REQUIREMENT_PLAYER_STARTS_TRADE_ROUTE_WITH_MATCHING_BUILDING">
            <Argument name="BuildingType">BUILDING_ALTAR</Argument>
        </Requirement>
    </RequirementSet>
    <RequirementSet id="REQSET_11073A_NARRATIVE">
        <Requirement xref="REQ_STORY_CIVILIZATION_ASSYRIA"/>
        <Requirement type="REQUIREMENT_PLAYER_UNIT_DESTROYS_DISTRICT_DEFENSES">
            <Argument name="UnitTag">UNIT_CLASS_SIEGE</Argument>
        </Requirement>
    </RequirementSet>
    <RequirementSet id="REQSET_11074A_NARRATIVE">
        <Requirement xref="REQ_STORY_CIVILIZATION_ASSYRIA"/>
        <Requirement type="REQUIREMENT_PLAYER_CONQUERED_SETTLEMENT_WITH_BUILDING">
            <Argument name="BuildingType">BUILDING_ALTAR</Argument>
        </Requirement>
        <Requirement type="REQUIREMENT_PLAYER_HAS_AT_LEAST_NUM_GOSSIPS">
            <Argument name="GossipTypes">GOSSIP_CREATE_PANTHEON01</Argument>
        </Requirement>
    </RequirementSet>
    <RequirementSet id="REQSET_11075A_NARRATIVE">
        <Requirement xref="REQ_STORY_CIVILIZATION_ASSYRIA"/>
        <Requirement type="REQUIREMENT_PLAYER_HAS_AT_LEAST_NUM_MILITARY_UNITS">
            <Argument name="Amount">15</Argument>
        </Requirement>
        <Requirement type="REQUIREMENT_PLAYER_HAS_AT_LEAST_NUM_BUILDINGS">
            <Argument name="Amount">3</Argument>
            <Argument name="BuildingType">BUILDING_CITADEL</Argument>
        </Requirement>
    </RequirementSet>
    <RequirementSet id="REQSET_11076A_NARRATIVE">
        <Requirement type="REQUIREMENT_PLAYER_HAS_X_SETTLEMENTS" inverse="true">
            <Argument name="CountPerConqueredSettlement">1</Argument>
            <Argument name="CountPerOwnSettlement">1</Argument>
            <Argument name="RequiredCount">6</Argument>
        </Requirement>
    </RequirementSet>
    <RequirementSet id="REQSET_11076D_NARRATIVE">
        <Requirement xref="REQ_STORY_CIVILIZATION_ASSYRIA"/>
        <Requirement type="REQUIREMENT_PLAYER_HAS_X_SETTLEMENTS">
            <Argument name="CountPerConqueredSettlement">1</Argument>
            <Argument name="CountPerOwnSettlement">1</Argument>
            <Argument name="RequiredCount">7</Argument>
        </Requirement>
    </RequirementSet>
    <RequirementSet id="REQSET_11077A_NARRATIVE">
        <Requirement xref="REQ_STORY_CIVILIZATION_ASSYRIA"/>
        <Requirement type="REQUIREMENT_PLAYER_HAS_ACTIVE_TRADITION">
            <Argument name="TraditionType">TRADITION_MIHISTU</Argument>
        </Requirement>
        <Requirement type="REQUIREMENT_PLAYER_HAS_AT_LEAST_NUM_BUILDINGS">
            <Argument name="Amount">12</Argument>
            <Argument name="BuildingTag">PRODUCTION</Argument>
        </Requirement>
    </RequirementSet>
    <RequirementSet id="REQSET_11078A_NARRATIVE">
        <Requirement xref="REQ_STORY_CIVILIZATION_ASSYRIA"/>
        <Requirement type="REQUIREMENT_PLAYER_HAS_AT_LEAST_NUM_BUILDINGS">
            <Argument name="Amount">1</Argument>
            <Argument name="BuildingType">BUILDING_ROYAL_LIBRARY</Argument>
        </Requirement>
    </RequirementSet>
    <RequirementSet id="REQSET_11078B_NARRATIVE">
        <Requirement type="REQUIREMENT_PLAYER_HAS_AT_LEAST_NUM_GOSSIPS">
            <Argument name="GossipTypes">GOSSIP_CONQUER_CITY01</Argument>
            <Argument name="GOSSIP_CONQUER_CITY01">Hash,OtherPlayer,Other</Argument>
            <Argument name="AfterInit">True</Argument>
        </Requirement>
    </RequirementSet>
    <RequirementSet id="REQSET_11079A_NARRATIVE">
        <Requirement type="REQUIREMENT_PLAYER_HAS_AT_LEAST_NUM_GOSSIPS">
            <Argument name="GossipTypes">GOSSIP_DIPLOMACY_ACTION_STARTED01</Argument>
            <Argument name="GOSSIP_DIPLOMACY_ACTION_STARTED01">Hash,OtherPlayer,Other,Hash,DiplomacyActionType,DIPLOMACY_ACTION_LOCAL_FESTIVALS</Argument>
            <Argument name="AfterInit">True</Argument>
        </Requirement>
    </RequirementSet>
    <RequirementSet id="REQSET_11079D_NARRATIVE">
        <Requirement xref="REQ_STORY_CIVILIZATION_ASSYRIA"/>
        <Requirement type="REQUIREMENT_PLAYER_HAS_AT_LEAST_NUM_BUILDINGS">
            <Argument name="Amount">1</Argument>
            <Argument name="BuildingType">BUILDING_ARENA</Argument>
        </Requirement>
    </RequirementSet>
    <RequirementSet id="REQSET_11080A_NARRATIVE">
        <Requirement xref="REQ_STORY_CIVILIZATION_ASSYRIA"/>
        <Requirement type="REQUIREMENT_PLAYER_HAS_AT_LEAST_NUM_GOSSIPS">
            <Argument name="GossipTypes">GOSSIP_UNIT_COMBAT_DEATH01</Argument>
            <Argument name="GOSSIP_UNIT_COMBAT_DEATH01">Hash,IsDyingUnitCommander,True,Hash,OtherPlayer,Self,Hash,IsKillingUnitPlotOwner,True</Argument>
        </Requirement>
    </RequirementSet>
    <RequirementSet id="REQSET_12010A_NARRATIVE">
        <Requirement type="REQUIREMENT_PLAYER_HAS_AT_LEAST_NUM_GOSSIPS">
            <Argument name="GossipTypes">GOSSIP_PLAYERS_MEET01</Argument>
            <Argument name="GOSSIP_PLAYERS_MEET01">Hash,OtherPlayer,Other,Hash,Civilization,CIVILIZATION_ASSYRIA</Argument>
        </Requirement>
    </RequirementSet>
</GameEffects>
