<?xml version="1.0" encoding="utf-8"?>
<Database>
	<Types>
		<!--Civ Unique Military-->
		<Row Type="UNIT_MAGARRU" Kind="KIND_UNIT"/>
		<Row Type="UNIT_MAGARRU_2" Kind="KIND_UNIT"/>
		<!--Civ Unique Civilian-->
		<Row Type="UNIT_TURTANU" Kind="KIND_UNIT"/>
		<!--Civ Unique Abilities-->
		<Row Type="ABILITY_MAGARRU" Kind="KIND_ABILITY"/>
		<Row Type="ABILITY_TURTANU" Kind="KIND_ABILITY"/>
		<Row Type="ABILITY_TURTANU_COMBAT" Kind="KIND_ABILITY"/>
		<Row Type="ABILITY_KIBRAT_ARBA_I" Kind="KIND_ABILITY"/>
		<Row Type="ABILITY_KIBRAT_ARBA_I_COMBAT" Kind="KIND_ABILITY"/>
	</Types>
	<Units>
		<!--Civ Unique Military-->
		<Row UnitType="UNIT_MAGARRU" Name="LOC_UNIT_MAGARRU_NAME" Description="LOC_UNIT_MAGARRU_DESCRIPTION" Tier="2" Maintenance="2" BaseSightRange="2" BaseMoves="4" UnitMovementClass="UNIT_MOVEMENT_CLASS_WHEELED" Domain="DOMAIN_LAND" CoreClass="CORE_CLASS_MILITARY" FormationClass="FORMATION_CLASS_LAND_COMBAT" ZoneOfControl="true" TraitType="TRAIT_ASSYRIA"/>
		<Row UnitType="UNIT_MAGARRU_2" Name="LOC_UNIT_MAGARRU_NAME" Description="LOC_UNIT_MAGARRU_2_DESCRIPTION" Tier="3" Maintenance="3" BaseSightRange="2" BaseMoves="4" UnitMovementClass="UNIT_MOVEMENT_CLASS_WHEELED" Domain="DOMAIN_LAND" CoreClass="CORE_CLASS_MILITARY" FormationClass="FORMATION_CLASS_LAND_COMBAT" ZoneOfControl="true" TraitType="TRAIT_ASSYRIA"/>
		<!--Civ Unique Civilian-->
		<Row UnitType="UNIT_TURTANU" Name="LOC_UNIT_TURTANU_NAME" Description="LOC_UNIT_TURTANU_DESCRIPTION" BaseSightRange="2" BaseMoves="2" UnitMovementClass="UNIT_MOVEMENT_CLASS_FOOT" Domain="DOMAIN_LAND" CoreClass="CORE_CLASS_SUPPORT" FormationClass="FORMATION_CLASS_COMMAND" ZoneOfControl="true" CostProgressionModel="COST_PROGRESSION_PREVIOUS_COPIES" CostProgressionParam1="200" CanEarnExperience="true" PromotionClass="PROMOTION_CLASS_LAND_COMMANDER" TraitType="TRAIT_ASSYRIA"/>
	</Units>
	<Unit_Stats>
		<!--Civ Unique Military-->
		<Row UnitType="UNIT_MAGARRU" Combat="30"/>
		<Row UnitType="UNIT_MAGARRU_2" Combat="35"/>
		<Row UnitType="UNIT_TURTANU"/>
	</Unit_Stats>
	<Unit_Costs>
		<!--Civ Unique Military-->
		<Row UnitType="UNIT_MAGARRU" YieldType="YIELD_PRODUCTION" Cost="80"/>
		<Row UnitType="UNIT_MAGARRU_2" YieldType="YIELD_PRODUCTION" Cost="120"/>
		<!--Civ Unique Civilian-->
		<Row UnitType="UNIT_TURTANU" YieldType="YIELD_PRODUCTION" Cost="100"/>
	</Unit_Costs>
	<UnitUpgrades>
		<!--Civ Unique Military-->
		<Row Unit="UNIT_MAGARRU" UpgradeUnit="UNIT_MAGARRU_2"/>
	</UnitUpgrades>
	<UnitReplaces>
		<!--Civ Unique Military-->
		<Row CivUniqueUnitType="UNIT_MAGARRU" ReplacesUnitType="UNIT_CHARIOT"/>
		<Row CivUniqueUnitType="UNIT_MAGARRU_2" ReplacesUnitType="UNIT_HORSEMAN"/>
		<!--Civ Unique Civilian-->
		<Row CivUniqueUnitType="UNIT_TURTANU" ReplacesUnitType="UNIT_ARMY_COMMANDER"/>
	</UnitReplaces>
	<Unit_TransitionRetains>
		<Row UnitType="UNIT_TURTANU"/>
	</Unit_TransitionRetains>
	<Tags>
		<!--Civ Unique Military-->
		<Row Tag="UNIT_CLASS_MAGARRU" Category="UNIT_CLASS"/>
		<!--Civ Unique Civilian-->
		<Row Tag="UNIT_CLASS_TURTANU" Category="UNIT_CLASS"/>
	</Tags>
	<TypeTags>
		<!--Civ Unique Military-->
		<Row Type="UNIT_MAGARRU" Tag="UNIT_CLASS_COMBAT"/>
		<Row Type="UNIT_MAGARRU" Tag="UNIT_CLASS_WHEELED"/>
		<Row Type="UNIT_MAGARRU" Tag="UNIT_CLASS_CAVALRY"/>
		<Row Type="UNIT_MAGARRU" Tag="UNIT_CLASS_MAGARRU"/>
		<Row Type="UNIT_MAGARRU_2" Tag="UNIT_CLASS_COMBAT"/>
		<Row Type="UNIT_MAGARRU_2" Tag="UNIT_CLASS_WHEELED"/>
		<Row Type="UNIT_MAGARRU_2" Tag="UNIT_CLASS_CAVALRY"/>
		<Row Type="UNIT_MAGARRU_2" Tag="UNIT_CLASS_MAGARRU"/>
		<Row Type="UNIT_MAGARRU_2" Tag="UNIT_CLASS_ELITE_CAVALRY"/>
		<!--Civ Unique Civilian-->
		<Row Type="UNIT_TURTANU" Tag="UNIT_CLASS_COMMAND"/>
		<Row Type="UNIT_TURTANU" Tag="UNIT_CLASS_ARMY_COMMANDER"/>
		<Row Type="UNIT_TURTANU" Tag="UNIT_CLASS_TURTANU"/>
	</TypeTags>
	<UnitClass_Abilities>
		<Row UnitAbilityType="ABILITY_MAGARRU" UnitClassType="UNIT_CLASS_MAGARRU"/>
		<Row UnitAbilityType="ABILITY_TURTANU" UnitClassType="UNIT_CLASS_TURTANU"/>
		<Row UnitAbilityType="ABILITY_KIBRAT_ARBA_I" UnitClassType="UNIT_CLASS_TURTANU"/>
		<Row UnitAbilityType="ABILITY_KIBRAT_ARBA_I_COMBAT" UnitClassType="UNIT_CLASS_MAGARRU"/>
	</UnitClass_Abilities>
	<UnitAbilities>
		<!--Unique-->
		<Row UnitAbilityType="ABILITY_MAGARRU" Name="LOC_UNIT_MAGARRU_NAME" Description="LOC_ABILITY_MAGARRU_DESCRIPTION"/>
		<Row UnitAbilityType="ABILITY_TURTANU" Name="LOC_UNIT_TURTANU_NAME" Description="LOC_ABILITY_TURTANU_DESCRIPTION"/>
		<Row UnitAbilityType="ABILITY_KIBRAT_ARBA_I" Name="LOC_CIVIC_KIBRAT_ARBA_I_NAME" Description="LOC_MOD_KIBRAT_ARBA_I_COMBAT_MAGARRU_DESCRIPTION" Inactive="true"/>
		<Row UnitAbilityType="ABILITY_KIBRAT_ARBA_I_COMBAT" Name="LOC_CIVIC_KIBRAT_ARBA_I_NAME" Description="LOC_MOD_KIBRAT_ARBA_I_COMBAT_MAGARRU_DESCRIPTION" Inactive="true"/>
	</UnitAbilities>
	<UnitAbilityModifiers>
		<Row UnitAbilityType="ABILITY_MAGARRU" ModifierId="MAGARRU_MOD_MOVE_AFTER_ATTACK"/>
		<Row UnitAbilityType="ABILITY_MAGARRU" ModifierId="MAGARRU_MOD_IGNORE_ZOC"/>
		<Row UnitAbilityType="ABILITY_TURTANU" ModifierId="TURTANU_COMMAND_RADIUS"/>
		<Row UnitAbilityType="ABILITY_KIBRAT_ARBA_I" ModifierId="MAGARRU_COMMAND_RADIUS"/>
		<Row UnitAbilityType="ABILITY_KIBRAT_ARBA_I_COMBAT" ModifierId="MAGARRU_COMMAND_RADIUS_EFFECT"/>
	</UnitAbilityModifiers>
	<Unit_Advisories>
		<Row UnitType="UNIT_MAGARRU" AdvisoryClassType="ADVISORY_CLASS_MILITARY"/>
		<Row UnitType="UNIT_TURTANU" AdvisoryClassType="ADVISORY_CLASS_MILITARY"/>
	</Unit_Advisories>
</Database>