<?xml version="1.0" encoding="utf-8"?>
<metaprogression xmlns="Metaprogression">
	<challenges class="CHALLENGE_CLASS_FOUNDATION" category="CHALLENGE_CATEGORY_FOUNDATION_CIV_VICTORIES" legendPath="LEGEND_PATH_FOUNDATION">
		<challenge id="CHALLENGE_NEPAL_LEGACY_PATH_CULTURAL" scope="Campaign" difficulty="2">
			<l10n>
				<name>Nepal Legacy Path</name>
				<description>As Nepal, complete a Cultural Legacy Path</description>
			</l10n>
			<sortIndex>106000</sortIndex>
			<reward type="XP" reward="50" />
		</challenge>
		<challenge id="CHALLENGE_NEPAL_LEGACY_PATH_MILESTONE_COMPLETED" scope="Campaign" difficulty="2" hidden="true">
			<l10n>
				<name>Nepal Legacy Path Milestone</name>
				<description>As Nepal, reach at least 1 Legacy Path Milestone</description>
			</l10n>
			<sortIndex>106210</sortIndex>
		</challenge>
	</challenges>
	<challenges class="CHALLENGE_CLASS_FOUNDATION" category="CHALLENGE_CATEGORY_FOUNDATION_WONDERS" legendPath="LEGEND_PATH_FOUNDATION">
		<challenge id="CHALLENGE_NEPAL_COMPLETE_BOUDHANATH" scope="Campaign" difficulty="2">
			<l10n>
				<name>Boudhanath</name>
				<description>As Nepal, complete the Boudhanath</description>
			</l10n>
			<sortIndex>106100</sortIndex>
			<reward type="XP" reward="50" />
		</challenge>
	</challenges>
</metaprogression>