<?xml version="1.0" encoding="utf-8"?>
<Database>
	<Kinds>
		<InsertOrIgnore Kind="KIND_CONSTRUCTIBLE"/>
	</Kinds>
	<Types>
		<!--Civ Unique Buildings-->
		<Row Type="BUILDING_ROYAL_EXCHANGE" Kind="KIND_CONSTRUCTIBLE"/>
		<Row Type="BUILDING_MANUFACTORY" Kind="KIND_CONSTRUCTIBLE"/>
		<Row Type="QUARTER_FINANCIAL_CENTRE" Kind="KIND_QUARTER"/>
		<!--Wonders-->
		<Row Type="WONDER_BATTERSEA_POWER_STATION" Kind="KIND_CONSTRUCTIBLE"/>
	</Types>
	<TypeQuotes>
		<Row Type="WONDER_BATTERSEA_POWER_STATION" Quote="LOC_QUOTE_WONDER_BATTERSEA_POWER_STATION" QuoteAuthor="LOC_QUOTE_AUTHOR_WONDER_BATTERSEA_POWER_STATION" QuoteAudio="VO_Quote_BatterseaPowerStation"/>
	</TypeQuotes>
	<Constructibles>
		<!--Civ Unique Buildings-->
		<Row ConstructibleType="BUILDING_ROYAL_EXCHANGE" Name="LOC_BUILDING_ROYAL_EXCHANGE_NAME" Description="LOC_BUILDING_ROYAL_EXCHANGE_DESCRIPTION" Tooltip="LOC_BUILDING_ROYAL_EXCHANGE_TOOLTIP" ConstructibleClass="BUILDING" Cost="650" Population="1" Age="AGE_MODERN"/>
		<Row ConstructibleType="BUILDING_MANUFACTORY" Name="LOC_BUILDING_MANUFACTORY_NAME" Description="LOC_BUILDING_MANUFACTORY_DESCRIPTION" Tooltip="LOC_BUILDING_MANUFACTORY_TOOLTIP" ConstructibleClass="BUILDING" Cost="650" Population="1" Age="AGE_MODERN"/>
		<!--Wonders-->
		<Row ConstructibleType="WONDER_BATTERSEA_POWER_STATION" Name="LOC_WONDER_BATTERSEA_POWER_STATION_NAME" Description="LOC_WONDER_BATTERSEA_POWER_STATION_DESCRIPTION" Tooltip="LOC_WONDER_BATTERSEA_POWER_STATION_TOOLTIP" ConstructibleClass="WONDER" Cost="1000" AdjacentTerrain="TERRAIN_COAST" Population="0" ImmuneDamage="true" Age="AGE_MODERN" RequiresUnlock="true"/>
	</Constructibles>
	<Buildings>
		<!-- Civ Unique Buildings -->
		<Row ConstructibleType="BUILDING_ROYAL_EXCHANGE" Movable="false" TraitType="TRAIT_GREAT_BRITAIN"/>
		<Row ConstructibleType="BUILDING_MANUFACTORY" Movable="false" TraitType="TRAIT_GREAT_BRITAIN"/>
	</Buildings>
	<Wonders>
		<Row ConstructibleType="WONDER_BATTERSEA_POWER_STATION" AdjacentToLand="true" MaxWorldInstances="1"/>
	</Wonders>
	<TypeTags>
		<Row Type="BUILDING_ROYAL_EXCHANGE" Tag="GOLD"/>
		<Row Type="BUILDING_ROYAL_EXCHANGE" Tag="UNIQUE"/>
		<Row Type="BUILDING_ROYAL_EXCHANGE" Tag="AGELESS"/>
		<Row Type="BUILDING_MANUFACTORY" Tag="PRODUCTION"/>
		<Row Type="BUILDING_MANUFACTORY" Tag="UNIQUE"/>
		<Row Type="BUILDING_MANUFACTORY" Tag="AGELESS"/>
	</TypeTags>
	<Constructible_ValidDistricts>
		<Row ConstructibleType="BUILDING_ROYAL_EXCHANGE" DistrictType="DISTRICT_CITY_CENTER"/>
		<Row ConstructibleType="BUILDING_ROYAL_EXCHANGE" DistrictType="DISTRICT_URBAN"/>
		<Row ConstructibleType="BUILDING_MANUFACTORY" DistrictType="DISTRICT_CITY_CENTER"/>
		<Row ConstructibleType="BUILDING_MANUFACTORY" DistrictType="DISTRICT_URBAN"/>
		<!--Wonders-->
		<Row ConstructibleType="WONDER_BATTERSEA_POWER_STATION" DistrictType="DISTRICT_WONDER"/>
	</Constructible_ValidDistricts>
	<Constructible_YieldChanges>
		<Row ConstructibleType="BUILDING_ROYAL_EXCHANGE" YieldType="YIELD_GOLD" YieldChange="5"/>
		<Row ConstructibleType="BUILDING_MANUFACTORY" YieldType="YIELD_PRODUCTION" YieldChange="5"/>
		<!--Wonders-->
		<Row ConstructibleType="WONDER_BATTERSEA_POWER_STATION" YieldType="YIELD_PRODUCTION" YieldChange="4"/>
	</Constructible_YieldChanges>
	<Constructible_Maintenances>
		<Row ConstructibleType="BUILDING_ROYAL_EXCHANGE" YieldType="YIELD_GOLD" Amount="0"/>
		<Row ConstructibleType="BUILDING_ROYAL_EXCHANGE" YieldType="YIELD_HAPPINESS" Amount="4"/>
		<Row ConstructibleType="BUILDING_MANUFACTORY" YieldType="YIELD_HAPPINESS" Amount="4"/>
		<Row ConstructibleType="BUILDING_MANUFACTORY" YieldType="YIELD_GOLD" Amount="0"/>
	</Constructible_Maintenances>
	<Constructible_Adjacencies>
		<Row ConstructibleType="BUILDING_ROYAL_EXCHANGE" YieldChangeId="RoyalExchangeGold"/>
		<Row ConstructibleType="BUILDING_ROYAL_EXCHANGE" YieldChangeId="WonderGold"/>
		<Row ConstructibleType="BUILDING_MANUFACTORY" YieldChangeId="ManufactoryResourceProduction"/>
		<Row ConstructibleType="BUILDING_MANUFACTORY" YieldChangeId="RiverGold"/>
		<Row ConstructibleType="BUILDING_MANUFACTORY" YieldChangeId="WonderProduction"/>
	</Constructible_Adjacencies>
	<Adjacency_YieldChanges>
		<Row ID="RoyalExchangeGold" YieldType="YIELD_GOLD" YieldChange="1" TilesRequired="1" ProjectMaxYield="true" AdjacentQuarter="true"/>
		<Row ID="ManufactoryResourceProduction" YieldType="YIELD_PRODUCTION" YieldChange="1" TilesRequired="1" ProjectMaxYield="true" AdjacentResource="true"/>
	</Adjacency_YieldChanges>
	<Constructible_Plunders>
		<Row ConstructibleType="BUILDING_ROYAL_EXCHANGE" PlunderType="PLUNDER_GOLD" Amount="70"/>
		<Row ConstructibleType="BUILDING_MANUFACTORY" PlunderType="PLUNDER_GOLD" Amount="70"/>
	</Constructible_Plunders>
	<ConstructibleModifiers>
		<!--Wonders-->
		<Row ConstructibleType="WONDER_BATTERSEA_POWER_STATION" ModifierId="MOD_BATTERSEA_POWER_STATION_TRAIN_TWO_NAVAL_UNITS"/>
	</ConstructibleModifiers>
	<GameModifiers>
		<!-- Unique Quarter modifiers are game-wide -->
		<Row ModifierId="MOD_GREAT_BRITAIN_FINANCIAL_CENTRE_GOLD"/>
		<Row ModifierId="MOD_GREAT_BRITAIN_FINANCIAL_CENTRE_SCIENCE"/>
	</GameModifiers>
	<UniqueQuarters>
		<Row UniqueQuarterType="QUARTER_FINANCIAL_CENTRE" BuildingType1="BUILDING_ROYAL_EXCHANGE" BuildingType2="BUILDING_MANUFACTORY" Name="LOC_QUARTER_FINANCIAL_CENTRE_NAME" Description="LOC_QUARTER_FINANCIAL_CENTRE_DESCRIPTION" Tooltip="LOC_QUARTER_FINANCIAL_CENTRE_TOOLTIP" TraitType="TRAIT_GREAT_BRITAIN"/>
	</UniqueQuarters>
	<!-- These are listed here so the AI can evalutate Unique Quarters. They do not have any effects on the game for human players. -->
	<UniqueQuarterModifiers>
		<Row UniqueQuarterType="QUARTER_FINANCIAL_CENTRE" ModifierId="MOD_GREAT_BRITAIN_FINANCIAL_CENTRE_GOLD"/>
		<Row UniqueQuarterType="QUARTER_FINANCIAL_CENTRE" ModifierId="MOD_GREAT_BRITAIN_FINANCIAL_CENTRE_SCIENCE"/>
	</UniqueQuarterModifiers>
	<Constructible_Advisories>
		<Row ConstructibleType="BUILDING_ROYAL_EXCHANGE" AdvisoryClassType="ADVISORY_CLASS_ECONOMIC"/>
		<Row ConstructibleType="BUILDING_ROYAL_EXCHANGE" AdvisoryClassType="ADVISORY_CLASS_TRADE"/>
		<Row ConstructibleType="BUILDING_MANUFACTORY" AdvisoryClassType="ADVISORY_CLASS_ECONOMIC"/>
		<Row ConstructibleType="BUILDING_MANUFACTORY" AdvisoryClassType="ADVISORY_CLASS_TRADE"/>
	</Constructible_Advisories>
</Database>