﻿<?xml version="1.0" encoding="utf-8"?>
<Database>
    <Types>
        <Row Type="11010A" Kind="KIND_NARRATIVE_STORY"/>
        <Row Type="11010B" Kind="KIND_NARRATIVE_STORY"/>
        <Row Type="11010C" Kind="KIND_NARRATIVE_STORY"/>
        <Row Type="11011A" Kind="KIND_NARRATIVE_STORY"/>
        <Row Type="11011B" Kind="KIND_NARRATIVE_STORY"/>
        <Row Type="11011C" Kind="KIND_NARRATIVE_STORY"/>
        <Row Type="11011D" Kind="KIND_NARRATIVE_STORY"/>
        <Row Type="11012A" Kind="KIND_NARRATIVE_STORY"/>
        <Row Type="11012B" Kind="KIND_NARRATIVE_STORY"/>
        <Row Type="11012C" Kind="KIND_NARRATIVE_STORY"/>
        <Row Type="11012D" Kind="KIND_NARRATIVE_STORY"/>
        <Row Type="11013A" Kind="KIND_NARRATIVE_STORY"/>
        <Row Type="11013B" Kind="KIND_NARRATIVE_STORY"/>
        <Row Type="11013C" Kind="KIND_NARRATIVE_STORY"/>
        <Row Type="11013D" Kind="KIND_NARRATIVE_STORY"/>
        <Row Type="11014A" Kind="KIND_NARRATIVE_STORY"/>
        <Row Type="11014B" Kind="KIND_NARRATIVE_STORY"/>
        <Row Type="11014C" Kind="KIND_NARRATIVE_STORY"/>
        <Row Type="11015A" Kind="KIND_NARRATIVE_STORY"/>
        <Row Type="11015B" Kind="KIND_NARRATIVE_STORY"/>
        <Row Type="11015C" Kind="KIND_NARRATIVE_STORY"/>
        <Row Type="11016A" Kind="KIND_NARRATIVE_STORY"/>
        <Row Type="11016B" Kind="KIND_NARRATIVE_STORY"/>
        <Row Type="11016C" Kind="KIND_NARRATIVE_STORY"/>
        <Row Type="11017A" Kind="KIND_NARRATIVE_STORY"/>
        <Row Type="11017B" Kind="KIND_NARRATIVE_STORY"/>
        <Row Type="11017C" Kind="KIND_NARRATIVE_STORY"/>
        <Row Type="11018A" Kind="KIND_NARRATIVE_STORY"/>
        <Row Type="11018B" Kind="KIND_NARRATIVE_STORY"/>
        <Row Type="11018C" Kind="KIND_NARRATIVE_STORY"/>
        <Row Type="11019A" Kind="KIND_NARRATIVE_STORY"/>
        <Row Type="11019B" Kind="KIND_NARRATIVE_STORY"/>
        <Row Type="11019C" Kind="KIND_NARRATIVE_STORY"/>
        <Row Type="11019D" Kind="KIND_NARRATIVE_STORY"/>
        <Row Type="11019E" Kind="KIND_NARRATIVE_STORY"/>
        <Row Type="11019_ALT2A" Kind="KIND_NARRATIVE_STORY"/>
        <Row Type="11019_ALT2B" Kind="KIND_NARRATIVE_STORY"/>
        <Row Type="11019_ALT2C" Kind="KIND_NARRATIVE_STORY"/>
        <Row Type="11019_ALT2E" Kind="KIND_NARRATIVE_STORY"/>
        <Row Type="11068A" Kind="KIND_NARRATIVE_STORY"/>
        <Row Type="11068B" Kind="KIND_NARRATIVE_STORY"/>
        <Row Type="11068C" Kind="KIND_NARRATIVE_STORY"/>
        <Row Type="12005A" Kind="KIND_NARRATIVE_STORY"/>
        <Row Type="12005B" Kind="KIND_NARRATIVE_STORY"/>
        <Row Type="12005C" Kind="KIND_NARRATIVE_STORY"/>
    </Types>
    <NarrativeStories>
        <Row NarrativeStoryType="11010A" Name="LOC_11010A_NAME" Description="LOC_11010A_DESCRIPTION" Completion="LOC_11010A_COMPLETION" StoryTitle="LOC_11010A_STORYTITLE" Age="AGE_MODERN" Activation="REQUISITE" RequirementSetId="REQSET_11010A_NARRATIVE" ActivationRequirementSetId="REQSET_11010A_NARRATIVE_REQUISITE" UIActivation="STANDARD"/>
        <Row NarrativeStoryType="11010B" Name="LOC_11010B_NAME" Description="LOC_11010B_DESCRIPTION" Completion="LOC_11010B_COMPLETION" Age="AGE_MODERN" Activation="LINKED" Hidden="TRUE" RequirementSetId="Met" UIActivation="STANDARD"/>
        <Row NarrativeStoryType="11010C" Name="LOC_11010C_NAME" Description="LOC_11010C_DESCRIPTION" Completion="LOC_11010C_COMPLETION" Age="AGE_MODERN" Activation="LINKED" Hidden="TRUE" RequirementSetId="Met" UIActivation="STANDARD"/>
        <Row NarrativeStoryType="11011A" Name="LOC_11011A_NAME" Description="LOC_11011A_DESCRIPTION" Completion="LOC_11011A_COMPLETION" StoryTitle="LOC_11011A_STORYTITLE" Age="AGE_MODERN" Activation="UNLOCKED" RequirementSetId="REQSET_11011A_NARRATIVE" UIActivation="STANDARD"/>
        <Row NarrativeStoryType="11011B" Name="LOC_11011B_NAME" Description="LOC_11011B_DESCRIPTION" Completion="LOC_11011B_COMPLETION" Age="AGE_MODERN" Activation="LINKED" Hidden="TRUE" RequirementSetId="Met" UIActivation="STANDARD"/>
        <Row NarrativeStoryType="11011C" Name="LOC_11011C_NAME" Description="LOC_11011C_DESCRIPTION" Completion="LOC_11011C_COMPLETION" Age="AGE_MODERN" Activation="LINKED" Hidden="TRUE" RequirementSetId="Met" UIActivation="STANDARD"/>
        <Row NarrativeStoryType="11011D" Name="LOC_11011D_NAME" Description="LOC_11011D_DESCRIPTION" Completion="LOC_11011D_COMPLETION" Age="AGE_MODERN" Activation="REQUISITE" Hidden="TRUE" RequirementSetId="REQSET_11011D_NARRATIVE" ActivationRequirementSetId="REQSET_11011D_NARRATIVE_REQUISITE" UIActivation="STANDARD"/>
        <Row NarrativeStoryType="11012A" Name="LOC_11012A_NAME" Description="LOC_11012A_DESCRIPTION" Completion="LOC_11012A_COMPLETION" StoryTitle="LOC_11012A_STORYTITLE" Age="AGE_MODERN" Activation="REQUISITE" RequirementSetId="REQSET_11012A_NARRATIVE" ActivationRequirementSetId="REQSET_11012A_NARRATIVE_REQUISITE" UIActivation="STANDARD"/>
        <Row NarrativeStoryType="11012B" Name="LOC_11012B_NAME" Description="LOC_11012B_DESCRIPTION" Completion="LOC_11012B_COMPLETION" Age="AGE_MODERN" Activation="LINKED" Hidden="TRUE" RequirementSetId="Met" UIActivation="STANDARD"/>
        <Row NarrativeStoryType="11012C" Name="LOC_11012C_NAME" Description="LOC_11012C_DESCRIPTION" Completion="LOC_11012C_COMPLETION" Age="AGE_MODERN" Activation="LINKED" Hidden="TRUE" RequirementSetId="Met" UIActivation="STANDARD" Cost="75" CostYield="YIELD_DIPLOMACY"/>
        <Row NarrativeStoryType="11012D" Name="LOC_11012D_NAME" Description="LOC_11012D_DESCRIPTION" Completion="LOC_11012D_COMPLETION" Age="AGE_MODERN" Activation="LINKED" Hidden="TRUE" RequirementSetId="Met" UIActivation="STANDARD" Cost="75" CostYield="YIELD_DIPLOMACY"/>
        <Row NarrativeStoryType="11013A" Name="LOC_11013A_NAME" Description="LOC_11013A_DESCRIPTION" Completion="LOC_11013A_COMPLETION" StoryTitle="LOC_11013A_STORYTITLE" Age="AGE_MODERN" Activation="UNLOCKED" RequirementSetId="REQSET_11013A_NARRATIVE" UIActivation="STANDARD"/>
        <Row NarrativeStoryType="11013B" Name="LOC_11013B_NAME" Description="LOC_11013B_DESCRIPTION" Completion="LOC_11013B_COMPLETION" Age="AGE_MODERN" Activation="LINKED" Hidden="TRUE" RequirementSetId="Met" UIActivation="STANDARD"/>
        <Row NarrativeStoryType="11013C" Name="LOC_11013C_NAME" Description="LOC_11013C_DESCRIPTION" Completion="LOC_11013C_COMPLETION" Age="AGE_MODERN" Activation="LINKED" Hidden="TRUE" RequirementSetId="Met" UIActivation="STANDARD"/>
        <Row NarrativeStoryType="11013D" Name="LOC_11013D_NAME" Description="LOC_11013D_DESCRIPTION" Completion="LOC_11013D_COMPLETION" Age="AGE_MODERN" Activation="REQUISITE" Hidden="TRUE" RequirementSetId="REQSET_11013D_NARRATIVE" ActivationRequirementSetId="REQSET_11013D_NARRATIVE_REQUISITE" UIActivation="STANDARD"/>
        <Row NarrativeStoryType="11014A" Name="LOC_11014A_NAME" Description="LOC_11014A_DESCRIPTION" Completion="LOC_11014A_COMPLETION" StoryTitle="LOC_11014A_STORYTITLE" Age="AGE_MODERN" Activation="REQUISITE" RequirementSetId="REQSET_11014A_NARRATIVE" ActivationRequirementSetId="REQSET_11014A_NARRATIVE_REQUISITE" UIActivation="STANDARD"/>
        <Row NarrativeStoryType="11014B" Name="LOC_11014B_NAME" Description="LOC_11014B_DESCRIPTION" Completion="LOC_11014B_COMPLETION" Age="AGE_MODERN" Activation="LINKED" Hidden="TRUE" RequirementSetId="Met" UIActivation="STANDARD"/>
        <Row NarrativeStoryType="11014C" Name="LOC_11014C_NAME" Description="LOC_11014C_DESCRIPTION" Completion="LOC_11014C_COMPLETION" Age="AGE_MODERN" Activation="LINKED" Hidden="TRUE" RequirementSetId="Met" UIActivation="STANDARD"/>
        <Row NarrativeStoryType="11015A" Name="LOC_11015A_NAME" Description="LOC_11015A_DESCRIPTION" Completion="LOC_11015A_COMPLETION" StoryTitle="LOC_11015A_STORYTITLE" Age="AGE_MODERN" Activation="REQUISITE" RequirementSetId="REQSET_11015A_NARRATIVE" ActivationRequirementSetId="REQSET_11015A_NARRATIVE_REQUISITE" UIActivation="STANDARD"/>
        <Row NarrativeStoryType="11015B" Name="LOC_11015B_NAME" Description="LOC_11015B_DESCRIPTION" Completion="LOC_11015B_COMPLETION" Age="AGE_MODERN" Activation="LINKED" Hidden="TRUE" RequirementSetId="Met" UIActivation="STANDARD"/>
        <Row NarrativeStoryType="11015C" Name="LOC_11015C_NAME" Description="LOC_11015C_DESCRIPTION" Completion="LOC_11015C_COMPLETION" Age="AGE_MODERN" Activation="LINKED" Hidden="TRUE" RequirementSetId="Met" UIActivation="STANDARD"/>
        <Row NarrativeStoryType="11016A" Name="LOC_11016A_NAME" Description="LOC_11016A_DESCRIPTION" Completion="LOC_11016A_COMPLETION" StoryTitle="LOC_11016A_STORYTITLE" Age="AGE_MODERN" Activation="REQUISITE" RequirementSetId="REQSET_11016A_NARRATIVE" ActivationRequirementSetId="REQSET_11016A_NARRATIVE_REQUISITE" UIActivation="STANDARD"/>
        <Row NarrativeStoryType="11016B" Name="LOC_11016B_NAME" Description="LOC_11016B_DESCRIPTION" Completion="LOC_11016B_COMPLETION" Age="AGE_MODERN" Activation="LINKED" Hidden="TRUE" RequirementSetId="Met" UIActivation="STANDARD"/>
        <Row NarrativeStoryType="11016C" Name="LOC_11016C_NAME" Description="LOC_11016C_DESCRIPTION" Completion="LOC_11016C_COMPLETION" Age="AGE_MODERN" Activation="LINKED" Hidden="TRUE" RequirementSetId="Met" UIActivation="STANDARD"/>
        <Row NarrativeStoryType="11017A" Name="LOC_11017A_NAME" Description="LOC_11017A_DESCRIPTION" Completion="LOC_11017A_COMPLETION" StoryTitle="LOC_11017A_STORYTITLE" Age="AGE_MODERN" Activation="REQUISITE" RequirementSetId="REQSET_11017A_NARRATIVE" ActivationRequirementSetId="REQSET_11017A_NARRATIVE_REQUISITE" UIActivation="STANDARD"/>
        <Row NarrativeStoryType="11017B" Name="LOC_11017B_NAME" Description="LOC_11017B_DESCRIPTION" Completion="LOC_11017B_COMPLETION" Age="AGE_MODERN" Activation="LINKED" Hidden="TRUE" RequirementSetId="Met" UIActivation="STANDARD"/>
        <Row NarrativeStoryType="11017C" Name="LOC_11017C_NAME" Description="LOC_11017C_DESCRIPTION" Completion="LOC_11017C_COMPLETION" Age="AGE_MODERN" Activation="LINKED" Hidden="TRUE" RequirementSetId="Met" UIActivation="STANDARD"/>
        <Row NarrativeStoryType="11018A" Name="LOC_11018A_NAME" Description="LOC_11018A_DESCRIPTION" Completion="LOC_11018A_COMPLETION" StoryTitle="LOC_11018A_STORYTITLE" Age="AGE_MODERN" Activation="REQUISITE" RequirementSetId="REQSET_11018A_NARRATIVE" ActivationRequirementSetId="REQSET_11018A_NARRATIVE_REQUISITE" UIActivation="STANDARD"/>
        <Row NarrativeStoryType="11018B" Name="LOC_11018B_NAME" Description="LOC_11018B_DESCRIPTION" Completion="LOC_11018B_COMPLETION" Age="AGE_MODERN" Activation="LINKED" Hidden="TRUE" RequirementSetId="Met" UIActivation="STANDARD" Cost="500" CostYield="YIELD_GOLD"/>
        <Row NarrativeStoryType="11018C" Name="LOC_11018C_NAME" Description="LOC_11018C_DESCRIPTION" Completion="LOC_11018C_COMPLETION" Age="AGE_MODERN" Activation="LINKED" Hidden="TRUE" RequirementSetId="Met" UIActivation="STANDARD"/>
        <Row NarrativeStoryType="11019A" Name="LOC_11019A_NAME" Description="LOC_11019A_DESCRIPTION" Completion="LOC_11019A_COMPLETION" StoryTitle="LOC_11019A_STORYTITLE" Age="AGE_MODERN" Activation="UNLOCKED" RequirementSetId="REQSET_11019A_NARRATIVE" UIActivation="STANDARD"/>
        <Row NarrativeStoryType="11019B" Name="LOC_11019B_NAME" Description="LOC_11019B_DESCRIPTION" Completion="LOC_11019B_COMPLETION" Age="AGE_MODERN" Activation="LINKED" Hidden="TRUE" RequirementSetId="Met" UIActivation="STANDARD"/>
        <Row NarrativeStoryType="11019C" Name="LOC_11019C_NAME" Description="LOC_11019C_DESCRIPTION" Completion="LOC_11019C_COMPLETION" Age="AGE_MODERN" Activation="LINKED" Hidden="TRUE" RequirementSetId="Met" UIActivation="STANDARD"/>
        <Row NarrativeStoryType="11019D" Name="LOC_11019D_NAME" Description="LOC_11019D_DESCRIPTION" Completion="LOC_11019D_COMPLETION" Age="AGE_MODERN" Activation="LINKED" Hidden="TRUE" RequirementSetId="Met" UIActivation="STANDARD"/>
        <Row NarrativeStoryType="11019E" Name="LOC_11019E_NAME" Description="LOC_11019E_DESCRIPTION" Completion="LOC_11019E_COMPLETION" Age="AGE_MODERN" Activation="REQUISITE" Hidden="TRUE" RequirementSetId="REQSET_11019E_NARRATIVE" ActivationRequirementSetId="REQSET_11019E_NARRATIVE_REQUISITE" UIActivation="STANDARD"/>
        <Row NarrativeStoryType="11019_ALT2A" Name="LOC_11019_ALT2A_NAME" Description="LOC_11019_ALT2A_DESCRIPTION" Completion="LOC_11019_ALT2A_COMPLETION" StoryTitle="LOC_11019_ALT2A_STORYTITLE" Age="AGE_MODERN" Activation="UNLOCKED" RequirementSetId="REQSET_11019_ALT2A_NARRATIVE" UIActivation="STANDARD"/>
        <Row NarrativeStoryType="11019_ALT2B" Name="LOC_11019_ALT2B_NAME" Description="LOC_11019_ALT2B_DESCRIPTION" Completion="LOC_11019_ALT2B_COMPLETION" Age="AGE_MODERN" Activation="LINKED" Hidden="TRUE" RequirementSetId="Met" UIActivation="STANDARD"/>
        <Row NarrativeStoryType="11019_ALT2C" Name="LOC_11019_ALT2C_NAME" Description="LOC_11019_ALT2C_DESCRIPTION" Completion="LOC_11019_ALT2C_COMPLETION" Age="AGE_MODERN" Activation="LINKED" Hidden="TRUE" RequirementSetId="Met" UIActivation="STANDARD"/>
        <Row NarrativeStoryType="11019_ALT2E" Name="LOC_11019_ALT2E_NAME" Description="LOC_11019_ALT2E_DESCRIPTION" Completion="LOC_11019_ALT2E_COMPLETION" Age="AGE_MODERN" Activation="REQUISITE" Hidden="TRUE" RequirementSetId="REQSET_11019_ALT2E_NARRATIVE" ActivationRequirementSetId="REQSET_11019_ALT2E_NARRATIVE_REQUISITE" UIActivation="STANDARD"/>
        <Row NarrativeStoryType="11068A" Name="LOC_11068A_NAME" Description="LOC_11068A_DESCRIPTION" Completion="LOC_11068A_COMPLETION" StoryTitle="LOC_11068A_STORYTITLE" Age="AGE_MODERN" Activation="REQUISITE" RequirementSetId="REQSET_11068A_NARRATIVE" ActivationRequirementSetId="REQSET_11068A_NARRATIVE_REQUISITE" UIActivation="STANDARD"/>
        <Row NarrativeStoryType="11068B" Name="LOC_11068B_NAME" Description="LOC_11068B_DESCRIPTION" Completion="LOC_11068B_COMPLETION" Age="AGE_MODERN" Activation="LINKED" Hidden="TRUE" RequirementSetId="Met" UIActivation="STANDARD"/>
        <Row NarrativeStoryType="11068C" Name="LOC_11068C_NAME" Description="LOC_11068C_DESCRIPTION" Completion="LOC_11068C_COMPLETION" Age="AGE_MODERN" Activation="LINKED" Hidden="TRUE" RequirementSetId="Met" UIActivation="STANDARD"/>
        <Row NarrativeStoryType="12005A" Name="LOC_12005A_NAME" Description="LOC_12005A_DESCRIPTION" Completion="LOC_12005A_COMPLETION" StoryTitle="LOC_12005A_STORYTITLE" Age="AGE_MODERN" Activation="UNLOCKED" RequirementSetId="REQSET_12005A_NARRATIVE" UIActivation="STANDARD"/>
        <Row NarrativeStoryType="12005B" Name="LOC_12005B_NAME" Description="LOC_12005B_DESCRIPTION" Completion="LOC_12005B_COMPLETION" Age="AGE_MODERN" Activation="LINKED" Hidden="TRUE" RequirementSetId="Met" UIActivation="STANDARD"/>
        <Row NarrativeStoryType="12005C" Name="LOC_12005C_NAME" Description="LOC_12005C_DESCRIPTION" Completion="LOC_12005C_COMPLETION" Age="AGE_MODERN" Activation="LINKED" Hidden="TRUE" RequirementSetId="Met" UIActivation="STANDARD"/>
    </NarrativeStories>
    <NarrativeRewards>
        <Row NarrativeRewardType="11010B_REWARD" ModifierID="11010B_NARRATIVE_MODIFIER"/>
        <Row NarrativeRewardType="11010C_REWARD" ModifierID="11010C_NARRATIVE_MODIFIER"/>
        <Row NarrativeRewardType="11011B_REWARD" ModifierID="11011B_NARRATIVE_MODIFIER"/>
        <Row NarrativeRewardType="11011C_REWARD" ModifierID="11011C_NARRATIVE_MODIFIER"/>
        <Row NarrativeRewardType="11012B_REWARD" ModifierID="11012B_NARRATIVE_MODIFIER"/>
        <Row NarrativeRewardType="11012C_REWARD" ModifierID="11012C_NARRATIVE_MODIFIER"/>
        <Row NarrativeRewardType="11012C_REWARD2" ModifierID="11012C_NARRATIVE_MODIFIER2"/>
        <Row NarrativeRewardType="11012D_REWARD" ModifierID="11012D_NARRATIVE_MODIFIER"/>
        <Row NarrativeRewardType="11012D_REWARD2" ModifierID="11012D_NARRATIVE_MODIFIER2"/>
        <Row NarrativeRewardType="11013B_REWARD" ModifierID="11013B_NARRATIVE_MODIFIER"/>
        <Row NarrativeRewardType="11013B_REWARD2" ModifierID="11013B_NARRATIVE_MODIFIER2"/>
        <Row NarrativeRewardType="11013C_REWARD" ModifierID="11013C_NARRATIVE_MODIFIER"/>
        <Row NarrativeRewardType="11013C_REWARD2" ModifierID="11013C_NARRATIVE_MODIFIER2"/>
        <Row NarrativeRewardType="11014B_REWARD" ModifierID="11014B_NARRATIVE_MODIFIER"/>
        <Row NarrativeRewardType="11014B_REWARD2" ModifierID="11014B_NARRATIVE_MODIFIER2"/>
        <Row NarrativeRewardType="11014C_REWARD" ModifierID="11014C_NARRATIVE_MODIFIER"/>
        <Row NarrativeRewardType="11014C_REWARD2" ModifierID="11014C_NARRATIVE_MODIFIER2"/>
        <Row NarrativeRewardType="11015B_REWARD" ModifierID="11015B_NARRATIVE_MODIFIER"/>
        <Row NarrativeRewardType="11015B_REWARD2" ModifierID="11015B_NARRATIVE_MODIFIER2"/>
        <Row NarrativeRewardType="11015C_REWARD" ModifierID="11015C_NARRATIVE_MODIFIER"/>
        <Row NarrativeRewardType="11016B_REWARD" ModifierID="11016B_NARRATIVE_MODIFIER"/>
        <Row NarrativeRewardType="11016C_REWARD" ModifierID="11016C_NARRATIVE_MODIFIER"/>
        <Row NarrativeRewardType="11017B_REWARD" ModifierID="11017B_NARRATIVE_MODIFIER"/>
        <Row NarrativeRewardType="11017C_REWARD" ModifierID="11017C_NARRATIVE_MODIFIER"/>
        <Row NarrativeRewardType="11018B_REWARD" ModifierID="11018B_NARRATIVE_MODIFIER"/>
        <Row NarrativeRewardType="11018B_REWARD2" ModifierID="11018B_NARRATIVE_MODIFIER2"/>
        <Row NarrativeRewardType="11018C_REWARD" ModifierID="11018C_NARRATIVE_MODIFIER"/>
        <Row NarrativeRewardType="11019B_REWARD" ModifierID="11019B_NARRATIVE_MODIFIER"/>
        <Row NarrativeRewardType="11019B_REWARD2" ModifierID="11019B_NARRATIVE_MODIFIER2"/>
        <Row NarrativeRewardType="11019C_REWARD" ModifierID="11019C_NARRATIVE_MODIFIER"/>
        <Row NarrativeRewardType="11019C_REWARD2" ModifierID="11019C_NARRATIVE_MODIFIER2"/>
        <Row NarrativeRewardType="11019_ALT2B_REWARD" ModifierID="11019_ALT2B_NARRATIVE_MODIFIER"/>
        <Row NarrativeRewardType="11019_ALT2B_REWARD2" ModifierID="11019_ALT2B_NARRATIVE_MODIFIER2"/>
        <Row NarrativeRewardType="11019_ALT2C_REWARD" ModifierID="11019_ALT2C_NARRATIVE_MODIFIER"/>
        <Row NarrativeRewardType="11019_ALT2C_REWARD2" ModifierID="11019_ALT2C_NARRATIVE_MODIFIER2"/>
        <Row NarrativeRewardType="11068B_REWARD" ModifierID="11068B_NARRATIVE_MODIFIER"/>
        <Row NarrativeRewardType="11068C_REWARD" ModifierID="11068C_NARRATIVE_MODIFIER"/>
        <Row NarrativeRewardType="12005B_REWARD" ModifierID="12005B_NARRATIVE_MODIFIER"/>
        <Row NarrativeRewardType="12005C_REWARD" ModifierID="12005C_NARRATIVE_MODIFIER"/>
    </NarrativeRewards>
    <NarrativeStory_Rewards>
        <Row NarrativeStoryType="11010B" NarrativeRewardType="11010B_REWARD" Activation="START"/>
        <Row NarrativeStoryType="11010C" NarrativeRewardType="11010C_REWARD" Activation="START"/>
        <Row NarrativeStoryType="11011B" NarrativeRewardType="11011B_REWARD" Activation="START"/>
        <Row NarrativeStoryType="11011C" NarrativeRewardType="11011C_REWARD" Activation="START"/>
        <Row NarrativeStoryType="11012B" NarrativeRewardType="11012B_REWARD" Activation="START"/>
        <Row NarrativeStoryType="11012C" NarrativeRewardType="11012C_REWARD" Activation="START"/>
        <Row NarrativeStoryType="11012C" NarrativeRewardType="11012C_REWARD2" Activation="START"/>
        <Row NarrativeStoryType="11012D" NarrativeRewardType="11012D_REWARD" Activation="START"/>
        <Row NarrativeStoryType="11012D" NarrativeRewardType="11012D_REWARD2" Activation="START"/>
        <Row NarrativeStoryType="11013B" NarrativeRewardType="11013B_REWARD" Activation="START"/>
        <Row NarrativeStoryType="11013B" NarrativeRewardType="11013B_REWARD2" Activation="START"/>
        <Row NarrativeStoryType="11013C" NarrativeRewardType="11013C_REWARD" Activation="START"/>
        <Row NarrativeStoryType="11013C" NarrativeRewardType="11013C_REWARD2" Activation="START"/>
        <Row NarrativeStoryType="11014B" NarrativeRewardType="11014B_REWARD" Activation="START"/>
        <Row NarrativeStoryType="11014B" NarrativeRewardType="11014B_REWARD2" Activation="START"/>
        <Row NarrativeStoryType="11014C" NarrativeRewardType="11014C_REWARD" Activation="START"/>
        <Row NarrativeStoryType="11014C" NarrativeRewardType="11014C_REWARD2" Activation="START"/>
        <Row NarrativeStoryType="11015B" NarrativeRewardType="11015B_REWARD" Activation="START"/>
        <Row NarrativeStoryType="11015B" NarrativeRewardType="11015B_REWARD2" Activation="START"/>
        <Row NarrativeStoryType="11015C" NarrativeRewardType="11015C_REWARD" Activation="START"/>
        <Row NarrativeStoryType="11016B" NarrativeRewardType="11016B_REWARD" Activation="START"/>
        <Row NarrativeStoryType="11016C" NarrativeRewardType="11016C_REWARD" Activation="START"/>
        <Row NarrativeStoryType="11017B" NarrativeRewardType="11017B_REWARD" Activation="START"/>
        <Row NarrativeStoryType="11017C" NarrativeRewardType="11017C_REWARD" Activation="START"/>
        <Row NarrativeStoryType="11018B" NarrativeRewardType="11018B_REWARD" Activation="START"/>
        <Row NarrativeStoryType="11018B" NarrativeRewardType="11018B_REWARD2" Activation="START"/>
        <Row NarrativeStoryType="11018C" NarrativeRewardType="11018C_REWARD" Activation="START"/>
        <Row NarrativeStoryType="11019B" NarrativeRewardType="11019B_REWARD" Activation="START"/>
        <Row NarrativeStoryType="11019B" NarrativeRewardType="11019B_REWARD2" Activation="START"/>
        <Row NarrativeStoryType="11019C" NarrativeRewardType="11019C_REWARD" Activation="START"/>
        <Row NarrativeStoryType="11019C" NarrativeRewardType="11019C_REWARD2" Activation="START"/>
        <Row NarrativeStoryType="11019_ALT2B" NarrativeRewardType="11019_ALT2B_REWARD" Activation="START"/>
        <Row NarrativeStoryType="11019_ALT2B" NarrativeRewardType="11019_ALT2B_REWARD2" Activation="START"/>
        <Row NarrativeStoryType="11019_ALT2C" NarrativeRewardType="11019_ALT2C_REWARD" Activation="START"/>
        <Row NarrativeStoryType="11019_ALT2C" NarrativeRewardType="11019_ALT2C_REWARD2" Activation="START"/>
        <Row NarrativeStoryType="11068B" NarrativeRewardType="11068B_REWARD" Activation="START"/>
        <Row NarrativeStoryType="11068C" NarrativeRewardType="11068C_REWARD" Activation="START"/>
        <Row NarrativeStoryType="12005B" NarrativeRewardType="12005B_REWARD" Activation="START"/>
        <Row NarrativeStoryType="12005C" NarrativeRewardType="12005C_REWARD" Activation="START"/>
    </NarrativeStory_Rewards>
    <NarrativeStoryOverrides>
        <Row NarrativeStoryType="11019B" OverriddenStoryType="11019E"/>
        <Row NarrativeStoryType="11019B" OverriddenStoryType="11019_ALT1D"/>
        <Row NarrativeStoryType="11019B" OverriddenStoryType="11019_ALT2E"/>
        <Row NarrativeStoryType="11019C" OverriddenStoryType="11019E"/>
        <Row NarrativeStoryType="11019C" OverriddenStoryType="11019_ALT1D"/>
        <Row NarrativeStoryType="11019C" OverriddenStoryType="11019_ALT2E"/>
        <Row NarrativeStoryType="11019D" OverriddenStoryType="11019E"/>
        <Row NarrativeStoryType="11019D" OverriddenStoryType="11019_ALT1D"/>
        <Row NarrativeStoryType="11019D" OverriddenStoryType="11019_ALT2E"/>
        <Row NarrativeStoryType="11019_ALT2A" OverriddenStoryType="11019E"/>
        <Row NarrativeStoryType="11019_ALT2A" OverriddenStoryType="11019A"/>
        <Row NarrativeStoryType="11019_ALT2A" OverriddenStoryType="11019_ALT2E"/>
        <Row NarrativeStoryType="11019_ALT2B" OverriddenStoryType="11019E"/>
        <Row NarrativeStoryType="11019_ALT2B" OverriddenStoryType="11019_ALT1D"/>
        <Row NarrativeStoryType="11019_ALT2B" OverriddenStoryType="11019_ALT2E"/>
        <Row NarrativeStoryType="11019_ALT2C" OverriddenStoryType="11019E"/>
        <Row NarrativeStoryType="11019_ALT2C" OverriddenStoryType="11019_ALT1D"/>
        <Row NarrativeStoryType="11019_ALT2C" OverriddenStoryType="11019_ALT2E"/>
    </NarrativeStoryOverrides>
    <NarrativeVariations>
    </NarrativeVariations>
    <NarrativeRewardIcons>
        <Row NarrativeStoryType="11010B" RewardIconType="CUSTOM"/>
        <Row NarrativeStoryType="11010C" RewardIconType="YIELD_GOLD"/>
        <Row NarrativeStoryType="11011B" RewardIconType="YIELD_HAPPINESS"/>
        <Row NarrativeStoryType="11011C" RewardIconType="CUSTOM"/>
        <Row NarrativeStoryType="11012B" RewardIconType="YIELD_CULTURE"/>
        <Row NarrativeStoryType="11012C" RewardIconType="UNIT"/>
        <Row NarrativeStoryType="11012C" RewardIconType="YIELD_DIPLOMACY" Negative="TRUE"/>
        <Row NarrativeStoryType="11012D" RewardIconType="YIELD_HAPPINESS"/>
        <Row NarrativeStoryType="11012D" RewardIconType="YIELD_DIPLOMACY" Negative="TRUE"/>
        <Row NarrativeStoryType="11013B" RewardIconType="YIELD_PRODUCTION"/>
        <Row NarrativeStoryType="11013B" RewardIconType="YIELD_HAPPINESS" Negative="TRUE"/>
        <Row NarrativeStoryType="11013C" RewardIconType="YIELD_PRODUCTION"/>
        <Row NarrativeStoryType="11014B" RewardIconType="YIELD_GOLD"/>
        <Row NarrativeStoryType="11014B" RewardIconType="YIELD_DIPLOMACY" Negative="TRUE"/>
        <Row NarrativeStoryType="11014C" RewardIconType="YIELD_DIPLOMACY"/>
        <Row NarrativeStoryType="11014C" RewardIconType="YIELD_GOLD" Negative="TRUE"/>
        <Row NarrativeStoryType="11015B" RewardIconType="YIELD_GOLD"/>
        <Row NarrativeStoryType="11015B" RewardIconType="YIELD_HAPPINESS" Negative="TRUE"/>
        <Row NarrativeStoryType="11015C" RewardIconType="YIELD_HAPPINESS"/>
        <Row NarrativeStoryType="11016B" RewardIconType="YIELD_PRODUCTION"/>
        <Row NarrativeStoryType="11016C" RewardIconType="CUSTOM"/>
        <Row NarrativeStoryType="11017B" RewardIconType="YIELD_FOOD"/>
        <Row NarrativeStoryType="11017C" RewardIconType="YIELD_GOLD"/>
        <Row NarrativeStoryType="11018B" RewardIconType="YIELD_SCIENCE"/>
        <Row NarrativeStoryType="11018B" RewardIconType="YIELD_GOLD" Negative="TRUE"/>
        <Row NarrativeStoryType="11018C" RewardIconType="TRADITION_SLOT"/>
        <Row NarrativeStoryType="11019B" RewardIconType="GREATWORK"/>
        <Row NarrativeStoryType="11019B" RewardIconType="DIPLOMACY" Negative="TRUE"/>
        <Row NarrativeStoryType="11019C" RewardIconType="YIELD_DIPLOMACY"/>
        <Row NarrativeStoryType="11019C" RewardIconType="CUSTOM" Negative="TRUE"/>
        <Row NarrativeStoryType="11019_ALT2B" RewardIconType="GREATWORK"/>
        <Row NarrativeStoryType="11019_ALT2B" RewardIconType="DIPLOMACY" Negative="TRUE"/>
        <Row NarrativeStoryType="11019_ALT2C" RewardIconType="YIELD_DIPLOMACY"/>
        <Row NarrativeStoryType="11019_ALT2C" RewardIconType="CUSTOM" Negative="TRUE"/>
        <Row NarrativeStoryType="11068B" RewardIconType="ATTRIBUTE_EXPANSIONIST"/>
        <Row NarrativeStoryType="11068C" RewardIconType="ATTRIBUTE_ECONOMIC"/>
        <Row NarrativeStoryType="12005B" RewardIconType="YIELD_GOLD"/>
        <Row NarrativeStoryType="12005C" RewardIconType="YIELD_FOOD"/>
    </NarrativeRewardIcons>
    <NarrativeStory_TextReplacements>
        <Row NarrativeStoryType="11010B" NarrativeStoryTextType="REWARD" NarrativeTextReplacementType="REWARD" Priority="1"/>
        <Row NarrativeStoryType="11010C" NarrativeStoryTextType="REWARD" NarrativeTextReplacementType="REWARD" Priority="1"/>
        <Row NarrativeStoryType="11011B" NarrativeStoryTextType="REWARD" NarrativeTextReplacementType="REWARD" Priority="1"/>
        <Row NarrativeStoryType="11012B" NarrativeStoryTextType="REWARD" NarrativeTextReplacementType="REWARD" Priority="1"/>
        <Row NarrativeStoryType="11012C" NarrativeStoryTextType="REWARD" NarrativeTextReplacementType="REWARD" Priority="1"/>
        <Row NarrativeStoryType="11012C" NarrativeStoryTextType="REWARD" NarrativeTextReplacementType="REWARD" Priority="2"/>
        <Row NarrativeStoryType="11012D" NarrativeStoryTextType="REWARD" NarrativeTextReplacementType="REWARD" Priority="1"/>
        <Row NarrativeStoryType="11012D" NarrativeStoryTextType="REWARD" NarrativeTextReplacementType="REWARD" Priority="2"/>
        <Row NarrativeStoryType="11013B" NarrativeStoryTextType="REWARD" NarrativeTextReplacementType="REWARD" Priority="1"/>
        <Row NarrativeStoryType="11013B" NarrativeStoryTextType="REWARD" NarrativeTextReplacementType="REWARD" Priority="2"/>
        <Row NarrativeStoryType="11013C" NarrativeStoryTextType="REWARD" NarrativeTextReplacementType="REWARD" Priority="1"/>
        <Row NarrativeStoryType="11013C" NarrativeStoryTextType="REWARD" NarrativeTextReplacementType="REWARD" Priority="2"/>
        <Row NarrativeStoryType="11014B" NarrativeStoryTextType="REWARD" NarrativeTextReplacementType="REWARD" Priority="1"/>
        <Row NarrativeStoryType="11014B" NarrativeStoryTextType="REWARD" NarrativeTextReplacementType="REWARD" Priority="2"/>
        <Row NarrativeStoryType="11014C" NarrativeStoryTextType="REWARD" NarrativeTextReplacementType="REWARD" Priority="1"/>
        <Row NarrativeStoryType="11014C" NarrativeStoryTextType="REWARD" NarrativeTextReplacementType="REWARD" Priority="2"/>
        <Row NarrativeStoryType="11015B" NarrativeStoryTextType="REWARD" NarrativeTextReplacementType="REWARD" Priority="1"/>
        <Row NarrativeStoryType="11015B" NarrativeStoryTextType="REWARD" NarrativeTextReplacementType="REWARD" Priority="2"/>
        <Row NarrativeStoryType="11015C" NarrativeStoryTextType="REWARD" NarrativeTextReplacementType="REWARD" Priority="1"/>
        <Row NarrativeStoryType="11016B" NarrativeStoryTextType="REWARD" NarrativeTextReplacementType="REWARD" Priority="1"/>
        <Row NarrativeStoryType="11016C" NarrativeStoryTextType="REWARD" NarrativeTextReplacementType="REWARD" Priority="1"/>
        <Row NarrativeStoryType="11017B" NarrativeStoryTextType="REWARD" NarrativeTextReplacementType="REWARD" Priority="1"/>
        <Row NarrativeStoryType="11017C" NarrativeStoryTextType="REWARD" NarrativeTextReplacementType="REWARD" Priority="1"/>
        <Row NarrativeStoryType="11018B" NarrativeStoryTextType="REWARD" NarrativeTextReplacementType="REWARD" Priority="1"/>
        <Row NarrativeStoryType="11018B" NarrativeStoryTextType="REWARD" NarrativeTextReplacementType="REWARD" Priority="2"/>
        <Row NarrativeStoryType="11018C" NarrativeStoryTextType="REWARD" NarrativeTextReplacementType="REWARD" Priority="1"/>
        <Row NarrativeStoryType="11019A" NarrativeStoryTextType="BODY" NarrativeTextReplacementType="OPPONENT_CIVILIZATION_ADJ" Priority="1"/>
        <Row NarrativeStoryType="11019A" NarrativeStoryTextType="BODY" NarrativeTextReplacementType="OWNER_EXPLORATION_CIVILIZATION_ADJ" Priority="2"/>
        <Row NarrativeStoryType="11019A" NarrativeStoryTextType="BODY" NarrativeTextReplacementType="OPPONENT_CIVILIZATION_ADJ" Priority="3"/>
        <Row NarrativeStoryType="11019B" NarrativeStoryTextType="REWARD" NarrativeTextReplacementType="REWARD" Priority="1"/>
        <Row NarrativeStoryType="11019C" NarrativeStoryTextType="REWARD" NarrativeTextReplacementType="REWARD" Priority="1"/>
        <Row NarrativeStoryType="11019_ALT2B" NarrativeStoryTextType="REWARD" NarrativeTextReplacementType="REWARD" Priority="1"/>
        <Row NarrativeStoryType="11019_ALT2C" NarrativeStoryTextType="REWARD" NarrativeTextReplacementType="REWARD" Priority="1"/>
        <Row NarrativeStoryType="11068B" NarrativeStoryTextType="REWARD" NarrativeTextReplacementType="REWARD" Priority="1"/>
        <Row NarrativeStoryType="11068C" NarrativeStoryTextType="REWARD" NarrativeTextReplacementType="REWARD" Priority="1"/>
        <Row NarrativeStoryType="12005B" NarrativeStoryTextType="REWARD" NarrativeTextReplacementType="REWARD" Priority="1"/>
        <Row NarrativeStoryType="12005C" NarrativeStoryTextType="REWARD" NarrativeTextReplacementType="REWARD" Priority="1"/>
    </NarrativeStory_TextReplacements>
    <NarrativeStory_Links>
        <Row FromNarrativeStoryType="11010A" ToNarrativeStoryType="11010B" Priority="0" Name="LOC_11010B_NAME" Description="LOC_11010B_DESCRIPTION"/>
        <Row FromNarrativeStoryType="11010A" ToNarrativeStoryType="11010C" Priority="1" Name="LOC_11010C_NAME" Description="LOC_11010C_DESCRIPTION"/>
        <Row FromNarrativeStoryType="11011D" ToNarrativeStoryType="11011A" Priority="0" Name="LOC_11011A_NAME" Description="LOC_11011A_DESCRIPTION"/>
        <Row FromNarrativeStoryType="11011A" ToNarrativeStoryType="11011B" Priority="0" Name="LOC_11011B_NAME" Description="LOC_11011B_DESCRIPTION"/>
        <Row FromNarrativeStoryType="11011A" ToNarrativeStoryType="11011C" Priority="1" Name="LOC_11011C_NAME" Description="LOC_11011C_DESCRIPTION"/>
        <Row FromNarrativeStoryType="11012A" ToNarrativeStoryType="11012B" Priority="0" Name="LOC_11012B_NAME" Description="LOC_11012B_DESCRIPTION"/>
        <Row FromNarrativeStoryType="11012A" ToNarrativeStoryType="11012C" Priority="1" Name="LOC_11012C_NAME" Description="LOC_11012C_DESCRIPTION"/>
        <Row FromNarrativeStoryType="11012A" ToNarrativeStoryType="11012D" Priority="2" Name="LOC_11012D_NAME" Description="LOC_11012D_DESCRIPTION"/>
        <Row FromNarrativeStoryType="11013D" ToNarrativeStoryType="11013A" Priority="0" Name="LOC_11013A_NAME" Description="LOC_11013A_DESCRIPTION"/>
        <Row FromNarrativeStoryType="11013A" ToNarrativeStoryType="11013B" Priority="0" Name="LOC_11013B_NAME" Description="LOC_11013B_DESCRIPTION"/>
        <Row FromNarrativeStoryType="11013A" ToNarrativeStoryType="11013C" Priority="1" Name="LOC_11013C_NAME" Description="LOC_11013C_DESCRIPTION"/>
        <Row FromNarrativeStoryType="11014A" ToNarrativeStoryType="11014B" Priority="0" Name="LOC_11014B_NAME" Description="LOC_11014B_DESCRIPTION"/>
        <Row FromNarrativeStoryType="11014A" ToNarrativeStoryType="11014C" Priority="1" Name="LOC_11014C_NAME" Description="LOC_11014C_DESCRIPTION"/>
        <Row FromNarrativeStoryType="11015A" ToNarrativeStoryType="11015B" Priority="0" Name="LOC_11015B_NAME" Description="LOC_11015B_DESCRIPTION"/>
        <Row FromNarrativeStoryType="11015A" ToNarrativeStoryType="11015C" Priority="1" Name="LOC_11015C_NAME" Description="LOC_11015C_DESCRIPTION"/>
        <Row FromNarrativeStoryType="11016A" ToNarrativeStoryType="11016B" Priority="0" Name="LOC_11016B_NAME" Description="LOC_11016B_DESCRIPTION"/>
        <Row FromNarrativeStoryType="11016A" ToNarrativeStoryType="11016C" Priority="1" Name="LOC_11016C_NAME" Description="LOC_11016C_DESCRIPTION"/>
        <Row FromNarrativeStoryType="11017A" ToNarrativeStoryType="11017B" Priority="0" Name="LOC_11017B_NAME" Description="LOC_11017B_DESCRIPTION"/>
        <Row FromNarrativeStoryType="11017A" ToNarrativeStoryType="11017C" Priority="1" Name="LOC_11017C_NAME" Description="LOC_11017C_DESCRIPTION"/>
        <Row FromNarrativeStoryType="11018A" ToNarrativeStoryType="11018B" Priority="0" Name="LOC_11018B_NAME" Description="LOC_11018B_DESCRIPTION"/>
        <Row FromNarrativeStoryType="11018A" ToNarrativeStoryType="11018C" Priority="1" Name="LOC_11018C_NAME" Description="LOC_11018C_DESCRIPTION"/>
        <Row FromNarrativeStoryType="11019E" ToNarrativeStoryType="11019A" Priority="0" Name="LOC_11019A_NAME" Description="LOC_11019A_DESCRIPTION"/>
        <Row FromNarrativeStoryType="11019A" ToNarrativeStoryType="11019B" Priority="0" Name="LOC_11019B_NAME" Description="LOC_11019B_DESCRIPTION"/>
        <Row FromNarrativeStoryType="11019A" ToNarrativeStoryType="11019C" Priority="1" Name="LOC_11019C_NAME" Description="LOC_11019C_DESCRIPTION"/>
        <Row FromNarrativeStoryType="11019A" ToNarrativeStoryType="11019D" Priority="2" Name="LOC_11019D_NAME" Description="LOC_11019D_DESCRIPTION"/>
        <Row FromNarrativeStoryType="11019_ALT2E" ToNarrativeStoryType="11019_ALT2A" Priority="0" Name="LOC_11019_ALT2A_NAME" Description="LOC_11019_ALT2A_DESCRIPTION"/>
        <Row FromNarrativeStoryType="11019_ALT2A" ToNarrativeStoryType="11019_ALT2B" Priority="0" Name="LOC_11019_ALT2B_NAME" Description="LOC_11019_ALT2B_DESCRIPTION"/>
        <Row FromNarrativeStoryType="11019_ALT2A" ToNarrativeStoryType="11019_ALT2C" Priority="1" Name="LOC_11019_ALT2C_NAME" Description="LOC_11019_ALT2C_DESCRIPTION"/>
        <Row FromNarrativeStoryType="11068A" ToNarrativeStoryType="11068B" Priority="0" Name="LOC_11068B_NAME" Description="LOC_11068B_DESCRIPTION"/>
        <Row FromNarrativeStoryType="11068A" ToNarrativeStoryType="11068C" Priority="1" Name="LOC_11068C_NAME" Description="LOC_11068C_DESCRIPTION"/>
        <Row FromNarrativeStoryType="291D" ToNarrativeStoryType="12005A" Priority="0" Name="LOC_12005A_NAME" Description="LOC_12005A_DESCRIPTION"/>
        <Row FromNarrativeStoryType="12005A" ToNarrativeStoryType="12005B" Priority="0" Name="LOC_12005B_NAME" Description="LOC_12005B_DESCRIPTION"/>
        <Row FromNarrativeStoryType="12005A" ToNarrativeStoryType="12005C" Priority="1" Name="LOC_12005C_NAME" Description="LOC_12005C_DESCRIPTION"/>
    </NarrativeStory_Links>
</Database>
