<?xml version="1.0" encoding="utf-8"?>
<Database>
	<Kinds>
		<InsertOrIgnore Kind="KIND_UNLOCK"/>
	</Kinds>
	<Types>
		<InsertOrIgnore Type="UNLOCK_CIVILIZATION_GREAT_BRITAIN" Kind="KIND_UNLOCK"/>
	</Types>
	<Unlocks>
		<InsertOrIgnore UnlockType="UNLOCK_CIVILIZATION_GREAT_BRITAIN"/>
	</Unlocks>
	<UnlockRewards>
		<InsertOrIgnore UnlockType="UNLOCK_CIVILIZATION_GREAT_BRITAIN" Name="LOC_CIVILIZATION_GREAT_BRITAIN_NAME" Description="LOC_UNLOCK_MODERN_CIV_DESCRIPTION" Icon="CIVILIZATION_GREAT_BRITAIN" UnlockRewardType="CIVILIZATION_GREAT_BRITAIN" UnlockRewardKind="KIND_CIVILIZATION"/>
	</UnlockRewards>
	<UnlockRequirements>
		<InsertOrIgnore UnlockType="UNLOCK_CIVILIZATION_GREAT_BRITAIN" RequirementSetId="REQSET_LEADER_IS_ADA_LOVELACE" Tooltip="LOC_UNLOCK_PLAY_AS_ADA_LOVELACE_GREAT_BRITAIN_TOOLTIP"/>
	</UnlockRequirements>
	<UnlockConfigurationValues>
		<InsertOrIgnore UnlockType="UNLOCK_CIVILIZATION_GREAT_BRITAIN" ConfigurationValue="CIVILIZATION_GREAT_BRITAIN"/>
	</UnlockConfigurationValues>
</Database>
