<?xml version="1.0" encoding="utf-8"?>
<Database>
	<Kinds>
		<InsertOrIgnore Kind="KIND_TRAIT"/>
	</Kinds>
	<Types>
		<Row Type="LEADER_FRIEDRICH_ALT" Kind="KIND_LEADER"/>
		<Row Type="LEADER_XERXES_ALT" Kind="KIND_LEADER"/>
		<Row Type="TRAIT_LEADER_FRIEDRICH_ALT_ABILITY" Kind="KIND_TRAIT"/>
		<Row Type="TRAIT_LEADER_XERXES_ALT_ABILITY" Kind="KIND_TRAIT"/>
	</Types>
	<Leaders>
		<Row LeaderType="LEADER_FRIEDRICH_ALT" Name="LOC_LEADER_FRIEDRICH_ALT_NAME" IsMajorLeader="true" InheritFrom="LEADER_DEFAULT" BasePersonaType="LEADER_FRIEDRICH"/>
		<Row LeaderType="LEADER_XERXES_ALT" Name="LOC_LEADER_XERXES_ALT_NAME" IsMajorLeader="true" InheritFrom="LEADER_DEFAULT" BasePersonaType="LEADER_XERXES"/>
	</Leaders>
	<LeaderQuotes>
	</LeaderQuotes>
	<AiFavoredItems>
	</AiFavoredItems>
	<Traits>
		<Row TraitType="TRAIT_LEADER_FRIEDRICH_ALT_ABILITY" InternalOnly="true" Name="LOC_TRAIT_LEADER_FRIEDRICH_ALT_ABILITY_NAME" Description="LOC_TRAIT_LEADER_FRIEDRICH_ALT_ABILITY_DESCRIPTION"/>
		<Row TraitType="TRAIT_LEADER_XERXES_ALT_ABILITY" InternalOnly="true" Name="LOC_TRAIT_LEADER_XERXES_ALT_ABILITY_NAME" Description="LOC_TRAIT_LEADER_XERXES_ALT_ABILITY_DESCRIPTION"/>
	</Traits>
	<LeaderTraits>
		<Row LeaderType="LEADER_FRIEDRICH_ALT" TraitType="TRAIT_LEADER_FRIEDRICH_ALT_ABILITY"/>
		<Row LeaderType="LEADER_FRIEDRICH_ALT" TraitType="TRAIT_LEADER_ATTRIBUTE_CULTURAL"/>
		<Row LeaderType="LEADER_FRIEDRICH_ALT" TraitType="TRAIT_LEADER_ATTRIBUTE_MILITARISTIC"/>
		<Row LeaderType="LEADER_FRIEDRICH_ALT" TraitType="TRAIT_AQ_MILITARY_VICTORY"/>
		<Row LeaderType="LEADER_FRIEDRICH_ALT" TraitType="TRAIT_EX_SCIENCE_VICTORY"/>
		<Row LeaderType="LEADER_FRIEDRICH_ALT" TraitType="TRAIT_MO_CULTURE_VICTORY"/>
		<Row LeaderType="LEADER_XERXES_ALT" TraitType="TRAIT_LEADER_XERXES_ALT_ABILITY"/>
		<Row LeaderType="LEADER_XERXES_ALT" TraitType="TRAIT_LEADER_ATTRIBUTE_ECONOMIC"/>
		<Row LeaderType="LEADER_XERXES_ALT" TraitType="TRAIT_LEADER_ATTRIBUTE_CULTURAL"/>
		<Row LeaderType="LEADER_XERXES_ALT" TraitType="TRAIT_AQ_ECONOMIC_VICTORY"/>
		<Row LeaderType="LEADER_XERXES_ALT" TraitType="TRAIT_EX_ECONOMIC_VICTORY"/>
		<Row LeaderType="LEADER_XERXES_ALT" TraitType="TRAIT_MO_ECONOMIC_VICTORY"/>
	</LeaderTraits>
	<TraitModifiers>
		<Row TraitType="TRAIT_LEADER_FRIEDRICH_ALT_ABILITY" ModifierId="FRIEDRICH_ALT_MOD_GREATWORK"/>
		<Row TraitType="TRAIT_LEADER_FRIEDRICH_ALT_ABILITY" ModifierId="FRIEDRICH_ALT_MOD_INFANTRY_CONSTRUCT_CULTURE"/>
		<Row TraitType="TRAIT_LEADER_FRIEDRICH_ALT_ABILITY" ModifierId="FRIEDRICH_ALT_MOD_INFANTRY_CIVIC"/>
		<Row TraitType="TRAIT_LEADER_FRIEDRICH_ALT_ABILITY" ModifierId="FRIEDRICH_ALT_MOD_GREAT_WORK_CULTURE"/>
		<Row TraitType="TRAIT_LEADER_FRIEDRICH_ALT_ABILITY" ModifierId="FRIEDRICH_ALT_MOD_AGENDA_BAROQUE"/>
		<Row TraitType="TRAIT_LEADER_XERXES_ALT_ABILITY" ModifierId="XERXES_ALT_MOD_TRADE_ROUTE_CAP"/>
		<Row TraitType="TRAIT_LEADER_XERXES_ALT_ABILITY" ModifierId="XERXES_ALT_MOD_TRADE_RANGE_EXTEND_LAND"/>
		<Row TraitType="TRAIT_LEADER_XERXES_ALT_ABILITY" ModifierId="XERXES_ALT_MOD_TRADE_RANGE_EXTEND_SEA"/>
		<Row TraitType="TRAIT_LEADER_XERXES_ALT_ABILITY" ModifierId="XERXES_ALT_MOD_TRADE_ROUTE_CULTURE"/>
		<Row TraitType="TRAIT_LEADER_XERXES_ALT_ABILITY" ModifierId="XERXES_ALT_MOD_ROAD_CULTURE"/>
		<Row TraitType="TRAIT_LEADER_XERXES_ALT_ABILITY" ModifierId="XERXES_ALT_MOD_TRADE_ROUTE_GOLD"/>
		<Row TraitType="TRAIT_LEADER_XERXES_ALT_ABILITY" ModifierId="XERXES_ALT_MOD_ROAD_GOLD"/>
		<Row TraitType="TRAIT_LEADER_XERXES_ALT_ABILITY" ModifierId="XERXES_ALT_MOD_UNIQUE_BUILDING_YIELD"/>
		<Row TraitType="TRAIT_LEADER_XERXES_ALT_ABILITY" ModifierId="XERXES_ALT_MOD_UNIQUE_IMPROVEMENT_YIELD"/>
		<Row TraitType="TRAIT_LEADER_XERXES_ALT_ABILITY" ModifierId="XERXES_ALT_MOD_AGENDA_LORD_OF_COIN"/>
	</TraitModifiers>
	<StartBiasBiomes>
		<Row LeaderType="LEADER_XERXES_ALT" BiomeType="BIOME_DESERT" Score="10"/>
	</StartBiasBiomes>
	<TypeQuotes>
		<Row Type="LEADER_FRIEDRICH_ALT" Quote="LOC_MAIN_CHAR_SELECT_LEADER_FRIEDRICH_ALT_ANY"/>
		<Row Type="LEADER_XERXES_ALT" Quote="LOC_MAIN_CHAR_SELECT_LEADER_XERXES_ALT_ANY"/>
	</TypeQuotes>
</Database>