﻿<?xml version="1.0" encoding="utf-8"?>
<Database>
    <Types>
        <Row Type="LEADER_CHAIN_1070E" Kind="KIND_NARRATIVE_STORY"/>
        <Row Type="LEADER_CHAIN_1070F" Kind="KIND_NARRATIVE_STORY"/>
        <Row Type="LEADER_CHAIN_1070G" Kind="KIND_NARRATIVE_STORY"/>
        <Row Type="LEADER_CHAIN_1071D" Kind="KIND_NARRATIVE_STORY"/>
        <Row Type="LEADER_CHAIN_1071E" Kind="KIND_NARRATIVE_STORY"/>
        <Row Type="LEADER_CHAIN_1072D" Kind="KIND_NARRATIVE_STORY"/>
        <Row Type="LEADER_CHAIN_1072E" Kind="KIND_NARRATIVE_STORY"/>
        <Row Type="LEADER_CHAIN_1180E" Kind="KIND_NARRATIVE_STORY"/>
        <Row Type="LEADER_CHAIN_1180F" Kind="KIND_NARRATIVE_STORY"/>
        <Row Type="LEADER_CHAIN_1180G" Kind="KIND_NARRATIVE_STORY"/>
        <Row Type="LEADER_CHAIN_1181D" Kind="KIND_NARRATIVE_STORY"/>
        <Row Type="LEADER_CHAIN_1181E" Kind="KIND_NARRATIVE_STORY"/>
        <Row Type="LEADER_CHAIN_1182D" Kind="KIND_NARRATIVE_STORY"/>
        <Row Type="LEADER_CHAIN_1182E" Kind="KIND_NARRATIVE_STORY"/>
    </Types>
    <NarrativeStories>
        <Row NarrativeStoryType="LEADER_CHAIN_1070E" Name="LOC_LEADER_CHAIN_1070E_NAME" Description="LOC_LEADER_CHAIN_1070E_DESCRIPTION" Completion="LOC_LEADER_CHAIN_1070E_COMPLETION" StoryTitle="LOC_LEADER_CHAIN_1070E_STORYTITLE" Age="AGE_ANTIQUITY" Activation="LINKED_REQUISITE" Imperative="LOC_LEADER_CHAIN_1070E_IMPERATIVE" IsQuest="TRUE" RequirementSetId="REQSET_LEADER_CHAIN_1070B_NARRATIVE" ActivationRequirementSetId="REQSET_LEADER_CHAIN_1070E_NARRATIVE_REQUISITE" UIActivation="STANDARD"/>
        <Row NarrativeStoryType="LEADER_CHAIN_1070F" Name="LOC_LEADER_CHAIN_1070F_NAME" Description="LOC_LEADER_CHAIN_1070F_DESCRIPTION" Completion="LOC_LEADER_CHAIN_1070F_COMPLETION" StoryTitle="LOC_LEADER_CHAIN_1070F_STORYTITLE" Age="AGE_ANTIQUITY" Activation="LINKED_REQUISITE" Imperative="LOC_LEADER_CHAIN_1070F_IMPERATIVE" IsQuest="TRUE" RequirementSetId="REQSET_LEADER_CHAIN_1070C_NARRATIVE" ActivationRequirementSetId="REQSET_LEADER_CHAIN_1070F_NARRATIVE_REQUISITE" UIActivation="STANDARD"/>
        <Row NarrativeStoryType="LEADER_CHAIN_1070G" Name="LOC_LEADER_CHAIN_1070G_NAME" Description="LOC_LEADER_CHAIN_1070G_DESCRIPTION" Completion="LOC_LEADER_CHAIN_1070G_COMPLETION" StoryTitle="LOC_LEADER_CHAIN_1070G_STORYTITLE" Age="AGE_ANTIQUITY" Activation="LINKED_REQUISITE" Hidden="TRUE" RequirementSetId="Met" ActivationRequirementSetId="REQSET_LEADER_CHAIN_1070G_NARRATIVE_REQUISITE" UIActivation="STANDARD"/>
        <Row NarrativeStoryType="LEADER_CHAIN_1071D" Name="LOC_LEADER_CHAIN_1071D_NAME" Description="LOC_LEADER_CHAIN_1071D_DESCRIPTION" Completion="LOC_LEADER_CHAIN_1071D_COMPLETION" StoryTitle="LOC_LEADER_CHAIN_1071D_STORYTITLE" Age="AGE_ANTIQUITY" Activation="LINKED_REQUISITE" Imperative="LOC_LEADER_CHAIN_1071D_IMPERATIVE" IsQuest="TRUE" ShowProgress="TRUE" RequirementSetId="REQSET_LEADER_CHAIN_1071B_NARRATIVE" ActivationRequirementSetId="REQSET_LEADER_CHAIN_1071D_NARRATIVE_REQUISITE" UIActivation="STANDARD"/>
        <Row NarrativeStoryType="LEADER_CHAIN_1071E" Name="LOC_LEADER_CHAIN_1071E_NAME" Description="LOC_LEADER_CHAIN_1071E_DESCRIPTION" Completion="LOC_LEADER_CHAIN_1071E_COMPLETION" StoryTitle="LOC_LEADER_CHAIN_1071E_STORYTITLE" Age="AGE_ANTIQUITY" Activation="LINKED_REQUISITE" Hidden="TRUE" RequirementSetId="Met" ActivationRequirementSetId="REQSET_LEADER_CHAIN_1071E_NARRATIVE_REQUISITE" UIActivation="STANDARD"/>
        <Row NarrativeStoryType="LEADER_CHAIN_1072D" Name="LOC_LEADER_CHAIN_1072D_NAME" Description="LOC_LEADER_CHAIN_1072D_DESCRIPTION" Completion="LOC_LEADER_CHAIN_1072D_COMPLETION" StoryTitle="LOC_LEADER_CHAIN_1072D_STORYTITLE" Age="AGE_ANTIQUITY" Activation="LINKED_REQUISITE" Imperative="LOC_LEADER_CHAIN_1072D_IMPERATIVE" IsQuest="TRUE" RequirementSetId="REQSET_LEADER_CHAIN_1072B_NARRATIVE" ActivationRequirementSetId="REQSET_LEADER_CHAIN_1072D_NARRATIVE_REQUISITE" UIActivation="STANDARD"/>
        <Row NarrativeStoryType="LEADER_CHAIN_1072E" Name="LOC_LEADER_CHAIN_1072E_NAME" Description="LOC_LEADER_CHAIN_1072E_DESCRIPTION" Completion="LOC_LEADER_CHAIN_1072E_COMPLETION" StoryTitle="LOC_LEADER_CHAIN_1072E_STORYTITLE" Age="AGE_ANTIQUITY" Activation="LINKED_REQUISITE" Hidden="TRUE" RequirementSetId="Met" ActivationRequirementSetId="REQSET_LEADER_CHAIN_1072E_NARRATIVE_REQUISITE" UIActivation="STANDARD"/>
        <Row NarrativeStoryType="LEADER_CHAIN_1180E" Name="LOC_LEADER_CHAIN_1180E_NAME" Description="LOC_LEADER_CHAIN_1180E_DESCRIPTION" Completion="LOC_LEADER_CHAIN_1180E_COMPLETION" StoryTitle="LOC_LEADER_CHAIN_1180E_STORYTITLE" Age="AGE_ANTIQUITY" Activation="LINKED_REQUISITE" Imperative="LOC_LEADER_CHAIN_1180E_IMPERATIVE" IsQuest="TRUE" ShowProgress="TRUE" RequirementSetId="REQSET_LEADER_CHAIN_1180B_NARRATIVE" ActivationRequirementSetId="REQSET_LEADER_CHAIN_1180E_NARRATIVE_REQUISITE" UIActivation="STANDARD"/>
        <Row NarrativeStoryType="LEADER_CHAIN_1180F" Name="LOC_LEADER_CHAIN_1180F_NAME" Description="LOC_LEADER_CHAIN_1180F_DESCRIPTION" Completion="LOC_LEADER_CHAIN_1180F_COMPLETION" StoryTitle="LOC_LEADER_CHAIN_1180F_STORYTITLE" Age="AGE_ANTIQUITY" Activation="LINKED_REQUISITE" Imperative="LOC_LEADER_CHAIN_1180F_IMPERATIVE" IsQuest="TRUE" ShowProgress="TRUE" RequirementSetId="REQSET_LEADER_CHAIN_1180C_NARRATIVE" ActivationRequirementSetId="REQSET_LEADER_CHAIN_1180F_NARRATIVE_REQUISITE" UIActivation="STANDARD"/>
        <Row NarrativeStoryType="LEADER_CHAIN_1180G" Name="LOC_LEADER_CHAIN_1180G_NAME" Description="LOC_LEADER_CHAIN_1180G_DESCRIPTION" Completion="LOC_LEADER_CHAIN_1180G_COMPLETION" StoryTitle="LOC_LEADER_CHAIN_1180G_STORYTITLE" Age="AGE_ANTIQUITY" Activation="LINKED_REQUISITE" Hidden="TRUE" RequirementSetId="Met" ActivationRequirementSetId="REQSET_LEADER_CHAIN_1180G_NARRATIVE_REQUISITE" UIActivation="STANDARD"/>
        <Row NarrativeStoryType="LEADER_CHAIN_1181D" Name="LOC_LEADER_CHAIN_1181D_NAME" Description="LOC_LEADER_CHAIN_1181D_DESCRIPTION" Completion="LOC_LEADER_CHAIN_1181D_COMPLETION" StoryTitle="LOC_LEADER_CHAIN_1181D_STORYTITLE" Age="AGE_ANTIQUITY" Activation="LINKED_REQUISITE" Imperative="LOC_LEADER_CHAIN_1181D_IMPERATIVE" IsQuest="TRUE" ShowProgress="TRUE" RequirementSetId="REQSET_LEADER_CHAIN_1181B_NARRATIVE" ActivationRequirementSetId="REQSET_LEADER_CHAIN_1181D_NARRATIVE_REQUISITE" UIActivation="STANDARD"/>
        <Row NarrativeStoryType="LEADER_CHAIN_1181E" Name="LOC_LEADER_CHAIN_1181E_NAME" Description="LOC_LEADER_CHAIN_1181E_DESCRIPTION" Completion="LOC_LEADER_CHAIN_1181E_COMPLETION" StoryTitle="LOC_LEADER_CHAIN_1181E_STORYTITLE" Age="AGE_ANTIQUITY" Activation="LINKED_REQUISITE" Hidden="TRUE" RequirementSetId="Met" ActivationRequirementSetId="REQSET_LEADER_CHAIN_1181E_NARRATIVE_REQUISITE" UIActivation="STANDARD"/>
        <Row NarrativeStoryType="LEADER_CHAIN_1182D" Name="LOC_LEADER_CHAIN_1182D_NAME" Description="LOC_LEADER_CHAIN_1182D_DESCRIPTION" Completion="LOC_LEADER_CHAIN_1182D_COMPLETION" StoryTitle="LOC_LEADER_CHAIN_1182D_STORYTITLE" Age="AGE_ANTIQUITY" Activation="LINKED_REQUISITE" Imperative="LOC_LEADER_CHAIN_1182D_IMPERATIVE" IsQuest="TRUE" RequirementSetId="REQSET_LEADER_CHAIN_1182B_NARRATIVE" ActivationRequirementSetId="REQSET_LEADER_CHAIN_1182D_NARRATIVE_REQUISITE" UIActivation="STANDARD"/>
        <Row NarrativeStoryType="LEADER_CHAIN_1182E" Name="LOC_LEADER_CHAIN_1182E_NAME" Description="LOC_LEADER_CHAIN_1182E_DESCRIPTION" Completion="LOC_LEADER_CHAIN_1182E_COMPLETION" StoryTitle="LOC_LEADER_CHAIN_1182E_STORYTITLE" Age="AGE_ANTIQUITY" Activation="LINKED_REQUISITE" Hidden="TRUE" RequirementSetId="Met" ActivationRequirementSetId="REQSET_LEADER_CHAIN_1182E_NARRATIVE_REQUISITE" UIActivation="STANDARD"/>
    </NarrativeStories>
    <NarrativeRewards>
        <Row NarrativeRewardType="LEADER_CHAIN_1072D_REWARD" ModifierID="LEADER_CHAIN_1072D_NARRATIVE_MODIFIER"/>
        <Row NarrativeRewardType="LEADER_CHAIN_1072D_REWARD2" ModifierID="LEADER_CHAIN_1072D_NARRATIVE_MODIFIER2"/>
        <Row NarrativeRewardType="LEADER_CHAIN_1181D_REWARD" ModifierID="LEADER_CHAIN_1181D_NARRATIVE_MODIFIER"/>
        <Row NarrativeRewardType="LEADER_CHAIN_1181D_REWARD2" ModifierID="LEADER_CHAIN_1181D_NARRATIVE_MODIFIER2"/>
        <Row NarrativeRewardType="LEADER_CHAIN_1182D_REWARD" ModifierID="LEADER_CHAIN_1182D_NARRATIVE_MODIFIER"/>
        <Row NarrativeRewardType="LEADER_CHAIN_1182D_REWARD2" ModifierID="LEADER_CHAIN_1182D_NARRATIVE_MODIFIER2"/>
    </NarrativeRewards>
    <NarrativeStory_Rewards>
        <Row NarrativeStoryType="LEADER_CHAIN_1070E" NarrativeRewardType="LEADER_CHAIN_1070B_REWARD" Activation="COMPLETE"/>
        <Row NarrativeStoryType="LEADER_CHAIN_1070E" NarrativeRewardType="LEADER_CHAIN_1070B_REWARD2" Activation="COMPLETE"/>
        <Row NarrativeStoryType="LEADER_CHAIN_1070F" NarrativeRewardType="LEADER_CHAIN_1070C_REWARD" Activation="COMPLETE"/>
        <Row NarrativeStoryType="LEADER_CHAIN_1070F" NarrativeRewardType="LEADER_CHAIN_1070C_REWARD2" Activation="COMPLETE"/>
        <Row NarrativeStoryType="LEADER_CHAIN_1070G" NarrativeRewardType="LEADER_CHAIN_1070D_REWARD" Activation="START"/>
        <Row NarrativeStoryType="LEADER_CHAIN_1071D" NarrativeRewardType="LEADER_CHAIN_1071B_REWARD" Activation="COMPLETE"/>
        <Row NarrativeStoryType="LEADER_CHAIN_1071D" NarrativeRewardType="LEADER_CHAIN_1071B_REWARD2" Activation="COMPLETE"/>
        <Row NarrativeStoryType="LEADER_CHAIN_1071E" NarrativeRewardType="LEADER_CHAIN_1071C_REWARD" Activation="START"/>
        <Row NarrativeStoryType="LEADER_CHAIN_1072D" NarrativeRewardType="LEADER_CHAIN_1072D_REWARD" Activation="COMPLETE" BonusEligible="FALSE"/>
        <Row NarrativeStoryType="LEADER_CHAIN_1072D" NarrativeRewardType="LEADER_CHAIN_1072D_REWARD2" Activation="COMPLETE"/>
        <Row NarrativeStoryType="LEADER_CHAIN_1072E" NarrativeRewardType="LEADER_CHAIN_1072C_REWARD" Activation="START"/>
        <Row NarrativeStoryType="LEADER_CHAIN_1180E" NarrativeRewardType="LEADER_CHAIN_1180B_REWARD" Activation="COMPLETE"/>
        <Row NarrativeStoryType="LEADER_CHAIN_1180E" NarrativeRewardType="LEADER_CHAIN_1180B_REWARD2" Activation="COMPLETE"/>
        <Row NarrativeStoryType="LEADER_CHAIN_1180F" NarrativeRewardType="LEADER_CHAIN_1180C_REWARD" Activation="COMPLETE"/>
        <Row NarrativeStoryType="LEADER_CHAIN_1180F" NarrativeRewardType="LEADER_CHAIN_1180C_REWARD2" Activation="COMPLETE"/>
        <Row NarrativeStoryType="LEADER_CHAIN_1180G" NarrativeRewardType="LEADER_CHAIN_1180D_REWARD" Activation="START"/>
        <Row NarrativeStoryType="LEADER_CHAIN_1181D" NarrativeRewardType="LEADER_CHAIN_1181D_REWARD" Activation="COMPLETE" BonusEligible="FALSE"/>
        <Row NarrativeStoryType="LEADER_CHAIN_1181D" NarrativeRewardType="LEADER_CHAIN_1181D_REWARD2" Activation="COMPLETE"/>
        <Row NarrativeStoryType="LEADER_CHAIN_1181E" NarrativeRewardType="LEADER_CHAIN_1181C_REWARD" Activation="START"/>
        <Row NarrativeStoryType="LEADER_CHAIN_1182D" NarrativeRewardType="LEADER_CHAIN_1182D_REWARD" Activation="COMPLETE" BonusEligible="FALSE"/>
        <Row NarrativeStoryType="LEADER_CHAIN_1182D" NarrativeRewardType="LEADER_CHAIN_1182D_REWARD2" Activation="COMPLETE"/>
        <Row NarrativeStoryType="LEADER_CHAIN_1182E" NarrativeRewardType="LEADER_CHAIN_1182C_REWARD" Activation="START"/>
    </NarrativeStory_Rewards>
    <NarrativeStoryOverrides>
        <Row NarrativeStoryType="LEADER_CHAIN_1070E" OverriddenStoryType="LEADER_CHAIN_1070B"/>
        <Row NarrativeStoryType="LEADER_CHAIN_1070F" OverriddenStoryType="LEADER_CHAIN_1070C"/>
        <Row NarrativeStoryType="LEADER_CHAIN_1070G" OverriddenStoryType="LEADER_CHAIN_1070D"/>
        <Row NarrativeStoryType="LEADER_CHAIN_1071D" OverriddenStoryType="LEADER_CHAIN_1071B"/>
        <Row NarrativeStoryType="LEADER_CHAIN_1071E" OverriddenStoryType="LEADER_CHAIN_1071C"/>
        <Row NarrativeStoryType="LEADER_CHAIN_1072D" OverriddenStoryType="LEADER_CHAIN_1072B"/>
        <Row NarrativeStoryType="LEADER_CHAIN_1072E" OverriddenStoryType="LEADER_CHAIN_1072C"/>
        <Row NarrativeStoryType="LEADER_CHAIN_1180E" OverriddenStoryType="LEADER_CHAIN_1180B"/>
        <Row NarrativeStoryType="LEADER_CHAIN_1180F" OverriddenStoryType="LEADER_CHAIN_1180C"/>
        <Row NarrativeStoryType="LEADER_CHAIN_1180G" OverriddenStoryType="LEADER_CHAIN_1180D"/>
        <Row NarrativeStoryType="LEADER_CHAIN_1181D" OverriddenStoryType="LEADER_CHAIN_1181B"/>
        <Row NarrativeStoryType="LEADER_CHAIN_1181E" OverriddenStoryType="LEADER_CHAIN_1181C"/>
        <Row NarrativeStoryType="LEADER_CHAIN_1182D" OverriddenStoryType="LEADER_CHAIN_1182B"/>
        <Row NarrativeStoryType="LEADER_CHAIN_1182E" OverriddenStoryType="LEADER_CHAIN_1182C"/>
    </NarrativeStoryOverrides>
    <NarrativeVariations>
    </NarrativeVariations>
    <NarrativeRewardIcons>
        <Row NarrativeStoryType="LEADER_CHAIN_1070E" RewardIconType="QUEST"/>
        <Row NarrativeStoryType="LEADER_CHAIN_1070E" RewardIconType="YIELD_PRODUCTION"/>
        <Row NarrativeStoryType="LEADER_CHAIN_1070F" RewardIconType="QUEST"/>
        <Row NarrativeStoryType="LEADER_CHAIN_1070F" RewardIconType="YIELD_CULTURE"/>
        <Row NarrativeStoryType="LEADER_CHAIN_1071D" RewardIconType="QUEST"/>
        <Row NarrativeStoryType="LEADER_CHAIN_1071D" RewardIconType="ATTRIBUTE_MILITARISTIC"/>
        <Row NarrativeStoryType="LEADER_CHAIN_1072D" RewardIconType="QUEST"/>
        <Row NarrativeStoryType="LEADER_CHAIN_1180E" RewardIconType="QUEST"/>
        <Row NarrativeStoryType="LEADER_CHAIN_1180E" RewardIconType="YIELD_HAPPINESS"/>
        <Row NarrativeStoryType="LEADER_CHAIN_1180F" RewardIconType="QUEST"/>
        <Row NarrativeStoryType="LEADER_CHAIN_1180F" RewardIconType="YIELD_GOLD"/>
        <Row NarrativeStoryType="LEADER_CHAIN_1181D" RewardIconType="QUEST"/>
        <Row NarrativeStoryType="LEADER_CHAIN_1182D" RewardIconType="QUEST"/>
        <Row NarrativeStoryType="LEADER_CHAIN_1072D" RewardIconType="ATTRIBUTE_CULTURAL"/>
        <Row NarrativeStoryType="LEADER_CHAIN_1181D" RewardIconType="ATTRIBUTE_CULTURAL"/>
        <Row NarrativeStoryType="LEADER_CHAIN_1182D" RewardIconType="ATTRIBUTE_ECONOMIC"/>
    </NarrativeRewardIcons>
    <NarrativeStory_TextReplacements>
        <Row NarrativeStoryType="LEADER_CHAIN_1070E" NarrativeStoryTextType="REWARD" NarrativeTextReplacementType="REWARD" Priority="1"/>
        <Row NarrativeStoryType="LEADER_CHAIN_1070F" NarrativeStoryTextType="REWARD" NarrativeTextReplacementType="REWARD" Priority="1"/>
        <Row NarrativeStoryType="LEADER_CHAIN_1070G" NarrativeStoryTextType="REWARD" NarrativeTextReplacementType="REWARD" Priority="1"/>
        <Row NarrativeStoryType="LEADER_CHAIN_1071D" NarrativeStoryTextType="REWARD" NarrativeTextReplacementType="REWARD" Priority="1"/>
        <Row NarrativeStoryType="LEADER_CHAIN_1071E" NarrativeStoryTextType="REWARD" NarrativeTextReplacementType="REWARD" Priority="1"/>
        <Row NarrativeStoryType="LEADER_CHAIN_1072D" NarrativeStoryTextType="REWARD" NarrativeTextReplacementType="REWARD" Priority="1"/>
        <Row NarrativeStoryType="LEADER_CHAIN_1072E" NarrativeStoryTextType="REWARD" NarrativeTextReplacementType="REWARD" Priority="1"/>
        <Row NarrativeStoryType="LEADER_CHAIN_1072E" NarrativeStoryTextType="REWARD" NarrativeTextReplacementType="CAPITAL" Priority="2"/>
        <Row NarrativeStoryType="LEADER_CHAIN_1180E" NarrativeStoryTextType="REWARD" NarrativeTextReplacementType="REWARD" Priority="1"/>
        <Row NarrativeStoryType="LEADER_CHAIN_1180F" NarrativeStoryTextType="REWARD" NarrativeTextReplacementType="REWARD" Priority="1"/>
        <Row NarrativeStoryType="LEADER_CHAIN_1180G" NarrativeStoryTextType="REWARD" NarrativeTextReplacementType="REWARD" Priority="1"/>
        <Row NarrativeStoryType="LEADER_CHAIN_1181D" NarrativeStoryTextType="REWARD" NarrativeTextReplacementType="REWARD" Priority="1"/>
        <Row NarrativeStoryType="LEADER_CHAIN_1181E" NarrativeStoryTextType="REWARD" NarrativeTextReplacementType="REWARD" Priority="1"/>
        <Row NarrativeStoryType="LEADER_CHAIN_1182D" NarrativeStoryTextType="REWARD" NarrativeTextReplacementType="REWARD" Priority="1"/>
        <Row NarrativeStoryType="LEADER_CHAIN_1182E" NarrativeStoryTextType="REWARD" NarrativeTextReplacementType="REWARD" Priority="1"/>
    </NarrativeStory_TextReplacements>
    <NarrativeStory_Links>
        <Row FromNarrativeStoryType="LEADER_CHAIN_1070A" ToNarrativeStoryType="LEADER_CHAIN_1070E" Priority="3" Name="LOC_LEADER_CHAIN_1070E_NAME" Description="LOC_LEADER_CHAIN_1070E_DESCRIPTION" Imperative="LOC_LEADER_CHAIN_1070E_IMPERATIVE"/>
        <Row FromNarrativeStoryType="LEADER_CHAIN_1070A" ToNarrativeStoryType="LEADER_CHAIN_1070F" Priority="4" Name="LOC_LEADER_CHAIN_1070F_NAME" Description="LOC_LEADER_CHAIN_1070F_DESCRIPTION" Imperative="LOC_LEADER_CHAIN_1070F_IMPERATIVE"/>
        <Row FromNarrativeStoryType="LEADER_CHAIN_1070A" ToNarrativeStoryType="LEADER_CHAIN_1070G" Priority="5" Name="LOC_LEADER_CHAIN_1070G_NAME" Description="LOC_LEADER_CHAIN_1070G_DESCRIPTION"/>
        <Row FromNarrativeStoryType="LEADER_CHAIN_1071A" ToNarrativeStoryType="LEADER_CHAIN_1071D" Priority="2" Name="LOC_LEADER_CHAIN_1071D_NAME" Description="LOC_LEADER_CHAIN_1071D_DESCRIPTION" Imperative="LOC_LEADER_CHAIN_1071D_IMPERATIVE"/>
        <Row FromNarrativeStoryType="LEADER_CHAIN_1071A" ToNarrativeStoryType="LEADER_CHAIN_1071E" Priority="3" Name="LOC_LEADER_CHAIN_1071E_NAME" Description="LOC_LEADER_CHAIN_1071E_DESCRIPTION"/>
        <Row FromNarrativeStoryType="LEADER_CHAIN_1072A" ToNarrativeStoryType="LEADER_CHAIN_1072D" Priority="2" Name="LOC_LEADER_CHAIN_1072D_NAME" Description="LOC_LEADER_CHAIN_1072D_DESCRIPTION" Imperative="LOC_LEADER_CHAIN_1072D_IMPERATIVE"/>
        <Row FromNarrativeStoryType="LEADER_CHAIN_1072A" ToNarrativeStoryType="LEADER_CHAIN_1072E" Priority="3" Name="LOC_LEADER_CHAIN_1072E_NAME" Description="LOC_LEADER_CHAIN_1072E_DESCRIPTION"/>
        <Row FromNarrativeStoryType="LEADER_CHAIN_1180A" ToNarrativeStoryType="LEADER_CHAIN_1180E" Priority="0" Name="LOC_LEADER_CHAIN_1180E_NAME" Description="LOC_LEADER_CHAIN_1180E_DESCRIPTION" Imperative="LOC_LEADER_CHAIN_1180E_IMPERATIVE"/>
        <Row FromNarrativeStoryType="LEADER_CHAIN_1180A" ToNarrativeStoryType="LEADER_CHAIN_1180F" Priority="0" Name="LOC_LEADER_CHAIN_1180F_NAME" Description="LOC_LEADER_CHAIN_1180F_DESCRIPTION" Imperative="LOC_LEADER_CHAIN_1180F_IMPERATIVE"/>
        <Row FromNarrativeStoryType="LEADER_CHAIN_1180A" ToNarrativeStoryType="LEADER_CHAIN_1180G" Priority="0" Name="LOC_LEADER_CHAIN_1180G_NAME" Description="LOC_LEADER_CHAIN_1180G_DESCRIPTION"/>
        <Row FromNarrativeStoryType="LEADER_CHAIN_1181A" ToNarrativeStoryType="LEADER_CHAIN_1181D" Priority="0" Name="LOC_LEADER_CHAIN_1181D_NAME" Description="LOC_LEADER_CHAIN_1181D_DESCRIPTION" Imperative="LOC_LEADER_CHAIN_1181D_IMPERATIVE"/>
        <Row FromNarrativeStoryType="LEADER_CHAIN_1181A" ToNarrativeStoryType="LEADER_CHAIN_1181E" Priority="0" Name="LOC_LEADER_CHAIN_1181E_NAME" Description="LOC_LEADER_CHAIN_1181E_DESCRIPTION"/>
        <Row FromNarrativeStoryType="LEADER_CHAIN_1182A" ToNarrativeStoryType="LEADER_CHAIN_1182D" Priority="0" Name="LOC_LEADER_CHAIN_1182D_NAME" Description="LOC_LEADER_CHAIN_1182D_DESCRIPTION" Imperative="LOC_LEADER_CHAIN_1182D_IMPERATIVE"/>
        <Row FromNarrativeStoryType="LEADER_CHAIN_1182A" ToNarrativeStoryType="LEADER_CHAIN_1182E" Priority="0" Name="LOC_LEADER_CHAIN_1182E_NAME" Description="LOC_LEADER_CHAIN_1182E_DESCRIPTION"/>
    </NarrativeStory_Links>
</Database>
