<?xml version="1.0" encoding="utf-8"?>
<Database>
	<EnglishText>
		<!-- Nepal Unique Units -->
		<Row Tag="LOC_UNIT_GURKHA_NAME">
			<Text>Gurkha</Text>
		</Row>
		<Row Tag="LOC_UNIT_GURKHA_BASE_DESCRIPTION">
			<Text>Nepalese Unique Infantry Unit. Stronger, faster, and more expensive.</Text>
		</Row>
		<Row Tag="LOC_UNIT_GURKHA_DESCRIPTION">
			<Text>Tier 1 Nepalese Unique Infantry Unit. +1 Movement. +5 Combat Strength. More expensive than the Line Infantry.</Text>
		</Row>
		<Row Tag="LOC_UNIT_GURKHA_2_DESCRIPTION">
			<Text>Tier 2 Nepalese Unique Infantry Unit. +1 Movement. +5 Combat Strength. More expensive than the Rifle Infantry.</Text>
		</Row>
		<Row Tag="LOC_UNIT_GURKHA_3_DESCRIPTION">
			<Text>Tier 3 Nepalese Unique Infantry Unit. +1 Movement. +5 Combat Strength. More expensive than the Infantry Company.</Text>
		</Row>
		<Row Tag="LOC_UNIT_SHERPA_NAME">
			<Text>Sherpa</Text>
		</Row>
		<Row Tag="LOC_UNIT_SHERPA_DESCRIPTION">
			<Text>Nepalese Unique Scout. Ignores Mountains and Rough Terrain for Sight. Ignores Featureless Mountains for Movement. Can move on Mount Everest.</Text>
		</Row>
		<Row Tag="LOC_ABILITY_SHERPA_UNLOCK_NAME">
			<Text>Claim Mountain</Text>
		</Row>
		<Row Tag="LOC_ABILITY_SHERPA_UNLOCK_DESCRIPTION">
			<Text>Activate on a Mountain tile within 5 tiles of one of your Settlement's City Centers. The Mountain is improved immediately with a Highland Power Station. If the Mountain is outside your borders, a path of tiles is claimed back to the Settlement.</Text>
		</Row>
	</EnglishText>
</Database>