<?xml version="1.0" encoding="utf-8"?>
<Database>
	<EnglishText>
		<!-- Friedrich, Baroque -->
		<Row Tag="LOC_LEADER_FRIEDRICH_ALT_NAME">
			<Text>Friedrich, Baroque</Text>
		</Row>
		<Row Tag="LOC_LEADER_FRIEDRICH_ALT_DESCRIPTION">
			<Text>Gain a [icon:NAR_REW_GREATWORK] Great Work when you capture a Settlement for the first time. +1 [icon:YIELD_CULTURE] Culture per Age on displayed [icon:NAR_REW_GREATWORK] Great Works. Gain an Infantry Unit when you complete a [icon:RADIAL_CIVICS] Civic Mastery or construct a [icon:YIELD_CULTURE] Culture Building.</Text>
		</Row>
		<Row Tag="LOC_TRAIT_LEADER_FRIEDRICH_ALT_ABILITY_NAME">
			<Text>Hohenfriedberger Marsch</Text>
		</Row>
		<Row Tag="LOC_TRAIT_LEADER_FRIEDRICH_ALT_ABILITY_DESCRIPTION">
			<Text>[BLIST][LI]Gain a [icon:NAR_REW_GREATWORK] [B]Great Work [/B]when you capture a Settlement for the first time.[LI][B]+1 [icon:YIELD_CULTURE] Culture [/B]per Age on displayed [icon:NAR_REW_GREATWORK] [B]Great Works[/B].[LI]Gain an [B]Infantry Unit [/B]when you complete a [icon:RADIAL_CIVICS] [B]Civic Mastery[/B] or construct a [icon:YIELD_CULTURE] [B]Culture Building[/B].[/LIST]</Text>
		</Row>
		<!-- Xerxes, the Achaemenid -->
		<Row Tag="LOC_LEADER_XERXES_ALT_NAME">
			<Text>Xerxes, the Achaemenid</Text>
		</Row>
		<Row Tag="LOC_LEADER_XERXES_ALT_DESCRIPTION">
			<Text>+1 [icon:TRADE_ROUTE] Trade Route limit with all other Leaders. +10 Trade Range. Gain 50 [icon:YIELD_CULTURE] Culture and 100 [icon:YIELD_GOLD] Gold per Age when you create a Trade Route or Road. +1 [icon:YIELD_CULTURE] Culture and[icon:YIELD_GOLD] Gold per Age on Unique Buildings and Improvements.</Text>
		</Row>
		<Row Tag="LOC_TRAIT_LEADER_XERXES_ALT_ABILITY_NAME">
			<Text>Silk Road</Text>
		</Row>
		<Row Tag="LOC_TRAIT_LEADER_XERXES_ALT_ABILITY_DESCRIPTION">
			<Text>[BLIST][LI][B]+1 [icon:TRADE_ROUTE] Trade Route [/B]limit with all other Leaders.[LI][B]+10 [/B]Trade Range.[LI]Gain [B]50 [icon:YIELD_CULTURE] Culture [/B]and [B]100 [icon:YIELD_GOLD] Gold [/B]per Age when you create a [B]Trade Route [/B]or [B]Road[/B].[LI][B]+1 [icon:YIELD_CULTURE] Culture [/B]and [icon:YIELD_GOLD] [B]Gold [/B]per Age on [B]Unique Buildings [/B]and [B]Improvements[/B].[/LIST]</Text>
		</Row>
	</EnglishText>
</Database>