<?xml version="1.0" encoding="utf-8"?>
<Database>
	<EnglishText>
		<!-- Xerxes Main Menu Char Select Text-->
		<Row Tag="LOC_MAIN_CHAR_SELECT_LEADER_XERXES_ALT_ANY">
			<Text>Under my hand, wherever there is conflict and chaos I strike it down. I will have peace, even amidst ashes. </Text>
		</Row>

		<!--Xerxes Statement Text-->
		<Row Tag="LOC_DIPLO_FIRST_MEET_NEAR_INITIATOR_LEADER_XERXES_ALT_ANY">
			<Text>There is one head alone that sits at the center of the world, and it is mine.</Text>
		</Row>
		<Row Tag="LOC_DIPLO_FIRST_MEET_NEAR_RECIPIENT_LEADER_XERXES_ALT_ANY">
			<Text>There is one head alone that sits at the center of the world, and it is mine.</Text>
		</Row>
		<Row Tag="LOC_DIPLO_FIRST_MEET_NO_MANS_LEADER_XERXES_ALT_ANY">
			<Text>There is one head alone that sits at the center of the world, and it is mine.</Text>
		</Row>
		<Row Tag="LOC_DIPLO_DECLARE_WAR_INITIATOR_LEADER_XERXES_ALT_ANY">
			<Text>Your warriors march forward into the flames of their own destruction.</Text>
		</Row>
		<Row Tag="LOC_DIPLO_DECLARE_WAR_RECIPIENT_LEADER_XERXES_ALT_ANY">
			<Text>Your raiders would challenge the center of the world? Typical.</Text>
		</Row>
		<Row Tag="LOC_DIPLO_DEFEAT_AI_LEADER_XERXES_ALT_ANY">
			<Text>I was an emperor; now just a pawn in someone else's game.</Text>
		</Row>
		<Row Tag="LOC_DIPLO_MAKE_DEAL_ACCEPTED_LEADER_XERXES_ALT">
			<Text>Indeed. Now, if you will excuse me</Text>
		</Row>
		<Row Tag="LOC_DIPLO_MAKE_DEAL_REJECTED_LEADER_XERXES_ALT">
			<Text>The gates are closed at this time.</Text>
		</Row>
	</EnglishText>
</Database>