<?xml version="1.0" encoding="utf-8"?>
<Database>
	<Kinds>
		<InsertOrIgnore Kind="KIND_CONSTRUCTIBLE"/>
	</Kinds>
	<Types>
		<!--Civ Unique Buildings-->
		<Row Type="BUILDING_CITADEL" Kind="KIND_CONSTRUCTIBLE"/>
		<Row Type="BUILDING_ROYAL_LIBRARY" Kind="KIND_CONSTRUCTIBLE"/>
		<Row Type="QUARTER_EKALLU" Kind="KIND_QUARTER"/>
	</Types>
	<Constructibles>
		<!--Civ Unique Buildings-->
		<Row ConstructibleType="BUILDING_CITADEL" Name="LOC_BUILDING_CITADEL_NAME" Description="LOC_BUILDING_CITADEL_DESCRIPTION" Tooltip="LOC_BUILDING_CITADEL_TOOLTIP" ConstructibleClass="BUILDING" Cost="90" Population="1" Age="AGE_ANTIQUITY" DistrictDefense="true"/>
		<Row ConstructibleType="BUILDING_ROYAL_LIBRARY" Name="LOC_BUILDING_ROYAL_LIBRARY_NAME" Description="LOC_BUILDING_ROYAL_LIBRARY_DESCRIPTION" Tooltip="LOC_BUILDING_ROYAL_LIBRARY_TOOLTIP"  ConstructibleClass="BUILDING" Cost="120" Population="1" Age="AGE_ANTIQUITY"/>
	</Constructibles>
	<Buildings>
		<!--Civ Unique Buildings-->
		<Row ConstructibleType="BUILDING_CITADEL" Movable="false" TraitType="TRAIT_ASSYRIA"/>
		<Row ConstructibleType="BUILDING_ROYAL_LIBRARY" Movable="false" TraitType="TRAIT_ASSYRIA"/>
	</Buildings>
	<TypeTags>
		<Row Type="BUILDING_CITADEL" Tag="PRODUCTION"/>
		<Row Type="BUILDING_CITADEL" Tag="UNIQUE"/>
		<Row Type="BUILDING_CITADEL" Tag="FORTIFICATION"/>
		<Row Type="BUILDING_CITADEL" Tag="AGELESS"/>
		<Row Type="BUILDING_ROYAL_LIBRARY" Tag="SCIENCE"/>
		<Row Type="BUILDING_ROYAL_LIBRARY" Tag="GREATWORK"/>
		<Row Type="BUILDING_ROYAL_LIBRARY" Tag="UNIQUE"/>
		<Row Type="BUILDING_ROYAL_LIBRARY" Tag="AGELESS"/>
	</TypeTags>
	<Constructible_ValidDistricts>
		<!--Civ Unique Buildings-->
		<Row ConstructibleType="BUILDING_CITADEL" DistrictType="DISTRICT_CITY_CENTER"/>
		<Row ConstructibleType="BUILDING_CITADEL" DistrictType="DISTRICT_URBAN"/>
		<Row ConstructibleType="BUILDING_ROYAL_LIBRARY" DistrictType="DISTRICT_CITY_CENTER"/>
		<Row ConstructibleType="BUILDING_ROYAL_LIBRARY" DistrictType="DISTRICT_URBAN"/>
	</Constructible_ValidDistricts>
	<Constructible_YieldChanges>
		<!--Civ Unique Buildings-->
		<Row ConstructibleType="BUILDING_CITADEL" YieldType="YIELD_PRODUCTION" YieldChange="3"/>
		<Row ConstructibleType="BUILDING_ROYAL_LIBRARY" YieldType="YIELD_SCIENCE" YieldChange="3"/>
	</Constructible_YieldChanges>
	<Constructible_Adjacencies>
		<Row ConstructibleType="BUILDING_ROYAL_LIBRARY" YieldChangeId="RoyalLibraryRiverScience"/>
		<Row ConstructibleType="BUILDING_ROYAL_LIBRARY" YieldChangeId="WonderScience"/>
		<Row ConstructibleType="BUILDING_CITADEL" YieldChangeId="WonderProduction"/>
	</Constructible_Adjacencies>
	<Constructible_Maintenances>
		<Row ConstructibleType="BUILDING_ROYAL_LIBRARY" YieldType="YIELD_HAPPINESS" Amount="2"/>
		<Row ConstructibleType="BUILDING_ROYAL_LIBRARY" YieldType="YIELD_GOLD" Amount="2"/>
		<Row ConstructibleType="BUILDING_CITADEL" YieldType="YIELD_HAPPINESS" Amount="2"/>
		<Row ConstructibleType="BUILDING_CITADEL" YieldType="YIELD_GOLD" Amount="2"/>
	</Constructible_Maintenances>
	<Adjacency_YieldChanges>
		<Row ID="RoyalLibraryRiverScience" YieldType="YIELD_SCIENCE" YieldChange="1" TilesRequired="1" ProjectMaxYield="true"  AdjacentRiver="true"/>
	</Adjacency_YieldChanges>
	<Constructible_Plunders>
		<!--Civ Unique Buildings-->
		<Row ConstructibleType="BUILDING_CITADEL" PlunderType="PLUNDER_HEAL" Amount="30"/>
		<Row ConstructibleType="BUILDING_ROYAL_LIBRARY" PlunderType="PLUNDER_HEAL" Amount="30"/>
	</Constructible_Plunders>
	<UniqueQuarters>
		<Row UniqueQuarterType="QUARTER_EKALLU" BuildingType1="BUILDING_CITADEL" BuildingType2="BUILDING_ROYAL_LIBRARY" Name="LOC_QUARTER_EKALLU_NAME" Description="LOC_QUARTER_EKALLU_DESCRIPTION" Tooltip="LOC_QUARTER_EKALLU_TOOLTIP" TraitType="TRAIT_ASSYRIA"/>
	</UniqueQuarters>
	<ConstructibleModifiers>
		<Row ConstructibleType="BUILDING_CITADEL" ModifierId="MOD_CITADEL_FLAT_HAPPINESS"/>
	</ConstructibleModifiers>
	<GameModifiers>
		<!-- Unique Quarter modifiers are game-wide -->
		<Row ModifierId="MOD_ASSYRIA_GREAT_WORKS_PRODUCTION"/>
	</GameModifiers>
	<!-- These are listed here so the AI can evalutate Unique Quarters. They do not have any effects on the game for human players. -->
	<UniqueQuarterModifiers>
		<Row UniqueQuarterType="QUARTER_EKALLU" ModifierId="MOD_ASSYRIA_GREAT_WORKS_PRODUCTION"/>
	</UniqueQuarterModifiers>
	<Constructible_Advisories>
		<Row ConstructibleType="BUILDING_ROYAL_LIBRARY" AdvisoryClassType="ADVISORY_CLASS_SCIENCE"/>
		<Row ConstructibleType="BUILDING_CITADEL" AdvisoryClassType="ADVISORY_CLASS_MILITARY"/>
		<Row ConstructibleType="BUILDING_CITADEL" AdvisoryClassType="ADVISORY_CLASS_HAPPINESS"/>
	</Constructible_Advisories>
</Database>