<?xml version="1.0" encoding="utf-8"?>
<GameEffects xmlns="GameEffects">
	<Modifier id="MOD_CITADEL_FLAT_HAPPINESS" collection="COLLECTION_CITY_PLOT_YIELDS" effect="EFFECT_PLOT_ADJUST_YIELD">
		<SubjectRequirements>
			<Requirement type="REQUIREMENT_PLOT_TERRAIN_TYPE_MATCHES">
				<Argument name="TerrainType">TERRAIN_FLAT</Argument>
			</Requirement>
			<Requirement type="REQUIREMENT_PLOT_HAS_CONSTRUCTIBLE">
				<Argument name="ConstructibleType">BUILDING_CITADEL</Argument>
			</Requirement>
		</SubjectRequirements>
		<Argument name="YieldType">YIELD_HAPPINESS</Argument>
		<Argument name="Amount">2</Argument>
	</Modifier>
	<Modifier id="MOD_ASSYRIA_GREAT_WORKS_PRODUCTION" collection="COLLECTION_ALL_CITIES" effect="EFFECT_CITY_ADJUST_YIELD_PER_GREAT_WORK">
		<SubjectRequirements>
			<Requirement type="REQUIREMENT_CITY_HAS_UNIQUE_QUARTER">
				<Argument name="UniqueQuarterType">QUARTER_EKALLU</Argument>
			</Requirement>
		</SubjectRequirements>
		<Argument name="Amount">2</Argument>
		<Argument name="YieldType">YIELD_PRODUCTION</Argument>
	</Modifier>
</GameEffects>