﻿<?xml version="1.0" encoding="utf-8"?>
<Database>
    <Types>
        <Row Type="11071A" Kind="KIND_NARRATIVE_STORY"/>
        <Row Type="11071B" Kind="KIND_NARRATIVE_STORY"/>
        <Row Type="11071C" Kind="KIND_NARRATIVE_STORY"/>
        <Row Type="11072A" Kind="KIND_NARRATIVE_STORY"/>
        <Row Type="11072B" Kind="KIND_NARRATIVE_STORY"/>
        <Row Type="11072C" Kind="KIND_NARRATIVE_STORY"/>
        <Row Type="11073A" Kind="KIND_NARRATIVE_STORY"/>
        <Row Type="11073B" Kind="KIND_NARRATIVE_STORY"/>
        <Row Type="11073C" Kind="KIND_NARRATIVE_STORY"/>
        <Row Type="11074A" Kind="KIND_NARRATIVE_STORY"/>
        <Row Type="11074B" Kind="KIND_NARRATIVE_STORY"/>
        <Row Type="11074C" Kind="KIND_NARRATIVE_STORY"/>
        <Row Type="11075A" Kind="KIND_NARRATIVE_STORY"/>
        <Row Type="11075B" Kind="KIND_NARRATIVE_STORY"/>
        <Row Type="11075C" Kind="KIND_NARRATIVE_STORY"/>
        <Row Type="11076A" Kind="KIND_NARRATIVE_STORY"/>
        <Row Type="11076B" Kind="KIND_NARRATIVE_STORY"/>
        <Row Type="11076C" Kind="KIND_NARRATIVE_STORY"/>
        <Row Type="11076D" Kind="KIND_NARRATIVE_STORY"/>
        <Row Type="11077A" Kind="KIND_NARRATIVE_STORY"/>
        <Row Type="11077B" Kind="KIND_NARRATIVE_STORY"/>
        <Row Type="11077C" Kind="KIND_NARRATIVE_STORY"/>
        <Row Type="11077D" Kind="KIND_NARRATIVE_STORY"/>
        <Row Type="11078A" Kind="KIND_NARRATIVE_STORY"/>
        <Row Type="11078B" Kind="KIND_NARRATIVE_STORY"/>
        <Row Type="11078C" Kind="KIND_NARRATIVE_STORY"/>
        <Row Type="11079A" Kind="KIND_NARRATIVE_STORY"/>
        <Row Type="11079B" Kind="KIND_NARRATIVE_STORY"/>
        <Row Type="11079C" Kind="KIND_NARRATIVE_STORY"/>
        <Row Type="11079D" Kind="KIND_NARRATIVE_STORY"/>
        <Row Type="11080A" Kind="KIND_NARRATIVE_STORY"/>
        <Row Type="11080B" Kind="KIND_NARRATIVE_STORY"/>
        <Row Type="11080C" Kind="KIND_NARRATIVE_STORY"/>
        <Row Type="12010A" Kind="KIND_NARRATIVE_STORY"/>
        <Row Type="12010B" Kind="KIND_NARRATIVE_STORY"/>
        <Row Type="12010C" Kind="KIND_NARRATIVE_STORY"/>
    </Types>
    <NarrativeStories>
        <Row NarrativeStoryType="11071A" Name="LOC_11071A_NAME" Description="LOC_11071A_DESCRIPTION" Completion="LOC_11071A_COMPLETION" StoryTitle="LOC_11071A_STORYTITLE" Age="AGE_ANTIQUITY" Activation="REQUISITE" RequirementSetId="REQSET_11071A_NARRATIVE" ActivationRequirementSetId="REQSET_11071A_NARRATIVE_REQUISITE" UIActivation="STANDARD"/>
        <Row NarrativeStoryType="11071B" Name="LOC_11071B_NAME" Description="LOC_11071B_DESCRIPTION" Completion="LOC_11071B_COMPLETION" Age="AGE_ANTIQUITY" Activation="LINKED" Hidden="TRUE" RequirementSetId="Met" UIActivation="STANDARD"/>
        <Row NarrativeStoryType="11071C" Name="LOC_11071C_NAME" Description="LOC_11071C_DESCRIPTION" Completion="LOC_11071C_COMPLETION" Age="AGE_ANTIQUITY" Activation="LINKED" Hidden="TRUE" RequirementSetId="Met" UIActivation="STANDARD"/>
        <Row NarrativeStoryType="11072A" Name="LOC_11072A_NAME" Description="LOC_11072A_DESCRIPTION" Completion="LOC_11072A_COMPLETION" StoryTitle="LOC_11072A_STORYTITLE" Age="AGE_ANTIQUITY" Activation="REQUISITE" RequirementSetId="REQSET_11072A_NARRATIVE" ActivationRequirementSetId="REQSET_11072A_NARRATIVE_REQUISITE" UIActivation="STANDARD"/>
        <Row NarrativeStoryType="11072B" Name="LOC_11072B_NAME" Description="LOC_11072B_DESCRIPTION" Completion="LOC_11072B_COMPLETION" Age="AGE_ANTIQUITY" Activation="LINKED" Hidden="TRUE" RequirementSetId="Met" UIActivation="STANDARD"/>
        <Row NarrativeStoryType="11072C" Name="LOC_11072C_NAME" Description="LOC_11072C_DESCRIPTION" Completion="LOC_11072C_COMPLETION" Age="AGE_ANTIQUITY" Activation="LINKED" Hidden="TRUE" RequirementSetId="Met" UIActivation="STANDARD"/>
        <Row NarrativeStoryType="11073A" Name="LOC_11073A_NAME" Description="LOC_11073A_DESCRIPTION" Completion="LOC_11073A_COMPLETION" StoryTitle="LOC_11073A_STORYTITLE" Age="AGE_ANTIQUITY" Activation="REQUISITE" RequirementSetId="REQSET_11073A_NARRATIVE" ActivationRequirementSetId="REQSET_11073A_NARRATIVE_REQUISITE" UIActivation="STANDARD"/>
        <Row NarrativeStoryType="11073B" Name="LOC_11073B_NAME" Description="LOC_11073B_DESCRIPTION" Completion="LOC_11073B_COMPLETION" Age="AGE_ANTIQUITY" Activation="LINKED" Hidden="TRUE" RequirementSetId="Met" UIActivation="STANDARD"/>
        <Row NarrativeStoryType="11073C" Name="LOC_11073C_NAME" Description="LOC_11073C_DESCRIPTION" Completion="LOC_11073C_COMPLETION" Age="AGE_ANTIQUITY" Activation="LINKED" Hidden="TRUE" RequirementSetId="Met" UIActivation="STANDARD"/>
        <Row NarrativeStoryType="11074A" Name="LOC_11074A_NAME" Description="LOC_11074A_DESCRIPTION" Completion="LOC_11074A_COMPLETION" StoryTitle="LOC_11074A_STORYTITLE" Age="AGE_ANTIQUITY" Activation="UNLOCKED" RequirementSetId="REQSET_11074A_NARRATIVE" UIActivation="STANDARD"/>
        <Row NarrativeStoryType="11074B" Name="LOC_11074B_NAME" Description="LOC_11074B_DESCRIPTION" Completion="LOC_11074B_COMPLETION" Age="AGE_ANTIQUITY" Activation="LINKED" Hidden="TRUE" RequirementSetId="Met" UIActivation="STANDARD"/>
        <Row NarrativeStoryType="11074C" Name="LOC_11074C_NAME" Description="LOC_11074C_DESCRIPTION" Completion="LOC_11074C_COMPLETION" Age="AGE_ANTIQUITY" Activation="LINKED" Hidden="TRUE" RequirementSetId="Met" UIActivation="STANDARD"/>
        <Row NarrativeStoryType="11075A" Name="LOC_11075A_NAME" Description="LOC_11075A_DESCRIPTION" Completion="LOC_11075A_COMPLETION" StoryTitle="LOC_11075A_STORYTITLE" Age="AGE_ANTIQUITY" Activation="REQUISITE" RequirementSetId="REQSET_11075A_NARRATIVE" ActivationRequirementSetId="REQSET_11075A_NARRATIVE_REQUISITE" UIActivation="STANDARD"/>
        <Row NarrativeStoryType="11075B" Name="LOC_11075B_NAME" Description="LOC_11075B_DESCRIPTION" Completion="LOC_11075B_COMPLETION" Age="AGE_ANTIQUITY" Activation="LINKED" Hidden="TRUE" RequirementSetId="Met" UIActivation="STANDARD"/>
        <Row NarrativeStoryType="11075C" Name="LOC_11075C_NAME" Description="LOC_11075C_DESCRIPTION" Completion="LOC_11075C_COMPLETION" Age="AGE_ANTIQUITY" Activation="LINKED" Hidden="TRUE" RequirementSetId="Met" UIActivation="STANDARD"/>
        <Row NarrativeStoryType="11076A" Name="LOC_11076A_NAME" Description="LOC_11076A_DESCRIPTION" Completion="LOC_11076A_COMPLETION" StoryTitle="LOC_11076A_STORYTITLE" Age="AGE_ANTIQUITY" Activation="UNLOCKED" RequirementSetId="REQSET_11076A_NARRATIVE" UIActivation="STANDARD"/>
        <Row NarrativeStoryType="11076B" Name="LOC_11076B_NAME" Description="LOC_11076B_DESCRIPTION" Completion="LOC_11076B_COMPLETION" Age="AGE_ANTIQUITY" Activation="LINKED" Hidden="TRUE" RequirementSetId="Met" UIActivation="STANDARD"/>
        <Row NarrativeStoryType="11076C" Name="LOC_11076C_NAME" Description="LOC_11076C_DESCRIPTION" Completion="LOC_11076C_COMPLETION" Age="AGE_ANTIQUITY" Activation="LINKED" Hidden="TRUE" RequirementSetId="Met" UIActivation="STANDARD"/>
        <Row NarrativeStoryType="11076D" Name="LOC_11076D_NAME" Description="LOC_11076D_DESCRIPTION" Completion="LOC_11076D_COMPLETION" Age="AGE_ANTIQUITY" Activation="REQUISITE" Hidden="TRUE" RequirementSetId="REQSET_11076D_NARRATIVE" ActivationRequirementSetId="REQSET_11076D_NARRATIVE_REQUISITE" UIActivation="STANDARD"/>
        <Row NarrativeStoryType="11077A" Name="LOC_11077A_NAME" Description="LOC_11077A_DESCRIPTION" Completion="LOC_11077A_COMPLETION" StoryTitle="LOC_11077A_STORYTITLE" Age="AGE_ANTIQUITY" Activation="REQUISITE" RequirementSetId="REQSET_11077A_NARRATIVE" ActivationRequirementSetId="REQSET_11077A_NARRATIVE_REQUISITE" UIActivation="STANDARD"/>
        <Row NarrativeStoryType="11077B" Name="LOC_11077B_NAME" Description="LOC_11077B_DESCRIPTION" Completion="LOC_11077B_COMPLETION" Age="AGE_ANTIQUITY" Activation="LINKED" Hidden="TRUE" RequirementSetId="Met" UIActivation="STANDARD"/>
        <Row NarrativeStoryType="11077C" Name="LOC_11077C_NAME" Description="LOC_11077C_DESCRIPTION" Completion="LOC_11077C_COMPLETION" Age="AGE_ANTIQUITY" Activation="LINKED" Hidden="TRUE" RequirementSetId="Met" UIActivation="STANDARD"/>
        <Row NarrativeStoryType="11077D" Name="LOC_11077D_NAME" Description="LOC_11077D_DESCRIPTION" Completion="LOC_11077D_COMPLETION" Age="AGE_ANTIQUITY" Activation="LINKED" Hidden="TRUE" RequirementSetId="Met" UIActivation="STANDARD"/>
        <Row NarrativeStoryType="11078A" Name="LOC_11078A_NAME" Description="LOC_11078A_DESCRIPTION" Completion="LOC_11078A_COMPLETION" StoryTitle="LOC_11078A_STORYTITLE" Age="AGE_ANTIQUITY" Activation="REQUISITE" RequirementSetId="REQSET_11078A_NARRATIVE" ActivationRequirementSetId="REQSET_11078A_NARRATIVE_REQUISITE" UIActivation="STANDARD"/>
        <Row NarrativeStoryType="11078B" Name="LOC_11078B_NAME" Description="LOC_11078B_DESCRIPTION" Completion="LOC_11078B_COMPLETION" StoryTitle="LOC_11078B_STORYTITLE" Age="AGE_ANTIQUITY" Activation="LINKED" Imperative="LOC_11078B_IMPERATIVE" IsQuest="TRUE" RequirementSetId="REQSET_11078B_NARRATIVE" UIActivation="STANDARD"/>
        <Row NarrativeStoryType="11078C" Name="LOC_11078C_NAME" Description="LOC_11078C_DESCRIPTION" Completion="LOC_11078C_COMPLETION" Age="AGE_ANTIQUITY" Activation="LINKED" Hidden="TRUE" RequirementSetId="Met" UIActivation="STANDARD"/>
        <Row NarrativeStoryType="11079A" Name="LOC_11079A_NAME" Description="LOC_11079A_DESCRIPTION" Completion="LOC_11079A_COMPLETION" StoryTitle="LOC_11079A_STORYTITLE" Age="AGE_ANTIQUITY" Activation="UNLOCKED" RequirementSetId="REQSET_11079A_NARRATIVE" UIActivation="STANDARD"/>
        <Row NarrativeStoryType="11079B" Name="LOC_11079B_NAME" Description="LOC_11079B_DESCRIPTION" Completion="LOC_11079B_COMPLETION" Age="AGE_ANTIQUITY" Activation="LINKED" Hidden="TRUE" RequirementSetId="Met" UIActivation="STANDARD"/>
        <Row NarrativeStoryType="11079C" Name="LOC_11079C_NAME" Description="LOC_11079C_DESCRIPTION" Completion="LOC_11079C_COMPLETION" Age="AGE_ANTIQUITY" Activation="LINKED" Hidden="TRUE" RequirementSetId="Met" UIActivation="STANDARD"/>
        <Row NarrativeStoryType="11079D" Name="LOC_11079D_NAME" Description="LOC_11079D_DESCRIPTION" Completion="LOC_11079D_COMPLETION" Age="AGE_ANTIQUITY" Activation="REQUISITE" Hidden="TRUE" RequirementSetId="REQSET_11079D_NARRATIVE" ActivationRequirementSetId="REQSET_11079D_NARRATIVE_REQUISITE" UIActivation="STANDARD"/>
        <Row NarrativeStoryType="11080A" Name="LOC_11080A_NAME" Description="LOC_11080A_DESCRIPTION" Completion="LOC_11080A_COMPLETION" StoryTitle="LOC_11080A_STORYTITLE" Age="AGE_ANTIQUITY" Activation="REQUISITE" RequirementSetId="REQSET_11080A_NARRATIVE" ActivationRequirementSetId="REQSET_11080A_NARRATIVE_REQUISITE" UIActivation="STANDARD"/>
        <Row NarrativeStoryType="11080B" Name="LOC_11080B_NAME" Description="LOC_11080B_DESCRIPTION" Completion="LOC_11080B_COMPLETION" Age="AGE_ANTIQUITY" Activation="LINKED" Hidden="TRUE" RequirementSetId="Met" UIActivation="STANDARD"/>
        <Row NarrativeStoryType="11080C" Name="LOC_11080C_NAME" Description="LOC_11080C_DESCRIPTION" Completion="LOC_11080C_COMPLETION" Age="AGE_ANTIQUITY" Activation="LINKED" Hidden="TRUE" RequirementSetId="Met" UIActivation="STANDARD"/>
        <Row NarrativeStoryType="12010A" Name="LOC_12010A_NAME" Description="LOC_12010A_DESCRIPTION" Completion="LOC_12010A_COMPLETION" StoryTitle="LOC_12010A_STORYTITLE" Age="AGE_ANTIQUITY" Activation="UNLOCKED" RequirementSetId="REQSET_12010A_NARRATIVE" UIActivation="STANDARD"/>
        <Row NarrativeStoryType="12010B" Name="LOC_12010B_NAME" Description="LOC_12010B_DESCRIPTION" Completion="LOC_12010B_COMPLETION" Age="AGE_ANTIQUITY" Activation="LINKED" Hidden="TRUE" RequirementSetId="Met" UIActivation="STANDARD"/>
        <Row NarrativeStoryType="12010C" Name="LOC_12010C_NAME" Description="LOC_12010C_DESCRIPTION" Completion="LOC_12010C_COMPLETION" Age="AGE_ANTIQUITY" Activation="LINKED" Hidden="TRUE" RequirementSetId="Met" UIActivation="STANDARD"/>
    </NarrativeStories>
    <NarrativeRewards>
        <Row NarrativeRewardType="11071B_REWARD" ModifierID="11071B_NARRATIVE_MODIFIER"/>
        <Row NarrativeRewardType="11071C_REWARD" ModifierID="11071C_NARRATIVE_MODIFIER"/>
        <Row NarrativeRewardType="11072B_REWARD" ModifierID="11072B_NARRATIVE_MODIFIER"/>
        <Row NarrativeRewardType="11072C_REWARD" ModifierID="11072C_NARRATIVE_MODIFIER"/>
        <Row NarrativeRewardType="11073B_REWARD" ModifierID="11073B_NARRATIVE_MODIFIER"/>
        <Row NarrativeRewardType="11073C_REWARD" ModifierID="11073C_NARRATIVE_MODIFIER"/>
        <Row NarrativeRewardType="11074B_REWARD" ModifierID="11074B_NARRATIVE_MODIFIER"/>
        <Row NarrativeRewardType="11074B_REWARD2" ModifierID="11074B_NARRATIVE_MODIFIER2"/>
        <Row NarrativeRewardType="11074C_REWARD" ModifierID="11074C_NARRATIVE_MODIFIER"/>
        <Row NarrativeRewardType="11074C_REWARD2" ModifierID="11074C_NARRATIVE_MODIFIER2"/>
        <Row NarrativeRewardType="11075B_REWARD" ModifierID="11075B_NARRATIVE_MODIFIER"/>
        <Row NarrativeRewardType="11075C_REWARD" ModifierID="11075C_NARRATIVE_MODIFIER"/>
        <Row NarrativeRewardType="11076B_REWARD" ModifierID="11076B_NARRATIVE_MODIFIER"/>
        <Row NarrativeRewardType="11076C_REWARD" ModifierID="11076C_NARRATIVE_MODIFIER"/>
        <Row NarrativeRewardType="11077B_REWARD" ModifierID="11077B_NARRATIVE_MODIFIER"/>
        <Row NarrativeRewardType="11077C_REWARD" ModifierID="11077C_NARRATIVE_MODIFIER"/>
        <Row NarrativeRewardType="11077D_REWARD" ModifierID="11077D_NARRATIVE_MODIFIER"/>
        <Row NarrativeRewardType="11078B_REWARD" ModifierID="11078B_NARRATIVE_MODIFIER"/>
        <Row NarrativeRewardType="11078C_REWARD" ModifierID="11078C_NARRATIVE_MODIFIER"/>
        <Row NarrativeRewardType="11079B_REWARD" ModifierID="11079B_NARRATIVE_MODIFIER"/>
        <Row NarrativeRewardType="11079C_REWARD" ModifierID="11079C_NARRATIVE_MODIFIER"/>
        <Row NarrativeRewardType="11080B_REWARD" ModifierID="11080B_NARRATIVE_MODIFIER"/>
        <Row NarrativeRewardType="11080C_REWARD" ModifierID="11080C_NARRATIVE_MODIFIER"/>
        <Row NarrativeRewardType="12010B_REWARD" ModifierID="12010B_NARRATIVE_MODIFIER"/>
        <Row NarrativeRewardType="12010C_REWARD" ModifierID="12010C_NARRATIVE_MODIFIER"/>
    </NarrativeRewards>
    <NarrativeStory_Rewards>
        <Row NarrativeStoryType="11071B" NarrativeRewardType="11071B_REWARD" Activation="START"/>
        <Row NarrativeStoryType="11071C" NarrativeRewardType="11071C_REWARD" Activation="START"/>
        <Row NarrativeStoryType="11072B" NarrativeRewardType="11072B_REWARD" Activation="START"/>
        <Row NarrativeStoryType="11072C" NarrativeRewardType="11072C_REWARD" Activation="START"/>
        <Row NarrativeStoryType="11073B" NarrativeRewardType="11073B_REWARD" Activation="START"/>
        <Row NarrativeStoryType="11073C" NarrativeRewardType="11073C_REWARD" Activation="START"/>
        <Row NarrativeStoryType="11074B" NarrativeRewardType="11074B_REWARD" Activation="START"/>
        <Row NarrativeStoryType="11074B" NarrativeRewardType="11074B_REWARD2" Activation="START"/>
        <Row NarrativeStoryType="11074C" NarrativeRewardType="11074C_REWARD" Activation="START"/>
        <Row NarrativeStoryType="11074C" NarrativeRewardType="11074C_REWARD2" Activation="START"/>
        <Row NarrativeStoryType="11075B" NarrativeRewardType="11075B_REWARD" Activation="START"/>
        <Row NarrativeStoryType="11075C" NarrativeRewardType="11075C_REWARD" Activation="START"/>
        <Row NarrativeStoryType="11076B" NarrativeRewardType="11076B_REWARD" Activation="START"/>
        <Row NarrativeStoryType="11076C" NarrativeRewardType="11076C_REWARD" Activation="START"/>
        <Row NarrativeStoryType="11077B" NarrativeRewardType="11077B_REWARD" Activation="START"/>
        <Row NarrativeStoryType="11077C" NarrativeRewardType="11077C_REWARD" Activation="START"/>
        <Row NarrativeStoryType="11077D" NarrativeRewardType="11077D_REWARD" Activation="START"/>
        <Row NarrativeStoryType="11078B" NarrativeRewardType="11078B_REWARD" Activation="COMPLETE"/>
        <Row NarrativeStoryType="11078C" NarrativeRewardType="11078C_REWARD" Activation="START"/>
        <Row NarrativeStoryType="11079B" NarrativeRewardType="11079B_REWARD" Activation="START"/>
        <Row NarrativeStoryType="11079C" NarrativeRewardType="11079C_REWARD" Activation="START"/>
        <Row NarrativeStoryType="11080B" NarrativeRewardType="11080B_REWARD" Activation="START"/>
        <Row NarrativeStoryType="11080C" NarrativeRewardType="11080C_REWARD" Activation="START"/>
        <Row NarrativeStoryType="12010B" NarrativeRewardType="12010B_REWARD" Activation="START"/>
        <Row NarrativeStoryType="12010C" NarrativeRewardType="12010C_REWARD" Activation="START"/>
    </NarrativeStory_Rewards>
    <NarrativeStoryOverrides>
    </NarrativeStoryOverrides>
    <NarrativeVariations>
    </NarrativeVariations>
    <NarrativeRewardIcons>
        <Row NarrativeStoryType="11078B" RewardIconType="QUEST"/>
        <Row NarrativeStoryType="11071B" RewardIconType="ATTRIBUTE_MILITARISTIC"/>
        <Row NarrativeStoryType="11071C" RewardIconType="ATTRIBUTE_SCIENTIFIC"/>
        <Row NarrativeStoryType="11072B" RewardIconType="YIELD_GOLD"/>
        <Row NarrativeStoryType="11072C" RewardIconType="UNIT"/>
        <Row NarrativeStoryType="11073B" RewardIconType="YIELD_GOLD"/>
        <Row NarrativeStoryType="11073C" RewardIconType="PROMOTION"/>
        <Row NarrativeStoryType="11074B" RewardIconType="YIELD_GOLD" Negative="TRUE"/>
        <Row NarrativeStoryType="11074B" RewardIconType="RELIGION"/>
        <Row NarrativeStoryType="11074C" RewardIconType="ATTRIBUTE_MILITARISTIC"/>
        <Row NarrativeStoryType="11074C" RewardIconType="YIELD_HAPPINESS" Negative="TRUE"/>
        <Row NarrativeStoryType="11075B" RewardIconType="YIELD_FOOD"/>
        <Row NarrativeStoryType="11075C" RewardIconType="UNIT"/>
        <Row NarrativeStoryType="11076B" RewardIconType="YIELD_HAPPINESS"/>
        <Row NarrativeStoryType="11076C" RewardIconType="YIELD_PRODUCTION"/>
        <Row NarrativeStoryType="11077B" RewardIconType="YIELD_HAPPINESS"/>
        <Row NarrativeStoryType="11077C" RewardIconType="YIELD_GOLD"/>
        <Row NarrativeStoryType="11077D" RewardIconType="YIELD_CULTURE"/>
        <Row NarrativeStoryType="11078B" RewardIconType="GREATWORK"/>
        <Row NarrativeStoryType="11078C" RewardIconType="YIELD_GOLD"/>
        <Row NarrativeStoryType="11079B" RewardIconType="YIELD_HAPPINESS"/>
        <Row NarrativeStoryType="11079C" RewardIconType="YIELD_GOLD"/>
        <Row NarrativeStoryType="11080B" RewardIconType="YIELD_DIPLOMACY"/>
        <Row NarrativeStoryType="11080C" RewardIconType="YIELD_HAPPINESS"/>
        <Row NarrativeStoryType="12010B" RewardIconType="CUSTOM"/>
        <Row NarrativeStoryType="12010C" RewardIconType="YIELD_SCIENCE"/>
    </NarrativeRewardIcons>
    <NarrativeStory_TextReplacements>
        <Row NarrativeStoryType="11071B" NarrativeStoryTextType="REWARD" NarrativeTextReplacementType="REWARD" Priority="1"/>
        <Row NarrativeStoryType="11071C" NarrativeStoryTextType="REWARD" NarrativeTextReplacementType="REWARD" Priority="1"/>
        <Row NarrativeStoryType="11072B" NarrativeStoryTextType="REWARD" NarrativeTextReplacementType="REWARD" Priority="1"/>
        <Row NarrativeStoryType="11072C" NarrativeStoryTextType="REWARD" NarrativeTextReplacementType="REWARD" Priority="1"/>
        <Row NarrativeStoryType="11073B" NarrativeStoryTextType="REWARD" NarrativeTextReplacementType="REWARD" Priority="1"/>
        <Row NarrativeStoryType="11073C" NarrativeStoryTextType="REWARD" NarrativeTextReplacementType="REWARD" Priority="1"/>
        <Row NarrativeStoryType="11074B" NarrativeStoryTextType="REWARD" NarrativeTextReplacementType="REWARD" Priority="1"/>
        <Row NarrativeStoryType="11074C" NarrativeStoryTextType="REWARD" NarrativeTextReplacementType="REWARD" Priority="1"/>
        <Row NarrativeStoryType="11074C" NarrativeStoryTextType="REWARD" NarrativeTextReplacementType="REWARD" Priority="2"/>
        <Row NarrativeStoryType="11075B" NarrativeStoryTextType="REWARD" NarrativeTextReplacementType="REWARD" Priority="1"/>
        <Row NarrativeStoryType="11075C" NarrativeStoryTextType="REWARD" NarrativeTextReplacementType="REWARD" Priority="1"/>
        <Row NarrativeStoryType="11076C" NarrativeStoryTextType="REWARD" NarrativeTextReplacementType="REWARD" Priority="1"/>
        <Row NarrativeStoryType="11077B" NarrativeStoryTextType="REWARD" NarrativeTextReplacementType="REWARD" Priority="1"/>
        <Row NarrativeStoryType="11077C" NarrativeStoryTextType="REWARD" NarrativeTextReplacementType="REWARD" Priority="1"/>
        <Row NarrativeStoryType="11077D" NarrativeStoryTextType="REWARD" NarrativeTextReplacementType="REWARD" Priority="1"/>
        <Row NarrativeStoryType="11078C" NarrativeStoryTextType="REWARD" NarrativeTextReplacementType="REWARD" Priority="1"/>
        <Row NarrativeStoryType="11079B" NarrativeStoryTextType="REWARD" NarrativeTextReplacementType="REWARD" Priority="1"/>
        <Row NarrativeStoryType="11079C" NarrativeStoryTextType="REWARD" NarrativeTextReplacementType="REWARD" Priority="1"/>
        <Row NarrativeStoryType="11080B" NarrativeStoryTextType="REWARD" NarrativeTextReplacementType="REWARD" Priority="1"/>
        <Row NarrativeStoryType="11080C" NarrativeStoryTextType="REWARD" NarrativeTextReplacementType="REWARD" Priority="1"/>
        <Row NarrativeStoryType="12010B" NarrativeStoryTextType="REWARD" NarrativeTextReplacementType="REWARD" Priority="1"/>
        <Row NarrativeStoryType="12010C" NarrativeStoryTextType="REWARD" NarrativeTextReplacementType="REWARD" Priority="1"/>
    </NarrativeStory_TextReplacements>
    <NarrativeStory_Links>
        <Row FromNarrativeStoryType="11071A" ToNarrativeStoryType="11071B" Priority="0" Name="LOC_11071B_NAME" Description="LOC_11071B_DESCRIPTION"/>
        <Row FromNarrativeStoryType="11071A" ToNarrativeStoryType="11071C" Priority="1" Name="LOC_11071C_NAME" Description="LOC_11071C_DESCRIPTION"/>
        <Row FromNarrativeStoryType="11072A" ToNarrativeStoryType="11072B" Priority="0" Name="LOC_11072B_NAME" Description="LOC_11072B_DESCRIPTION"/>
        <Row FromNarrativeStoryType="11072A" ToNarrativeStoryType="11072C" Priority="1" Name="LOC_11072C_NAME" Description="LOC_11072C_DESCRIPTION"/>
        <Row FromNarrativeStoryType="11073A" ToNarrativeStoryType="11073B" Priority="0" Name="LOC_11073B_NAME" Description="LOC_11073B_DESCRIPTION"/>
        <Row FromNarrativeStoryType="11073A" ToNarrativeStoryType="11073C" Priority="1" Name="LOC_11073C_NAME" Description="LOC_11073C_DESCRIPTION"/>
        <Row FromNarrativeStoryType="11074A" ToNarrativeStoryType="11074B" Priority="0" Name="LOC_11074B_NAME" Description="LOC_11074B_DESCRIPTION"/>
        <Row FromNarrativeStoryType="11074A" ToNarrativeStoryType="11074C" Priority="1" Name="LOC_11074C_NAME" Description="LOC_11074C_DESCRIPTION"/>
        <Row FromNarrativeStoryType="11075A" ToNarrativeStoryType="11075B" Priority="0" Name="LOC_11075B_NAME" Description="LOC_11075B_DESCRIPTION"/>
        <Row FromNarrativeStoryType="11075A" ToNarrativeStoryType="11075C" Priority="1" Name="LOC_11075C_NAME" Description="LOC_11075C_DESCRIPTION"/>
        <Row FromNarrativeStoryType="11076D" ToNarrativeStoryType="11076A" Priority="0" Name="LOC_11076A_NAME" Description="LOC_11076A_DESCRIPTION"/>
        <Row FromNarrativeStoryType="11076A" ToNarrativeStoryType="11076B" Priority="0" Name="LOC_11076B_NAME" Description="LOC_11076B_DESCRIPTION"/>
        <Row FromNarrativeStoryType="11076A" ToNarrativeStoryType="11076C" Priority="1" Name="LOC_11076C_NAME" Description="LOC_11076C_DESCRIPTION"/>
        <Row FromNarrativeStoryType="11077A" ToNarrativeStoryType="11077B" Priority="0" Name="LOC_11077B_NAME" Description="LOC_11077B_DESCRIPTION"/>
        <Row FromNarrativeStoryType="11077A" ToNarrativeStoryType="11077C" Priority="1" Name="LOC_11077C_NAME" Description="LOC_11077C_DESCRIPTION"/>
        <Row FromNarrativeStoryType="11077A" ToNarrativeStoryType="11077D" Priority="2" Name="LOC_11077D_NAME" Description="LOC_11077D_DESCRIPTION"/>
        <Row FromNarrativeStoryType="11078A" ToNarrativeStoryType="11078B" Priority="0" Name="LOC_11078B_NAME" Description="LOC_11078B_DESCRIPTION" Imperative="LOC_11078B_IMPERATIVE"/>
        <Row FromNarrativeStoryType="11078A" ToNarrativeStoryType="11078C" Priority="1" Name="LOC_11078C_NAME" Description="LOC_11078C_DESCRIPTION"/>
        <Row FromNarrativeStoryType="11079D" ToNarrativeStoryType="11079A" Priority="0" Name="LOC_11079A_NAME" Description="LOC_11079A_DESCRIPTION"/>
        <Row FromNarrativeStoryType="11079A" ToNarrativeStoryType="11079B" Priority="0" Name="LOC_11079B_NAME" Description="LOC_11079B_DESCRIPTION"/>
        <Row FromNarrativeStoryType="11079A" ToNarrativeStoryType="11079C" Priority="1" Name="LOC_11079C_NAME" Description="LOC_11079C_DESCRIPTION"/>
        <Row FromNarrativeStoryType="11080A" ToNarrativeStoryType="11080B" Priority="0" Name="LOC_11080B_NAME" Description="LOC_11080B_DESCRIPTION"/>
        <Row FromNarrativeStoryType="11080A" ToNarrativeStoryType="11080C" Priority="1" Name="LOC_11080C_NAME" Description="LOC_11080C_DESCRIPTION"/>
        <Row FromNarrativeStoryType="270D" ToNarrativeStoryType="12010A" Priority="0" Name="LOC_12010A_NAME" Description="LOC_12010A_DESCRIPTION"/>
        <Row FromNarrativeStoryType="12010A" ToNarrativeStoryType="12010B" Priority="0" Name="LOC_12010B_NAME" Description="LOC_12010B_DESCRIPTION"/>
        <Row FromNarrativeStoryType="12010A" ToNarrativeStoryType="12010C" Priority="1" Name="LOC_12010C_NAME" Description="LOC_12010C_DESCRIPTION"/>
    </NarrativeStory_Links>
</Database>
