<?xml version="1.0" encoding="utf-8"?>
<Database>
	<Kinds>
		<InsertOrIgnore Kind="KIND_TREE"/>
		<InsertOrIgnore Kind="KIND_TREE_NODE"/>
	</Kinds>
	<Types>
		<!--Civ Unique Mastery Trees-->
		<Row Type="TREE_CIVICS_AQ_ASSYRIA" Kind="KIND_TREE"/>
		<!--Civ Unique Mastery Tree Nodes-->
		<Row Type="NODE_CIVIC_AQ_ASSYRIA_BIRTUTU" Kind="KIND_TREE_NODE"/>
		<Row Type="NODE_CIVIC_AQ_ASSYRIA_TUPSARRUTU" Kind="KIND_TREE_NODE"/>
		<Row Type="NODE_CIVIC_AQ_ASSYRIA_KIBRAT_ARBA_I" Kind="KIND_TREE_NODE"/>
	</Types>
	<TypeQuotes>
		<Row Type="NODE_CIVIC_AQ_ASSYRIA_BIRTUTU" Quote="LOC_CIVIC_BIRTUTU_QUOTE" QuoteAuthor="LOC_CIVIC_BIRTUTU_AUTHOR" QuoteAudio="VO_Quote_Birtutu"/>
		<Row Type="NODE_CIVIC_AQ_ASSYRIA_TUPSARRUTU" Quote="LOC_CIVIC_TUPSARRUTU_QUOTE" QuoteAuthor="LOC_CIVIC_TUPSARRUTU_AUTHOR" QuoteAudio="VO_Quote_Tupsarrutu"/>
		<Row Type="NODE_CIVIC_AQ_ASSYRIA_KIBRAT_ARBA_I" Quote="LOC_CIVIC_KIBRAT_ARBA_I_QUOTE" QuoteAuthor="LOC_CIVIC_KIBRAT_ARBA_I_AUTHOR" QuoteAudio="VO_Quote_KibratArbai"/>
	</TypeQuotes>
	<ProgressionTrees>
		<!--Civ Unique Mastery Trees-->
		<Row ProgressionTreeType="TREE_CIVICS_AQ_ASSYRIA" AgeType="AGE_ANTIQUITY" SystemType="SYSTEM_CULTURE" Name="LOC_TREE_CIVICS_AQ_ASSYRIA_NAME"/>
	</ProgressionTrees>
	<ProgressionTreeNodes>
		<Row ProgressionTreeNodeType="NODE_CIVIC_AQ_ASSYRIA_BIRTUTU" ProgressionTree="TREE_CIVICS_AQ_ASSYRIA" Cost="150" Name="LOC_CIVIC_BIRTUTU_NAME" IconString="cult_assyria"/>
		<Row ProgressionTreeNodeType="NODE_CIVIC_AQ_ASSYRIA_TUPSARRUTU" ProgressionTree="TREE_CIVICS_AQ_ASSYRIA" Cost="250" Name="LOC_CIVIC_TUPSARRUTU_NAME" IconString="cult_assyria"/>
		<Row ProgressionTreeNodeType="NODE_CIVIC_AQ_ASSYRIA_KIBRAT_ARBA_I" ProgressionTree="TREE_CIVICS_AQ_ASSYRIA" Cost="400" Name="LOC_CIVIC_KIBRAT_ARBA_I_NAME" IconString="cult_assyria"/>
	</ProgressionTreeNodes>
	<ProgressionTreeNodeUnlocks>
		<Row ProgressionTreeNodeType="NODE_CIVIC_AQ_MAIN_CHIEFDOM" TargetKind="KIND_MODIFIER" TargetType="MOD_REVEAL_CIV_CULTURE_TREE_ASSYRIA" UnlockDepth="1" Hidden="true"/>
		<Row ProgressionTreeNodeType="NODE_CIVIC_AQ_ASSYRIA_BIRTUTU" TargetKind="KIND_MODIFIER" TargetType="MOD_AQ_SETTLEMENT_CAP_INCREASE" UnlockDepth="1"/>
		<Row ProgressionTreeNodeType="NODE_CIVIC_AQ_ASSYRIA_BIRTUTU" TargetKind="KIND_CONSTRUCTIBLE" TargetType="BUILDING_CITADEL" UnlockDepth="1"/>
		<Row ProgressionTreeNodeType="NODE_CIVIC_AQ_ASSYRIA_BIRTUTU" TargetKind="KIND_MODIFIER" TargetType="MOD_BIRTUTU_TECH_MASTERY_CULTURE" UnlockDepth="1"/>
		<Row ProgressionTreeNodeType="NODE_CIVIC_AQ_ASSYRIA_BIRTUTU" TargetKind="KIND_CONSTRUCTIBLE" TargetType="WONDER_DUR_SHARRUKIN" UnlockDepth="1" AIIgnoreUnlockValue="true"/>
		<Row ProgressionTreeNodeType="NODE_CIVIC_AQ_ASSYRIA_BIRTUTU" TargetKind="KIND_TRADITION" TargetType="TRADITION_DURANI" UnlockDepth="2"/>
		<Row ProgressionTreeNodeType="NODE_CIVIC_AQ_ASSYRIA_BIRTUTU" TargetKind="KIND_MODIFIER" TargetType="MOD_BIRTUTU_COMBAT_DEFENDING" UnlockDepth="2"/>
		<Row ProgressionTreeNodeType="NODE_CIVIC_AQ_ASSYRIA_BIRTUTU" TargetKind="KIND_MODIFIER" TargetType="MOD_ASSYRIAN_CODEX" UnlockDepth="2"/>
		<Row ProgressionTreeNodeType="NODE_CIVIC_AQ_ASSYRIA_TUPSARRUTU" TargetKind="KIND_UNIT" TargetType="UNIT_TURTANU" UnlockDepth="1" AIIgnoreUnlockValue="true"/>
		<Row ProgressionTreeNodeType="NODE_CIVIC_AQ_ASSYRIA_TUPSARRUTU" TargetKind="KIND_CONSTRUCTIBLE" TargetType="BUILDING_ROYAL_LIBRARY" UnlockDepth="1"/>
		<Row ProgressionTreeNodeType="NODE_CIVIC_AQ_ASSYRIA_TUPSARRUTU" TargetKind="KIND_MODIFIER" TargetType="MOD_TUPSARRUTU_GREATWORK" UnlockDepth="1"/>
		<Row ProgressionTreeNodeType="NODE_CIVIC_AQ_ASSYRIA_TUPSARRUTU" TargetKind="KIND_TRADITION" TargetType="TRADITION_MIHISTU" UnlockDepth="2"/>
		<Row ProgressionTreeNodeType="NODE_CIVIC_AQ_ASSYRIA_TUPSARRUTU" TargetKind="KIND_MODIFIER" TargetType="MOD_ASSYRIAN_CODEX" UnlockDepth="2"/>
		<Row ProgressionTreeNodeType="NODE_CIVIC_AQ_ASSYRIA_TUPSARRUTU" TargetKind="KIND_MODIFIER" TargetType="MOD_TUPSARRUTU_HAPPINNESS_SCIENCE_BUILDING" UnlockDepth="2"/>
		<Row ProgressionTreeNodeType="NODE_CIVIC_AQ_ASSYRIA_KIBRAT_ARBA_I" TargetKind="KIND_MODIFIER" TargetType="MOD_AQ_SETTLEMENT_CAP_INCREASE" UnlockDepth="1"/>
		<Row ProgressionTreeNodeType="NODE_CIVIC_AQ_ASSYRIA_KIBRAT_ARBA_I" TargetKind="KIND_MODIFIER" TargetType="MOD_KIBRAT_ARBA_I_COMBAT_MAGARRU" UnlockDepth="1"/>
		<Row ProgressionTreeNodeType="NODE_CIVIC_AQ_ASSYRIA_KIBRAT_ARBA_I" TargetKind="KIND_MODIFIER" TargetType="MOD_KIBRAT_ARBA_I_CAPTURE_SCIENCE" UnlockDepth="2"/>
		<Row ProgressionTreeNodeType="NODE_CIVIC_AQ_ASSYRIA_KIBRAT_ARBA_I" TargetKind="KIND_TRADITION" TargetType="TRADITION_GIRRU" UnlockDepth="2"/>
		<Row ProgressionTreeNodeType="NODE_CIVIC_AQ_ASSYRIA_KIBRAT_ARBA_I" TargetKind="KIND_MODIFIER" TargetType="MOD_ASSYRIAN_CODEX" UnlockDepth="2"/>
	</ProgressionTreeNodeUnlocks>
	<ProgressionTreePrereqs>
		<Row Node="NODE_CIVIC_AQ_ASSYRIA_TUPSARRUTU" PrereqNode="NODE_CIVIC_AQ_ASSYRIA_BIRTUTU"/>
		<Row Node="NODE_CIVIC_AQ_ASSYRIA_KIBRAT_ARBA_I" PrereqNode="NODE_CIVIC_AQ_ASSYRIA_TUPSARRUTU"/>
	</ProgressionTreePrereqs>
	<Constructible_GreatWorks>
		<Row ConstructibleType="BUILDING_ROYAL_LIBRARY" GreatWorkSlotType="GREATWORKSLOT_WRITING" NumSlots="2"/>
	</Constructible_GreatWorks>
	<ProgressionTree_Advisories>
		<Row ProgressionTreeNodeType="NODE_CIVIC_AQ_ASSYRIA_BIRTUTU" AdvisoryClassType="ADVISORY_CLASS_SCIENCE"/>
		<Row ProgressionTreeNodeType="NODE_CIVIC_AQ_ASSYRIA_BIRTUTU" AdvisoryClassType="ADVISORY_CLASS_MILITARY"/>
		<Row ProgressionTreeNodeType="NODE_CIVIC_AQ_ASSYRIA_TUPSARRUTU" AdvisoryClassType="ADVISORY_CLASS_SCIENCE"/>
		<Row ProgressionTreeNodeType="NODE_CIVIC_AQ_ASSYRIA_TUPSARRUTU" AdvisoryClassType="ADVISORY_CLASS_MILITARY"/>
		<Row ProgressionTreeNodeType="NODE_CIVIC_AQ_ASSYRIA_KIBRAT_ARBA_I" AdvisoryClassType="ADVISORY_CLASS_SCIENCE"/>
		<Row ProgressionTreeNodeType="NODE_CIVIC_AQ_ASSYRIA_KIBRAT_ARBA_I" AdvisoryClassType="ADVISORY_CLASS_MILITARY"/>
	</ProgressionTree_Advisories>
</Database>