<?xml version="1.0" encoding="utf-8"?>
<Database>
	<Kinds>
		<InsertOrIgnore Kind="KIND_TRADITION"/>
	</Kinds>
	<Types>
		<!-- ==================================================	-->
		<!--	ANTIQUITY							-->
		<!-- ==================================================	-->
		<!-- Carthage -->
		<Row Type="TRADITION_DURANI" Kind="KIND_TRADITION"/>
		<Row Type="TRADITION_MIHISTU" Kind="KIND_TRADITION"/>
		<Row Type="TRADITION_GIRRU" Kind="KIND_TRADITION"/>
	</Types>
	<Traditions>
		<!-- ==================================================	-->
		<!--	ANTIQUITY							-->
		<!-- ==================================================	-->
		<!-- Carthage -->
		<Row TraditionType="TRADITION_DURANI" Name="LOC_TRADITION_DURANI_NAME" Description="LOC_TRADITION_DURANI_DESCRIPTION" TraitType="TRAIT_ASSYRIA" AgeType="AGE_ANTIQUITY"/>
		<Row TraditionType="TRADITION_MIHISTU" Name="LOC_TRADITION_MIHISTU_NAME" Description="LOC_TRADITION_MIHISTU_DESCRIPTION" TraitType="TRAIT_ASSYRIA" AgeType="AGE_ANTIQUITY"/>
		<Row TraditionType="TRADITION_GIRRU" Name="LOC_TRADITION_GIRRU_NAME" Description="LOC_TRADITION_GIRRU_DESCRIPTION" TraitType="TRAIT_ASSYRIA" AgeType="AGE_ANTIQUITY"/>
	</Traditions>
	<TraditionModifiers>
		<Row TraditionType="TRADITION_DURANI" ModifierId="DURANI_MOD_SCIENCE_FORTIFICATION"/>
		<Row TraditionType="TRADITION_MIHISTU" ModifierId="MIHISTU_MOD_GREATWORK_PRODUCTION"/>
		<Row TraditionType="TRADITION_GIRRU" ModifierId="GIRRU_MOD_CONQUERED_FOOD_PRODUCTION"/>
	</TraditionModifiers>
</Database>