<?xml version="1.0" encoding="utf-8"?>
<Database>
	<Types>
		<Row Type="MEMENTO_BOLIVAR_GOLD_SNUFF_BOX" Kind="KIND_MEMENTOS"/>
		<Row Type="MEMENTO_BOLIVAR_DAVALOS_MEDAL" Kind="KIND_MEMENTOS"/>
		<Row Type="MEMENTO_BOLIVAR_LETTER_TO_JAMAICA" Kind="KIND_MEMENTOS"/>
	</Types>
	<Mementos>
		<Row MementoType="MEMENTO_BOLIVAR_GOLD_SNUFF_BOX" Name="LOC_MEMENTO_BOLIVAR_GOLD_SNUFF_BOX_NAME" Tag="Expansionist" Region="Unrestricted" Tier="1" Description="LOC_MEMENTO_BOLIVAR_GOLD_SNUFF_BOX_DESCRIPTION" FunctionalDescription="LOC_MEMENTO_BOLIVAR_GOLD_SNUFF_BOX_FUNCTIONAL_DESCRIPTION"/>
		<Row MementoType="MEMENTO_BOLIVAR_DAVALOS_MEDAL" Name="LOC_MEMENTO_BOLIVAR_DAVALOS_MEDAL_NAME" Tag="Military" Region="Unrestricted" Tier="1" Description="LOC_MEMENTO_BOLIVAR_DAVALOS_MEDAL_DESCRIPTION" FunctionalDescription="LOC_MEMENTO_BOLIVAR_DAVALOS_MEDAL_FUNCTIONAL_DESCRIPTION"/>
		<Row MementoType="MEMENTO_BOLIVAR_LETTER_TO_JAMAICA" Name="LOC_MEMENTO_BOLIVAR_LETTER_TO_JAMAICA_NAME" Tag="Military" Region="Unrestricted" Tier="1" Description="LOC_MEMENTO_BOLIVAR_LETTER_TO_JAMAICA_DESCRIPTION" FunctionalDescription="LOC_MEMENTO_BOLIVAR_LETTER_TO_JAMAICA_FUNCTIONAL_DESCRIPTION"/>
	</Mementos>
	<MementoModifiers>
		<Row MementoType="MEMENTO_BOLIVAR_GOLD_SNUFF_BOX" ModifierId="MEMENTO_BOLIVAR_GOLD_SNUFF_BOX_MODIFIER"/>
		<Row MementoType="MEMENTO_BOLIVAR_DAVALOS_MEDAL" ModifierId="MEMENTO_BOLIVAR_DAVALOS_MEDAL_MODIFIER"/>
		<Row MementoType="MEMENTO_BOLIVAR_LETTER_TO_JAMAICA" ModifierId="MEMENTO_BOLIVAR_LETTER_TO_JAMAICA_MODIFIER"/>
	</MementoModifiers>
</Database>