<?xml version="1.0" encoding="utf-8"?>
<GameEffects xmlns="GameEffects">
	<Modifier id="MEMENTO_BOLIVAR_GOLD_SNUFF_BOX_MODIFIER" collection="COLLECTION_PLAYER_CITIES" effect="EFFECT_CITY_ADJUST_YIELD">
		<SubjectRequirements>
			<Requirement type="REQUIREMENT_PLAYER_DIPLOMACY_HAS_X_ALLIANCES">
				<Argument name="Amount">1</Argument>
				<Argument name="IsExactAmount">true</Argument>
			</Requirement>
		</SubjectRequirements>
		<Argument name="YieldType">YIELD_FOOD</Argument>
		<Argument name="Percent">20</Argument>
		<Argument name="Tooltip">LOC_MEMENTO_BOLIVAR_GOLD_SNUFF_BOX_NAME</Argument>
		<String context="Description">LOC_MEMENTO_BOLIVAR_GOLD_SNUFF_BOX_FUNCTIONAL_DESCRIPTION</String>
	</Modifier>
	<Modifier id="MEMENTO_BOLIVAR_DAVALOS_MEDAL_MODIFIER" collection="COLLECTION_PLAYER_CITIES" effect="EFFECT_CITY_ADJUST_CONSTRUCTIBLE_YIELD">
		<Argument name="Amount" type="ScaleByGameAge" extra="100">1</Argument>
		<Argument name="YieldType">YIELD_HAPPINESS</Argument>
		<Argument name="Tag">MILITARY</Argument>
		<String context="Description">LOC_MEMENTO_BOLIVAR_DAVALOS_MEDAL_FUNCTIONAL_DESCRIPTION</String>
	</Modifier>
	<Modifier id="MEMENTO_BOLIVAR_LETTER_TO_JAMAICA_MODIFIER" collection="COLLECTION_OWNER" effect="EFFECT_ADJUST_PLAYER_OR_CITY_UNIT_PURCHASE_EFFICIENCY">
		<SubjectRequirements>
			<Requirement type="REQUIREMENT_PLAYER_IS_IN_GOLDEN_AGE">
			</Requirement>
		</SubjectRequirements>
		<Argument name="Percent">50</Argument>
		<String context="Preview">LOC_MEMENTO_BOLIVAR_LETTER_TO_JAMAICA_FUNCTIONAL_DESCRIPTION</String>
	</Modifier>
</GameEffects>