<?xml version="1.0" encoding="utf-8"?>
<GameEffects xmlns="GameEffects">
    <Modifier id="10039B_NARRATIVE_MODIFIER" collection="COLLECTION_OWNER" effect="EFFECT_DIPLOMACY_ADJUST_DIPLOMATIC_ACTION_TOKEN_BONUS" run-once="false" permanent="true">
        <Argument name="ActionType">DIPLOMACY_ACTION_DECLARE_WAR</Argument>
        <Argument name="Amount">1</Argument>
    </Modifier>
    <Modifier id="10039C_NARRATIVE_MODIFIER" collection="COLLECTION_OWNER" effect="EFFECT_PLAYER_GRANT_YIELD_NARRATIVE" run-once="false" permanent="true">
        <Argument name="YieldType">YIELD_HAPPINESS</Argument>
        <Argument name="MultiplierType">REWARD_TYPE_MAJOR_EARLY</Argument>
    </Modifier>
    <Modifier id="10040B_NARRATIVE_MODIFIER" collection="COLLECTION_PLAYER_CITIES" effect="EFFECT_CITY_ADJUST_WORKER_YIELD" run-once="false" permanent="true">
        <Argument name="Amount">1</Argument>
        <Argument name="YieldType">YIELD_PRODUCTION</Argument>
    </Modifier>
    <Modifier id="10040C_NARRATIVE_MODIFIER" collection="COLLECTION_PLAYER_CAPITAL_CITY" effect="EFFECT_CITY_GRANT_UNIT" run-once="false" permanent="true">
        <Argument name="UnitType">UNIT_MIGRANT</Argument>
        <Argument name="Amount">1</Argument>
    </Modifier>
    <Modifier id="10042B_NARRATIVE_MODIFIER" collection="COLLECTION_PLAYER_UNITS" effect="EFFECT_UNIT_ADJUST_ABILITY" run-once="false" permanent="true">
        <Argument name="AbilityType">ABILITY_NARRATIVE_AGGRESSION</Argument>
    </Modifier>
    <Modifier id="10042B_NARRATIVE_MODIFIER2" collection="COLLECTION_PLAYER_CITIES" effect="EFFECT_CITY_DAMAGE_CONSTRUCTIBLES" run-once="true" permanent="true">
        <Argument name="Amount">1</Argument>
        <Argument name="DamageType">UNHAPPINESS</Argument>
    </Modifier>
    <Modifier id="10042C_NARRATIVE_MODIFIER" collection="COLLECTION_OWNER" effect="EFFECT_DIPLOMACY_ADJUST_DIPLOMATIC_ACTION_TOKEN_BONUS" run-once="false" permanent="true">
        <Argument name="ActionType">DIPLOMACY_ACTION_DECLARE_WAR</Argument>
        <Argument name="Amount">3</Argument>
    </Modifier>
    <Modifier id="10042C_NARRATIVE_MODIFIER2" collection="COLLECTION_PLAYER_UNITS" effect="EFFECT_UNIT_ADJUST_DAMAGE" run-once="true" permanent="true">
        <Argument name="Amount">50</Argument>
    </Modifier>
    <Modifier id="10043B_NARRATIVE_MODIFIER" collection="COLLECTION_PLAYER_CITIES" effect="EFFECT_CITY_ADJUST_YIELD_PER_NUM_TRADE_ROUTES" run-once="false" permanent="true">
        <Argument name="Amount">2</Argument>
        <Argument name="YieldType">YIELD_DIPLOMACY</Argument>
    </Modifier>
    <Modifier id="10043B_NARRATIVE_MODIFIER2" collection="COLLECTION_PLAYER_CITIES" effect="EFFECT_CITY_ADJUST_YIELD_PER_NUM_TRADE_ROUTES" run-once="false" permanent="true">
        <Argument name="Amount">-1</Argument>
        <Argument name="YieldType">YIELD_CULTURE</Argument>
    </Modifier>
    <Modifier id="10043C_NARRATIVE_MODIFIER" collection="COLLECTION_PLAYER_CITIES" effect="EFFECT_CITY_ADJUST_YIELD_PER_NUM_TRADE_ROUTES" run-once="false" permanent="true">
        <Argument name="Amount">3</Argument>
        <Argument name="YieldType">YIELD_GOLD</Argument>
    </Modifier>
    <Modifier id="10043C_NARRATIVE_MODIFIER2" collection="COLLECTION_PLAYER_CITIES" effect="EFFECT_CITY_ADJUST_YIELD_PER_NUM_TRADE_ROUTES" run-once="false" permanent="true">
        <Argument name="Amount">-1</Argument>
        <Argument name="YieldType">YIELD_PRODUCTION</Argument>
    </Modifier>
    <Modifier id="10046B_NARRATIVE_MODIFIER" collection="COLLECTION_OWNER" effect="EFFECT_PLAYER_GRANT_YIELD_NARRATIVE" run-once="false" permanent="true">
        <Argument name="YieldType">YIELD_DIPLOMACY</Argument>
        <Argument name="MultiplierType">REWARD_TYPE_MINOR_EARLY</Argument>
    </Modifier>
    <Modifier id="10046C_NARRATIVE_MODIFIER" collection="COLLECTION_PLAYER_CAPITAL_CITY" effect="EFFECT_CITY_GRANT_UNIT" run-once="false" permanent="true">
        <Argument name="UnitTag">UNIT_CLASS_INFANTRY</Argument>
        <Argument name="Amount">1</Argument>
    </Modifier>
    <Modifier id="10047B_NARRATIVE_MODIFIER" collection="COLLECTION_PLAYER_CAPITAL_CITY" effect="EFFECT_CITY_GRANT_UNIT" run-once="false" permanent="true">
        <Argument name="UnitType">UNIT_MIGRANT</Argument>
        <Argument name="Amount">1</Argument>
    </Modifier>
    <Modifier id="10047C_NARRATIVE_MODIFIER" collection="COLLECTION_PLAYER_CAPITAL_CITY" effect="EFFECT_CITY_GRANT_UNIT" run-once="false" permanent="true">
        <Argument name="UnitTag">UNIT_CLASS_INFANTRY</Argument>
        <Argument name="Amount">1</Argument>
    </Modifier>
    <Modifier id="10048B_NARRATIVE_MODIFIER" collection="COLLECTION_PLAYER_CITIES" effect="EFFECT_CITY_ADJUST_WORKER_YIELD" run-once="false" permanent="true">
        <Argument name="Amount">1</Argument>
        <Argument name="YieldType">YIELD_GOLD</Argument>
    </Modifier>
    <Modifier id="10048C_NARRATIVE_MODIFIER" collection="COLLECTION_PLAYER_CITIES" effect="EFFECT_CITY_ADJUST_WORKER_YIELD" run-once="false" permanent="true">
        <Argument name="Amount">1</Argument>
        <Argument name="YieldType">YIELD_PRODUCTION</Argument>
    </Modifier>
    <Modifier id="10049B_NARRATIVE_MODIFIER" collection="COLLECTION_OWNER" effect="EFFECT_PLAYER_ATTRIBUTE" run-once="false" permanent="true">
        <Argument name="AttributeType">ATTRIBUTE_CULTURAL</Argument>
        <Argument name="Amount">1</Argument>
    </Modifier>
    <Modifier id="10049B_NARRATIVE_MODIFIER2" collection="COLLECTION_OWNER" effect="EFFECT_PLAYER_GRANT_YIELD_NARRATIVE" run-once="false" permanent="true">
        <Argument name="YieldType">YIELD_GOLD</Argument>
        <Argument name="MultiplierType">REWARD_TYPE_MINOR_LATE</Argument>
    </Modifier>
    <Modifier id="10049C_NARRATIVE_MODIFIER" collection="COLLECTION_OWNER" effect="EFFECT_PLAYER_ATTRIBUTE" run-once="false" permanent="true">
        <Argument name="AttributeType">ATTRIBUTE_POLITICAL</Argument>
        <Argument name="Amount">1</Argument>
    </Modifier>
    <Modifier id="10049C_NARRATIVE_MODIFIER2" collection="COLLECTION_OWNER" effect="EFFECT_PLAYER_GRANT_YIELD_NARRATIVE" run-once="false" permanent="true">
        <Argument name="YieldType">YIELD_HAPPINESS</Argument>
        <Argument name="MultiplierType">REWARD_TYPE_MINOR_LATE</Argument>
    </Modifier>
    <Modifier id="LEADER_CHAIN_1228C_NARRATIVE_MODIFIER" collection="COLLECTION_OWNER" effect="EFFECT_PLAYER_ATTRIBUTE" run-once="false" permanent="true">
        <Argument name="AttributeType">ATTRIBUTE_EXPANSIONIST</Argument>
        <Argument name="Amount">1</Argument>
    </Modifier>
    <Modifier id="LEADER_CHAIN_1228D_NARRATIVE_MODIFIER" collection="COLLECTION_OWNER" effect="EFFECT_PLAYER_ATTRIBUTE" run-once="false" permanent="true">
        <Argument name="AttributeType">ATTRIBUTE_EXPANSIONIST</Argument>
        <Argument name="Amount">1</Argument>
    </Modifier>
    <Modifier id="LEADER_CHAIN_1228D_NARRATIVE_MODIFIER2" collection="COLLECTION_OWNER" effect="EFFECT_PLAYER_GRANT_GOLDEN_AGE" run-once="true" permanent="true">
    </Modifier>
    <Modifier id="LEADER_CHAIN_1229C_NARRATIVE_MODIFIER" collection="COLLECTION_OWNER" effect="EFFECT_PLAYER_ATTRIBUTE" run-once="false" permanent="true">
        <Argument name="AttributeType">ATTRIBUTE_MILITARISTIC</Argument>
        <Argument name="Amount">1</Argument>
    </Modifier>
    <Modifier id="LEADER_CHAIN_1229D_NARRATIVE_MODIFIER" collection="COLLECTION_OWNER" effect="EFFECT_PLAYER_ATTRIBUTE" run-once="false" permanent="true">
        <Argument name="AttributeType">ATTRIBUTE_MILITARISTIC</Argument>
        <Argument name="Amount">1</Argument>
    </Modifier>
    <Modifier id="LEADER_CHAIN_1229D_NARRATIVE_MODIFIER2" collection="COLLECTION_OWNER" effect="EFFECT_PLAYER_GRANT_GOLDEN_AGE" run-once="true" permanent="true">
    </Modifier>
    <RequirementSet id="REQSET_LEADER_CHAIN_1228C_NARRATIVE_REQUISITE">
        <Requirement type="REQUIREMENT_PLAYER_HAS_AT_LEAST_NUM_NARRATIVE_TAGS" inverse="true">
            <Argument name="NarrativeTagType">NARRATIVE_TAG_LEADER_CHAIN_A</Argument>
            <Argument name="Amount">4</Argument>
        </Requirement>
    </RequirementSet>
    <RequirementSet id="REQSET_LEADER_CHAIN_1228D_NARRATIVE_REQUISITE">
        <Requirement type="REQUIREMENT_PLAYER_HAS_AT_LEAST_NUM_NARRATIVE_TAGS">
            <Argument name="NarrativeTagType">NARRATIVE_TAG_LEADER_CHAIN_A</Argument>
            <Argument name="Amount">4</Argument>
        </Requirement>
    </RequirementSet>
    <RequirementSet id="REQSET_LEADER_CHAIN_1229C_NARRATIVE_REQUISITE">
        <Requirement type="REQUIREMENT_PLAYER_HAS_AT_LEAST_NUM_NARRATIVE_TAGS" inverse="true">
            <Argument name="NarrativeTagType">NARRATIVE_TAG_LEADER_CHAIN_B</Argument>
            <Argument name="Amount">4</Argument>
        </Requirement>
    </RequirementSet>
    <RequirementSet id="REQSET_LEADER_CHAIN_1229D_NARRATIVE_REQUISITE">
        <Requirement type="REQUIREMENT_PLAYER_HAS_AT_LEAST_NUM_NARRATIVE_TAGS">
            <Argument name="NarrativeTagType">NARRATIVE_TAG_LEADER_CHAIN_B</Argument>
            <Argument name="Amount">4</Argument>
        </Requirement>
    </RequirementSet>
    <RequirementSet id="REQSET_10039A_NARRATIVE_REQUISITE">
        <Requirement xref="REQ_STORY_LEADER_BOLIVAR"/>
    </RequirementSet>
    <RequirementSet id="REQSET_10040A_NARRATIVE_REQUISITE">
        <Requirement xref="REQ_STORY_LEADER_BOLIVAR"/>
    </RequirementSet>
    <RequirementSet id="REQSET_10042D_NARRATIVE_REQUISITE">
        <Requirement xref="REQ_STORY_LEADER_BOLIVAR"/>
    </RequirementSet>
    <RequirementSet id="REQSET_10043D_NARRATIVE_REQUISITE">
        <Requirement xref="REQ_STORY_LEADER_BOLIVAR"/>
    </RequirementSet>
    <RequirementSet id="REQSET_10046A_NARRATIVE_REQUISITE">
        <Requirement xref="REQ_STORY_LEADER_BOLIVAR"/>
    </RequirementSet>
    <RequirementSet id="REQSET_10047A_NARRATIVE_REQUISITE">
        <Requirement xref="REQ_STORY_LEADER_BOLIVAR"/>
    </RequirementSet>
    <RequirementSet id="REQSET_10048A_NARRATIVE_REQUISITE">
        <Requirement xref="REQ_STORY_LEADER_BOLIVAR"/>
    </RequirementSet>
    <RequirementSet id="REQSET_10048D_NARRATIVE_REQUISITE">
        <Requirement xref="REQ_STORY_LEADER_BOLIVAR"/>
    </RequirementSet>
    <RequirementSet id="REQSET_10049A_NARRATIVE_REQUISITE">
        <Requirement xref="REQ_STORY_CIVILIZATION_MEXICO"/>
        <Requirement xref="REQ_STORY_LEADER_BOLIVAR"/>
    </RequirementSet>
    <RequirementSet id="REQSET_LEADER_CHAIN_1228A_NARRATIVE_REQUISITE">
        <Requirement xref="REQ_STORY_LEADER_BOLIVAR_ONLY"/>
    </RequirementSet>
    <RequirementSet id="REQSET_LEADER_CHAIN_1229A_NARRATIVE_REQUISITE">
        <Requirement xref="REQ_STORY_LEADER_BOLIVAR_ONLY"/>
    </RequirementSet>
    <RequirementSet id="REQSET_10039A_NARRATIVE">
        <Requirement xref="REQ_STORY_LEADER_BOLIVAR"/>
        <Requirement type="REQUIREMENT_PLAYER_HAS_AT_LEAST_NUM_GOSSIPS">
            <Argument name="GossipTypes">GOSSIP_DIPLOMACY_RESPONSE01</Argument>
            <Argument name="GOSSIP_DIPLOMACY_RESPONSE01">Hash,OtherPlayer,Self,Hash,DiplomacyResponseType,DIPLOMACY_RESPONSE_REJECT,Hash,DiplomacyActionGroup,DIPLOMACY_ACTION_GROUP_ENDEAVOR</Argument>
            <Argument name="DuplicateCount">3</Argument>
        </Requirement>
    </RequirementSet>
    <RequirementSet id="REQSET_10040A_NARRATIVE">
        <Requirement xref="REQ_STORY_LEADER_BOLIVAR"/>
        <Requirement type="REQUIREMENT_PLAYER_HAS_ACTIVE_TRADITION">
            <Argument name="TraditionType">TRADITION_LIVING_STANDARDS</Argument>
            <Argument name="ActiveAtGoldenAge">True</Argument>
        </Requirement>
    </RequirementSet>
    <RequirementSet id="REQSET_10042D_NARRATIVE">
        <Requirement xref="REQ_STORY_LEADER_BOLIVAR"/>
        <Requirement type="REQUIREMENT_PLAYER_HAS_AT_LEAST_NUM_GOSSIPS">
            <Argument name="GossipTypes">GOSSIP_CHANGE_GOVERNMENT01,GOSSIP_CHANGE_GOVERNMENT02</Argument>
            <Argument name="GOSSIP_CHANGE_GOVERNMENT01">Hash,NewGovernment,GOVERNMENT_ELECTIVE_REPUBLIC</Argument>
            <Argument name="GOSSIP_CHANGE_GOVERNMENT02">Hash,NewGovernment,GOVERNMENT_REVOLUCION</Argument>
            <Argument name="Amount">1</Argument>
        </Requirement>
        <Requirement type="REQUIREMENT_PLAYER_HAS_COMPLETED_PROGRESSION_TREE_NODE">
            <Argument name="ProgressionTreeNodeType">NODE_CIVIC_MO_BRANCH_FASCISM</Argument>
            <Argument name="MinDepth">1</Argument>
        </Requirement>
    </RequirementSet>
    <RequirementSet id="REQSET_10042A_NARRATIVE">
        <Requirement type="REQUIREMENT_PLAYER_HAS_AT_LEAST_NUM_GOSSIPS">
            <Argument name="GossipTypes">GOSSIP_MAKE_DOW01</Argument>
            <Argument name="GOSSIP_MAKE_DOW01">Hash,OtherPlayer,Other</Argument>
            <Argument name="AfterInit">True</Argument>
        </Requirement>
    </RequirementSet>
    <RequirementSet id="REQSET_10043D_NARRATIVE">
        <Requirement xref="REQ_STORY_LEADER_BOLIVAR"/>
        <Requirement type="REQUIREMENT_PLAYER_HAS_AT_LEAST_NUM_GOSSIPS">
            <Argument name="GossipTypes">GOSSIP_CHANGE_GOVERNMENT01,GOSSIP_CHANGE_GOVERNMENT02</Argument>
            <Argument name="GOSSIP_CHANGE_GOVERNMENT01">Hash,NewGovernment,GOVERNMENT_ELECTIVE_REPUBLIC</Argument>
            <Argument name="GOSSIP_CHANGE_GOVERNMENT02">Hash,NewGovernment,GOVERNMENT_REVOLUCION</Argument>
            <Argument name="Amount">1</Argument>
        </Requirement>
        <Requirement type="REQUIREMENT_PLAYER_HAS_COMPLETED_PROGRESSION_TREE_NODE">
            <Argument name="ProgressionTreeNodeType">NODE_CIVIC_MO_BRANCH_DEMOCRACY</Argument>
            <Argument name="MinDepth">1</Argument>
        </Requirement>
    </RequirementSet>
    <RequirementSet id="REQSET_10043A_NARRATIVE">
        <Requirement type="REQUIREMENT_PLAYER_HAS_AT_LEAST_NUM_GOSSIPS">
            <Argument name="GossipTypes">GOSSIP_TRADE_ROUTE_STARTED01</Argument>
            <Argument name="GOSSIP_TRADE_ROUTE_STARTED01">Hash,OtherPlayer,Other</Argument>
            <Argument name="AfterInit">True</Argument>
        </Requirement>
    </RequirementSet>
    <RequirementSet id="REQSET_10046A_NARRATIVE">
        <Requirement xref="REQ_STORY_LEADER_BOLIVAR"/>
        <Requirement type="REQUIREMENT_PLAYER_DECLARED_WAR">
            <Argument name="HasAlly">True</Argument>
            <Argument name="DeclaredByOwner">True</Argument>
        </Requirement>
    </RequirementSet>
    <RequirementSet id="REQSET_10047A_NARRATIVE">
        <Requirement xref="REQ_STORY_LEADER_BOLIVAR"/>
        <Requirement type="REQUIREMENT_PLAYER_HAS_AT_LEAST_NUM_GOSSIPS">
            <Argument name="GossipTypes">GOSSIP_DIPLOMACY_RESPONSE01</Argument>
            <Argument name="GOSSIP_DIPLOMACY_RESPONSE01">Hash,OtherPlayer,Self,Hash,DiplomacyResponseType,DIPLOMACY_RESPONSE_SUPPORT,Hash,DiplomacyActionGroup,DIPLOMACY_ACTION_GROUP_ENDEAVOR</Argument>
            <Argument name="DuplicateCount">3</Argument>
        </Requirement>
    </RequirementSet>
    <RequirementSet id="REQSET_10048D_NARRATIVE">
        <Requirement xref="REQ_STORY_LEADER_BOLIVAR"/>
        <Requirement type="REQUIREMENT_PLAYER_HAS_AT_LEAST_NUM_GOSSIPS">
            <Argument name="GossipTypes">GOSSIP_MAKE_DOW01</Argument>
            <Argument name="GOSSIP_MAKE_DOW01">Hash,OtherPlayer,Other</Argument>
        </Requirement>
    </RequirementSet>
    <RequirementSet id="REQSET_10048A_NARRATIVE">
        <Requirement xref="REQ_STORY_LEADER_BOLIVAR"/>
        <Requirement type="REQUIREMENT_PLAYER_HAS_UNHAPPY_CITIES" inverse="true">
            <Argument name="Count">1</Argument>
            <Argument name="OnlyConquered">True</Argument>
        </Requirement>
        <Requirement type="REQUIREMENT_PLAYER_HAS_AT_LEAST_NUM_GOSSIPS">
            <Argument name="GossipTypes">GOSSIP_CONQUER_CITY01</Argument>
            <Argument name="GOSSIP_CONQUER_CITY01">Hash,OtherPlayer,Other</Argument>
        </Requirement>
    </RequirementSet>
    <RequirementSet id="REQSET_10049A_NARRATIVE">
        <Requirement xref="REQ_STORY_CIVILIZATION_MEXICO"/>
        <Requirement xref="REQ_STORY_LEADER_BOLIVAR"/>
        <Requirement type="REQUIREMENT_LEGACY_PATH_COMPLETED">
            <Argument name="LegacyPathType">LEGACY_PATH_MODERN_ECONOMIC</Argument>
        </Requirement>
    </RequirementSet>
    <RequirementSet id="REQSET_LEADER_CHAIN_1228A_NARRATIVE">
        <Requirement type="REQUIREMENT_PLAYER_HAS_AT_LEAST_NUM_NARRATIVE_TAGS">
            <Argument name="NarrativeTagType">NARRATIVE_TAG_LEADER_CHAIN_A</Argument>
            <Argument name="Amount">3</Argument>
        </Requirement>
        <Requirement type="REQUIREMENT_PLAYER_HAS_COMPLETED_PROGRESSION_TREE_NODE">
            <Argument name="ProgressionTreeNodeType">NODE_TECH_MO_URBANIZATION</Argument>
            <Argument name="MinDepth">1</Argument>
        </Requirement>
    </RequirementSet>
    <RequirementSet id="REQSET_LEADER_CHAIN_1228B_NARRATIVE">
        <Requirement type="REQUIREMENT_PLAYER_HAS_AT_LEAST_NUM_BUILDINGS">
            <Argument name="BuildingType">BUILDING_RAIL_STATION</Argument>
            <Argument name="Amount">5</Argument>
        </Requirement>
    </RequirementSet>
    <RequirementSet id="REQSET_LEADER_CHAIN_1229A_NARRATIVE">
        <Requirement type="REQUIREMENT_PLAYER_HAS_AT_LEAST_NUM_NARRATIVE_TAGS">
            <Argument name="NarrativeTagType">NARRATIVE_TAG_LEADER_CHAIN_B</Argument>
            <Argument name="Amount">3</Argument>
        </Requirement>
        <Requirement type="REQUIREMENT_PLAYER_HAS_AT_LEAST_NUM_GOSSIPS">
            <Argument name="GossipTypes">GOSSIP_COMPLETED_PROGRESSION_TREE_NODE01,GOSSIP_COMPLETED_PROGRESSION_TREE_NODE02,GOSSIP_COMPLETED_PROGRESSION_TREE_NODE03</Argument>
            <Argument name="GOSSIP_COMPLETED_PROGRESSION_TREE_NODE01">Hash,ProgressionTreeNodeType,NODE_CIVIC_MO_BRANCH_DEMOCRACY</Argument>
            <Argument name="GOSSIP_COMPLETED_PROGRESSION_TREE_NODE02">Hash,ProgressionTreeNodeType,NODE_CIVIC_MO_BRANCH_FASCISM</Argument>
            <Argument name="GOSSIP_COMPLETED_PROGRESSION_TREE_NODE03">Hash,ProgressionTreeNodeType,NODE_CIVIC_MO_BRANCH_COMMUNISM</Argument>
            <Argument name="Amount">1</Argument>
        </Requirement>
    </RequirementSet>
    <RequirementSet id="REQSET_LEADER_CHAIN_1229B_NARRATIVE">
        <Requirement type="REQUIREMENT_PLAYER_HAS_AT_LEAST_NUM_GOSSIPS">
            <Argument name="GossipTypes">GOSSIP_CONQUER_CITY01</Argument>
            <Argument name="GOSSIP_CONQUER_CITY01">Hash,OtherPlayer,Other</Argument>
            <Argument name="AfterInit">True</Argument>
            <Argument name="DuplicateCount">2</Argument>
        </Requirement>
    </RequirementSet>
</GameEffects>
