<?xml version="1.0" encoding="utf-8"?>
<!-- !! DO NOT EDIT THIS FILE !! -->
<!-- This file was automatically generated via the metaprogression generation workflow. -->
<Database>
	<LegendPaths>
		<Row LegendPathType="LEGEND_PATH_ASHOKA_ALT" LegendPathName="LOC_LEADER_ASHOKA_ALT_NAME" DNAChallengeStatisticID="e17a04aa-7195-431b-a0f5-928ebd0c0458" SortIndex="40" />
		<Row LegendPathType="LEGEND_PATH_HIMIKO_ALT" LegendPathName="LOC_LEADER_HIMIKO_ALT_NAME" DNAChallengeStatisticID="3a5c7774-5d2b-4d8c-9788-7999771db874" SortIndex="40" />
	</LegendPaths>
	<LegendPathsLevels>
		<Row LegendPathType="LEGEND_PATH_ASHOKA_ALT" DnaId="3f7ad18d-e607-46d2-82d3-747ef899b658" Level="2" Threshold="100" />
		<Row LegendPathType="LEGEND_PATH_ASHOKA_ALT" DnaId="9a983603-67e3-45c4-bc35-f7ac229a270e" Level="3" Threshold="250" />
		<Row LegendPathType="LEGEND_PATH_ASHOKA_ALT" DnaId="009f5e31-a982-4a25-8355-fafa808a5953" Level="4" Threshold="400" />
		<Row LegendPathType="LEGEND_PATH_ASHOKA_ALT" DnaId="d359f439-edbe-4efd-8f49-2a950910fd67" Level="5" Threshold="550" />
		<Row LegendPathType="LEGEND_PATH_ASHOKA_ALT" DnaId="2de8709a-a2fd-49ab-b9e5-e547571d0629" Level="6" Threshold="700" />
		<Row LegendPathType="LEGEND_PATH_ASHOKA_ALT" DnaId="b7dee148-fe9d-4504-a5a9-c11bfcc04f55" Level="7" Threshold="850" />
		<Row LegendPathType="LEGEND_PATH_ASHOKA_ALT" DnaId="0f45da1d-d1f4-4a25-9879-a602611c54cb" Level="8" Threshold="1000" />
		<Row LegendPathType="LEGEND_PATH_ASHOKA_ALT" DnaId="d96d5c53-9614-4c63-9780-d716dd6e70c3" Level="9" Threshold="1150" />
		<Row LegendPathType="LEGEND_PATH_ASHOKA_ALT" DnaId="5dd3ae13-259e-474c-8165-80049b1af79f" Level="10" Threshold="1300" />
		<Row LegendPathType="LEGEND_PATH_HIMIKO_ALT" DnaId="98e5aaff-4bc2-48c2-98c7-b60afafa8e8c" Level="2" Threshold="100" />
		<Row LegendPathType="LEGEND_PATH_HIMIKO_ALT" DnaId="8f3a4011-cf6f-42ed-9634-2a75bef9ce3f" Level="3" Threshold="250" />
		<Row LegendPathType="LEGEND_PATH_HIMIKO_ALT" DnaId="c87e025f-6904-48b7-9c67-c12f4399a7f6" Level="4" Threshold="400" />
		<Row LegendPathType="LEGEND_PATH_HIMIKO_ALT" DnaId="32d2442b-dd5e-4d35-ba7c-d69be6548d15" Level="5" Threshold="550" />
		<Row LegendPathType="LEGEND_PATH_HIMIKO_ALT" DnaId="595ad1f8-a592-40cf-97ec-5362b832de90" Level="6" Threshold="700" />
		<Row LegendPathType="LEGEND_PATH_HIMIKO_ALT" DnaId="2be88315-4719-4e22-9f32-14f4f216ba8f" Level="7" Threshold="850" />
		<Row LegendPathType="LEGEND_PATH_HIMIKO_ALT" DnaId="fe5303ed-7acb-4162-8d4f-8f49edaf3fc5" Level="8" Threshold="1000" />
		<Row LegendPathType="LEGEND_PATH_HIMIKO_ALT" DnaId="6db1a641-0723-4c04-865f-321fc49ef75f" Level="9" Threshold="1150" />
		<Row LegendPathType="LEGEND_PATH_HIMIKO_ALT" DnaId="3576df21-4601-4615-8922-8741a9e6a244" Level="10" Threshold="1300" />
	</LegendPathsLevels>
	<LegendPathsRewards>
		<Row LegendPathType="LEGEND_PATH_ASHOKA_ALT" Level="2" Reward="MEMENTO_ASHOKA_CONQUEROR_CHANDA_MAHASENA" />
		<Row LegendPathType="LEGEND_PATH_ASHOKA_ALT" Level="3" Reward="NODE_ATTRIBUTE_DIPLOMATIC_LEGEND_ASHOKA_ALT_L1" />
		<Row LegendPathType="LEGEND_PATH_ASHOKA_ALT" Level="4" Reward="STRATEGYCARD_ASHOKA_CONQUEROR_EXPLORATION_1" />
		<Row LegendPathType="LEGEND_PATH_ASHOKA_ALT" Level="4" Reward="STRATEGYCARD_ASHOKA_CONQUEROR_EXPLORATION_2" />
		<Row LegendPathType="LEGEND_PATH_ASHOKA_ALT" Level="5" Reward="MEMENTO_ASHOKA_CONQUEROR_SILK_UTTARIYA" />
		<Row LegendPathType="LEGEND_PATH_ASHOKA_ALT" Level="6" Reward="BANNER_ASHOKA_CONQUEROR" />
		<Row LegendPathType="LEGEND_PATH_ASHOKA_ALT" Level="6" Reward="BADGE_ASHOKA_CONQUEROR" />
		<Row LegendPathType="LEGEND_PATH_ASHOKA_ALT" Level="7" Reward="NODE_ATTRIBUTE_MILITARISTIC_LEGEND_ASHOKA_ALT_L2" />
		<Row LegendPathType="LEGEND_PATH_ASHOKA_ALT" Level="8" Reward="STRATEGYCARD_ASHOKA_CONQUEROR_MODERN_1" />
		<Row LegendPathType="LEGEND_PATH_ASHOKA_ALT" Level="8" Reward="STRATEGYCARD_ASHOKA_CONQUEROR_MODERN_2" />
		<Row LegendPathType="LEGEND_PATH_ASHOKA_ALT" Level="9" Reward="MEMENTO_ASHOKA_CONQUEROR_LION_CAPITAL" />
		<Row LegendPathType="LEGEND_PATH_ASHOKA_ALT" Level="10" Reward="TITLE_ASHOKA_CONQUEROR" />
		<Row LegendPathType="LEGEND_PATH_ASHOKA_ALT" Level="10" Reward="BADGE_ASHOKA_CONQUEROR_P" />
		<Row LegendPathType="LEGEND_PATH_HIMIKO_ALT" Level="2" Reward="MEMENTO_HIMIKO_SHAMAN_YATA_NO_KAGAMI" />
		<Row LegendPathType="LEGEND_PATH_HIMIKO_ALT" Level="3" Reward="NODE_ATTRIBUTE_CULTURAL_LEGEND_HIMIKO_ALT_L1" />
		<Row LegendPathType="LEGEND_PATH_HIMIKO_ALT" Level="4" Reward="STRATEGYCARD_HIMIKO_SHAMAN_EXPLORATION_1" />
		<Row LegendPathType="LEGEND_PATH_HIMIKO_ALT" Level="4" Reward="STRATEGYCARD_HIMIKO_SHAMAN_EXPLORATION_2" />
		<Row LegendPathType="LEGEND_PATH_HIMIKO_ALT" Level="5" Reward="MEMENTO_HIMIKO_SHAMAN_SAKAKI_BRANCH" />
		<Row LegendPathType="LEGEND_PATH_HIMIKO_ALT" Level="6" Reward="BANNER_HIMIKO_HIGH_SHAMAN" />
		<Row LegendPathType="LEGEND_PATH_HIMIKO_ALT" Level="6" Reward="BADGE_HIMIKO_HIGH_SHAMAN" />
		<Row LegendPathType="LEGEND_PATH_HIMIKO_ALT" Level="7" Reward="NODE_ATTRIBUTE_DIPLOMATIC_LEGEND_HIMIKO_ALT_L2" />
		<Row LegendPathType="LEGEND_PATH_HIMIKO_ALT" Level="8" Reward="STRATEGYCARD_HIMIKO_SHAMAN_MODERN_1" />
		<Row LegendPathType="LEGEND_PATH_HIMIKO_ALT" Level="8" Reward="STRATEGYCARD_HIMIKO_SHAMAN_MODERN_2" />
		<Row LegendPathType="LEGEND_PATH_HIMIKO_ALT" Level="9" Reward="MEMENTO_HIMIKO_SHAMAN_KUSANAGI_NO_TSURUGI" />
		<Row LegendPathType="LEGEND_PATH_HIMIKO_ALT" Level="10" Reward="TITLE_HIMIKO_HIGH_SHAMAN" />
		<Row LegendPathType="LEGEND_PATH_HIMIKO_ALT" Level="10" Reward="BADGE_HIMIKO_SHAMAN_P" />
	</LegendPathsRewards>
	<Challenges>
		<Row ChallengeType="CHALLENGE_ASHOKA_ALT_MILITARY_VICTORY_ANTIQUITY" DNAChallengeID="093c1f58-fab9-46d8-8950-cd09bbd2f4ec" DNAStatisticID="d45ff827-14e9-4fda-8388-5c022eeb780c" ChallengeClass="CHALLENGE_CLASS_LEADER" ChallengeCategory="CHALLENGE_CATEGORY_LEADER_ASHOKA_ALT" Difficulty="3" SortIndex="26500" />
		<Row ChallengeType="CHALLENGE_ASHOKA_ALT_MILITARY_VICTORY_ANTIQUITY_2" DNAChallengeID="84d25b0c-0891-4e97-a577-508ff436098f" DNAStatisticID="d45ff827-14e9-4fda-8388-5c022eeb780c" ChallengeClass="CHALLENGE_CLASS_LEADER" ChallengeCategory="CHALLENGE_CATEGORY_LEADER_ASHOKA_ALT" Difficulty="3" SortIndex="26510" />
		<Row ChallengeType="CHALLENGE_ASHOKA_ALT_MILITARY_VICTORY_ANTIQUITY_3" DNAChallengeID="8d3b386c-768a-45b3-ae7a-9cf3ae8d3cf8" DNAStatisticID="d45ff827-14e9-4fda-8388-5c022eeb780c" ChallengeClass="CHALLENGE_CLASS_LEADER" ChallengeCategory="CHALLENGE_CATEGORY_LEADER_ASHOKA_ALT" Difficulty="3" SortIndex="26520" />
		<Row ChallengeType="CHALLENGE_ASHOKA_ALT_ECONOMIC_VICTORY_ANTIQUITY" DNAChallengeID="6a6c9b6d-9680-4049-80d8-df6f8b3c089b" DNAStatisticID="810b119b-2b42-463a-a0c3-7e1667fbc78e" ChallengeClass="CHALLENGE_CLASS_LEADER" ChallengeCategory="CHALLENGE_CATEGORY_LEADER_ASHOKA_ALT" Difficulty="3" SortIndex="26700" />
		<Row ChallengeType="CHALLENGE_ASHOKA_ALT_ECONOMIC_VICTORY_ANTIQUITY_2" DNAChallengeID="488abc4d-a400-4b06-9ffe-c9ead96e986b" DNAStatisticID="810b119b-2b42-463a-a0c3-7e1667fbc78e" ChallengeClass="CHALLENGE_CLASS_LEADER" ChallengeCategory="CHALLENGE_CATEGORY_LEADER_ASHOKA_ALT" Difficulty="3" SortIndex="26710" />
		<Row ChallengeType="CHALLENGE_ASHOKA_ALT_ECONOMIC_VICTORY_ANTIQUITY_3" DNAChallengeID="74b14c25-0ca3-44a9-b4f8-38bc5fdc8b22" DNAStatisticID="810b119b-2b42-463a-a0c3-7e1667fbc78e" ChallengeClass="CHALLENGE_CLASS_LEADER" ChallengeCategory="CHALLENGE_CATEGORY_LEADER_ASHOKA_ALT" Difficulty="3" SortIndex="26720" />
		<Row ChallengeType="CHALLENGE_ASHOKA_ALT_MILITARY_VICTORY_EXPLORATION" DNAChallengeID="c0af2d51-448e-4d70-882a-eae26c6e7ee0" DNAStatisticID="b845584c-9dd7-4496-9170-6d025b56188d" ChallengeClass="CHALLENGE_CLASS_LEADER" ChallengeCategory="CHALLENGE_CATEGORY_LEADER_ASHOKA_ALT" Difficulty="3" SortIndex="27100" />
		<Row ChallengeType="CHALLENGE_ASHOKA_ALT_MILITARY_VICTORY_EXPLORATION_2" DNAChallengeID="c19fcf13-7b1a-4419-b7dd-d4f3b80f5796" DNAStatisticID="b845584c-9dd7-4496-9170-6d025b56188d" ChallengeClass="CHALLENGE_CLASS_LEADER" ChallengeCategory="CHALLENGE_CATEGORY_LEADER_ASHOKA_ALT" Difficulty="3" SortIndex="27110" />
		<Row ChallengeType="CHALLENGE_ASHOKA_ALT_MILITARY_VICTORY_EXPLORATION_3" DNAChallengeID="d13ce479-5e33-4e38-a622-8a482aabab5d" DNAStatisticID="b845584c-9dd7-4496-9170-6d025b56188d" ChallengeClass="CHALLENGE_CLASS_LEADER" ChallengeCategory="CHALLENGE_CATEGORY_LEADER_ASHOKA_ALT" Difficulty="3" SortIndex="27120" />
		<Row ChallengeType="CHALLENGE_ASHOKA_ALT_ECONOMIC_VICTORY_EXPLORATION" DNAChallengeID="81b044ef-cb74-4ba9-8b49-53729d3af5e3" DNAStatisticID="782c4ada-5cd1-429f-be62-ef66acb4c890" ChallengeClass="CHALLENGE_CLASS_LEADER" ChallengeCategory="CHALLENGE_CATEGORY_LEADER_ASHOKA_ALT" Difficulty="3" SortIndex="27300" />
		<Row ChallengeType="CHALLENGE_ASHOKA_ALT_ECONOMIC_VICTORY_EXPLORATION_2" DNAChallengeID="602845d4-61fe-491d-98a7-8755af5d1aa9" DNAStatisticID="782c4ada-5cd1-429f-be62-ef66acb4c890" ChallengeClass="CHALLENGE_CLASS_LEADER" ChallengeCategory="CHALLENGE_CATEGORY_LEADER_ASHOKA_ALT" Difficulty="3" SortIndex="27310" />
		<Row ChallengeType="CHALLENGE_ASHOKA_ALT_ECONOMIC_VICTORY_EXPLORATION_3" DNAChallengeID="a71c29fc-1909-42e9-ba35-bbcfb3eb2489" DNAStatisticID="782c4ada-5cd1-429f-be62-ef66acb4c890" ChallengeClass="CHALLENGE_CLASS_LEADER" ChallengeCategory="CHALLENGE_CATEGORY_LEADER_ASHOKA_ALT" Difficulty="3" SortIndex="27320" />
		<Row ChallengeType="CHALLENGE_ASHOKA_ALT_MILITARY_VICTORY_MODERN" DNAChallengeID="0e0fb2e3-12ad-4a20-ace5-4b5622cda6f8" DNAStatisticID="d750003b-2532-431a-9fc3-5a416c6daa29" ChallengeClass="CHALLENGE_CLASS_LEADER" ChallengeCategory="CHALLENGE_CATEGORY_LEADER_ASHOKA_ALT" Difficulty="3" SortIndex="27700" />
		<Row ChallengeType="CHALLENGE_ASHOKA_ALT_MILITARY_VICTORY_MODERN_2" DNAChallengeID="aad7f73e-c9ad-46d3-824c-e84f6b7c60b7" DNAStatisticID="d750003b-2532-431a-9fc3-5a416c6daa29" ChallengeClass="CHALLENGE_CLASS_LEADER" ChallengeCategory="CHALLENGE_CATEGORY_LEADER_ASHOKA_ALT" Difficulty="3" SortIndex="27710" />
		<Row ChallengeType="CHALLENGE_ASHOKA_ALT_MILITARY_VICTORY_MODERN_3" DNAChallengeID="0fed4b60-d458-4ccf-b027-2aa27a092a45" DNAStatisticID="d750003b-2532-431a-9fc3-5a416c6daa29" ChallengeClass="CHALLENGE_CLASS_LEADER" ChallengeCategory="CHALLENGE_CATEGORY_LEADER_ASHOKA_ALT" Difficulty="3" SortIndex="27720" />
		<Row ChallengeType="CHALLENGE_ASHOKA_ALT_ECONOMIC_VICTORY_MODERN" DNAChallengeID="c340378b-ca17-4bb2-9be6-88add2fdf83f" DNAStatisticID="832ccbc0-cad6-4dcd-b480-4949f7e7626a" ChallengeClass="CHALLENGE_CLASS_LEADER" ChallengeCategory="CHALLENGE_CATEGORY_LEADER_ASHOKA_ALT" Difficulty="3" SortIndex="27600" />
		<Row ChallengeType="CHALLENGE_ASHOKA_ALT_ECONOMIC_VICTORY_MODERN_2" DNAChallengeID="1c01d21a-b24d-481d-acc6-ced05bfd3015" DNAStatisticID="832ccbc0-cad6-4dcd-b480-4949f7e7626a" ChallengeClass="CHALLENGE_CLASS_LEADER" ChallengeCategory="CHALLENGE_CATEGORY_LEADER_ASHOKA_ALT" Difficulty="3" SortIndex="27610" />
		<Row ChallengeType="CHALLENGE_ASHOKA_ALT_ECONOMIC_VICTORY_MODERN_3" DNAChallengeID="d5b00d06-db09-4e45-b2f7-ef69b8b83b2a" DNAStatisticID="832ccbc0-cad6-4dcd-b480-4949f7e7626a" ChallengeClass="CHALLENGE_CLASS_LEADER" ChallengeCategory="CHALLENGE_CATEGORY_LEADER_ASHOKA_ALT" Difficulty="3" SortIndex="27620" />
		<Row ChallengeType="CHALLENGE_ASHOKA_ALT_AGE_COMPLETED_ANTIQUITY" DNAChallengeID="d279884e-1fbb-4faa-a409-b2487219fba2" DNAStatisticID="59187972-a220-4d8a-917e-a525dc7abdad" ChallengeClass="CHALLENGE_CLASS_LEADER" ChallengeCategory="CHALLENGE_CATEGORY_LEADER_ASHOKA_ALT" Difficulty="2" SortIndex="26300" />
		<Row ChallengeType="CHALLENGE_ASHOKA_ALT_AGE_COMPLETED_ANTIQUITY_2" DNAChallengeID="fbe1bef6-d7e9-4619-ab4a-760b0aad6f4e" DNAStatisticID="59187972-a220-4d8a-917e-a525dc7abdad" ChallengeClass="CHALLENGE_CLASS_LEADER" ChallengeCategory="CHALLENGE_CATEGORY_LEADER_ASHOKA_ALT" Difficulty="2" SortIndex="26310" />
		<Row ChallengeType="CHALLENGE_ASHOKA_ALT_AGE_COMPLETED_ANTIQUITY_3" DNAChallengeID="85d1583a-c88c-4234-bb36-892fe9bb3b9f" DNAStatisticID="59187972-a220-4d8a-917e-a525dc7abdad" ChallengeClass="CHALLENGE_CLASS_LEADER" ChallengeCategory="CHALLENGE_CATEGORY_LEADER_ASHOKA_ALT" Difficulty="2" SortIndex="26320" />
		<Row ChallengeType="CHALLENGE_ASHOKA_ALT_AGE_COMPLETED_EXPLORATION" DNAChallengeID="a59c1b62-91a5-4372-946f-9e3e91e3ee39" DNAStatisticID="01c3035f-bc41-414b-ac3e-4b6d868a7f58" ChallengeClass="CHALLENGE_CLASS_LEADER" ChallengeCategory="CHALLENGE_CATEGORY_LEADER_ASHOKA_ALT" Difficulty="3" SortIndex="26900" />
		<Row ChallengeType="CHALLENGE_ASHOKA_ALT_AGE_COMPLETED_EXPLORATION_2" DNAChallengeID="806464f9-0b86-4a1f-bd5c-c076a0594b2a" DNAStatisticID="01c3035f-bc41-414b-ac3e-4b6d868a7f58" ChallengeClass="CHALLENGE_CLASS_LEADER" ChallengeCategory="CHALLENGE_CATEGORY_LEADER_ASHOKA_ALT" Difficulty="3" SortIndex="26910" />
		<Row ChallengeType="CHALLENGE_ASHOKA_ALT_AGE_COMPLETED_EXPLORATION_3" DNAChallengeID="f69b32b8-a53a-429b-bc05-b9756ae24bd8" DNAStatisticID="01c3035f-bc41-414b-ac3e-4b6d868a7f58" ChallengeClass="CHALLENGE_CLASS_LEADER" ChallengeCategory="CHALLENGE_CATEGORY_LEADER_ASHOKA_ALT" Difficulty="3" SortIndex="26920" />
		<Row ChallengeType="CHALLENGE_ASHOKA_ALT_AGE_COMPLETED_MODERN" DNAChallengeID="1adc1b88-05e0-47cd-9db2-ddc54ed61569" DNAStatisticID="c9ec5e64-ddd7-4099-b9bb-b2f4bb5dbf6a" ChallengeClass="CHALLENGE_CLASS_LEADER" ChallengeCategory="CHALLENGE_CATEGORY_LEADER_ASHOKA_ALT" Difficulty="2" SortIndex="27500" />
		<Row ChallengeType="CHALLENGE_ASHOKA_ALT_AGE_COMPLETED_MODERN_2" DNAChallengeID="5c1c44c4-edcc-48b9-8dde-d91345ec09f9" DNAStatisticID="c9ec5e64-ddd7-4099-b9bb-b2f4bb5dbf6a" ChallengeClass="CHALLENGE_CLASS_LEADER" ChallengeCategory="CHALLENGE_CATEGORY_LEADER_ASHOKA_ALT" Difficulty="2" SortIndex="27510" />
		<Row ChallengeType="CHALLENGE_ASHOKA_ALT_AGE_COMPLETED_MODERN_3" DNAChallengeID="b61416f4-f4b3-43f6-9ea0-28506bd631d6" DNAStatisticID="c9ec5e64-ddd7-4099-b9bb-b2f4bb5dbf6a" ChallengeClass="CHALLENGE_CLASS_LEADER" ChallengeCategory="CHALLENGE_CATEGORY_LEADER_ASHOKA_ALT" Difficulty="2" SortIndex="27520" />
		<Row ChallengeType="CHALLENGE_ASHOKA_ALT_PLAY_GAMES_1" DNAChallengeID="8a8ee5bb-8d1b-4533-a75e-69ec1d7954c2" DNAStatisticID="e936742f-0f65-4877-a3d1-c7187028ee81" ChallengeClass="CHALLENGE_CLASS_LEADER" ChallengeCategory="CHALLENGE_CATEGORY_LEADER_ASHOKA_ALT" Difficulty="1" SortIndex="28100" />
		<Row ChallengeType="CHALLENGE_ASHOKA_ALT_PLAY_GAMES_2" DNAChallengeID="4b69e8ca-4f3b-4a75-a411-f5953cb1733c" DNAStatisticID="e936742f-0f65-4877-a3d1-c7187028ee81" ChallengeClass="CHALLENGE_CLASS_LEADER" ChallengeCategory="CHALLENGE_CATEGORY_LEADER_ASHOKA_ALT" Difficulty="1" SortIndex="28200" />
		<Row ChallengeType="CHALLENGE_ASHOKA_ALT_PLAY_GAMES_3" DNAChallengeID="39ed0545-bbce-4c53-9213-733816acbdf8" DNAStatisticID="e936742f-0f65-4877-a3d1-c7187028ee81" ChallengeClass="CHALLENGE_CLASS_LEADER" ChallengeCategory="CHALLENGE_CATEGORY_LEADER_ASHOKA_ALT" Difficulty="1" SortIndex="28300" />
		<Row ChallengeType="CHALLENGE_ASHOKA_ALT_SCIENCE_VICTORY_ANTIQUITY" DNAChallengeID="da803053-f235-4451-95ee-9e6e77140804" DNAStatisticID="5c3dbd21-24f1-4f60-a83c-ae67e98f7203" ChallengeClass="CHALLENGE_CLASS_LEADER" ChallengeCategory="CHALLENGE_CATEGORY_LEADER_ASHOKA_ALT" Difficulty="3" SortIndex="26600" />
		<Row ChallengeType="CHALLENGE_ASHOKA_ALT_SCIENCE_VICTORY_ANTIQUITY_2" DNAChallengeID="d2ae6677-1f3a-4daa-b66c-5ef830de413d" DNAStatisticID="5c3dbd21-24f1-4f60-a83c-ae67e98f7203" ChallengeClass="CHALLENGE_CLASS_LEADER" ChallengeCategory="CHALLENGE_CATEGORY_LEADER_ASHOKA_ALT" Difficulty="3" SortIndex="26610" />
		<Row ChallengeType="CHALLENGE_ASHOKA_ALT_SCIENCE_VICTORY_ANTIQUITY_3" DNAChallengeID="a99e072c-1ba1-4298-a24d-2fd5a255db28" DNAStatisticID="5c3dbd21-24f1-4f60-a83c-ae67e98f7203" ChallengeClass="CHALLENGE_CLASS_LEADER" ChallengeCategory="CHALLENGE_CATEGORY_LEADER_ASHOKA_ALT" Difficulty="3" SortIndex="26620" />
		<Row ChallengeType="CHALLENGE_ASHOKA_ALT_SCIENCE_VICTORY_EXPLORATION" DNAChallengeID="2bfaa3ca-2536-43a8-94b9-ec908eb35a5c" DNAStatisticID="f6cdf620-05b3-4cee-bf1d-b30bdcc1ea11" ChallengeClass="CHALLENGE_CLASS_LEADER" ChallengeCategory="CHALLENGE_CATEGORY_LEADER_ASHOKA_ALT" Difficulty="3" SortIndex="27200" />
		<Row ChallengeType="CHALLENGE_ASHOKA_ALT_SCIENCE_VICTORY_EXPLORATION_2" DNAChallengeID="d75fdc24-5f4d-4721-865d-639048408c0d" DNAStatisticID="f6cdf620-05b3-4cee-bf1d-b30bdcc1ea11" ChallengeClass="CHALLENGE_CLASS_LEADER" ChallengeCategory="CHALLENGE_CATEGORY_LEADER_ASHOKA_ALT" Difficulty="3" SortIndex="27210" />
		<Row ChallengeType="CHALLENGE_ASHOKA_ALT_SCIENCE_VICTORY_EXPLORATION_3" DNAChallengeID="4d4b9fda-a512-4efb-9e16-d05679ccf435" DNAStatisticID="f6cdf620-05b3-4cee-bf1d-b30bdcc1ea11" ChallengeClass="CHALLENGE_CLASS_LEADER" ChallengeCategory="CHALLENGE_CATEGORY_LEADER_ASHOKA_ALT" Difficulty="3" SortIndex="27220" />
		<Row ChallengeType="CHALLENGE_ASHOKA_ALT_SCIENCE_VICTORY_MODERN" DNAChallengeID="3c6f4f08-d513-4827-9214-c0520319e598" DNAStatisticID="2de2bb15-4072-444a-a018-f8a3050eb226" ChallengeClass="CHALLENGE_CLASS_LEADER" ChallengeCategory="CHALLENGE_CATEGORY_LEADER_ASHOKA_ALT" Difficulty="3" SortIndex="27800" />
		<Row ChallengeType="CHALLENGE_ASHOKA_ALT_SCIENCE_VICTORY_MODERN_2" DNAChallengeID="a5c12614-612e-4127-bd72-b9a4dd342d5c" DNAStatisticID="2de2bb15-4072-444a-a018-f8a3050eb226" ChallengeClass="CHALLENGE_CLASS_LEADER" ChallengeCategory="CHALLENGE_CATEGORY_LEADER_ASHOKA_ALT" Difficulty="3" SortIndex="27810" />
		<Row ChallengeType="CHALLENGE_ASHOKA_ALT_SCIENCE_VICTORY_MODERN_3" DNAChallengeID="2474f802-8bca-4c9f-9e23-98a8d587b372" DNAStatisticID="2de2bb15-4072-444a-a018-f8a3050eb226" ChallengeClass="CHALLENGE_CLASS_LEADER" ChallengeCategory="CHALLENGE_CATEGORY_LEADER_ASHOKA_ALT" Difficulty="3" SortIndex="27820" />
		<Row ChallengeType="CHALLENGE_ASHOKA_ALT_CULTURE_VICTORY_ANTIQUITY" DNAChallengeID="1cdd79ce-e196-4c2c-b5f5-7dc578a3225d" DNAStatisticID="3088c455-f8ab-4ae5-bfb7-4459854b4d35" ChallengeClass="CHALLENGE_CLASS_LEADER" ChallengeCategory="CHALLENGE_CATEGORY_LEADER_ASHOKA_ALT" Difficulty="3" SortIndex="26400" />
		<Row ChallengeType="CHALLENGE_ASHOKA_ALT_CULTURE_VICTORY_ANTIQUITY_2" DNAChallengeID="68fc7f72-a0a2-4395-96de-b46ccb2e4c16" DNAStatisticID="3088c455-f8ab-4ae5-bfb7-4459854b4d35" ChallengeClass="CHALLENGE_CLASS_LEADER" ChallengeCategory="CHALLENGE_CATEGORY_LEADER_ASHOKA_ALT" Difficulty="3" SortIndex="26410" />
		<Row ChallengeType="CHALLENGE_ASHOKA_ALT_CULTURE_VICTORY_ANTIQUITY_3" DNAChallengeID="8b1c4f06-0432-48a4-8d46-d7470a87433c" DNAStatisticID="3088c455-f8ab-4ae5-bfb7-4459854b4d35" ChallengeClass="CHALLENGE_CLASS_LEADER" ChallengeCategory="CHALLENGE_CATEGORY_LEADER_ASHOKA_ALT" Difficulty="3" SortIndex="26420" />
		<Row ChallengeType="CHALLENGE_ASHOKA_ALT_CULTURE_VICTORY_EXPLORATION" DNAChallengeID="5927080e-323f-4dad-8f81-51375459738f" DNAStatisticID="315fa0b4-4f13-44aa-a175-b610d64d10ba" ChallengeClass="CHALLENGE_CLASS_LEADER" ChallengeCategory="CHALLENGE_CATEGORY_LEADER_ASHOKA_ALT" Difficulty="3" SortIndex="27000" />
		<Row ChallengeType="CHALLENGE_ASHOKA_ALT_CULTURE_VICTORY_EXPLORATION_2" DNAChallengeID="cceffd17-e159-4110-9e16-4cf5c606ed70" DNAStatisticID="315fa0b4-4f13-44aa-a175-b610d64d10ba" ChallengeClass="CHALLENGE_CLASS_LEADER" ChallengeCategory="CHALLENGE_CATEGORY_LEADER_ASHOKA_ALT" Difficulty="3" SortIndex="27010" />
		<Row ChallengeType="CHALLENGE_ASHOKA_ALT_CULTURE_VICTORY_EXPLORATION_3" DNAChallengeID="41069888-d5de-4d2a-afb1-eebe16e90820" DNAStatisticID="315fa0b4-4f13-44aa-a175-b610d64d10ba" ChallengeClass="CHALLENGE_CLASS_LEADER" ChallengeCategory="CHALLENGE_CATEGORY_LEADER_ASHOKA_ALT" Difficulty="3" SortIndex="27020" />
		<Row ChallengeType="CHALLENGE_ASHOKA_ALT_CULTURE_VICTORY_MODERN" DNAChallengeID="b61d432c-d224-46a3-83da-508f9ed57936" DNAStatisticID="68887cad-26f4-4460-875c-35dd2c2d9f8f" ChallengeClass="CHALLENGE_CLASS_LEADER" ChallengeCategory="CHALLENGE_CATEGORY_LEADER_ASHOKA_ALT" Difficulty="3" SortIndex="27900" />
		<Row ChallengeType="CHALLENGE_ASHOKA_ALT_CULTURE_VICTORY_MODERN_2" DNAChallengeID="2b9c4f40-356e-4a4c-b36c-8bd9b1b84b7d" DNAStatisticID="68887cad-26f4-4460-875c-35dd2c2d9f8f" ChallengeClass="CHALLENGE_CLASS_LEADER" ChallengeCategory="CHALLENGE_CATEGORY_LEADER_ASHOKA_ALT" Difficulty="3" SortIndex="27910" />
		<Row ChallengeType="CHALLENGE_ASHOKA_ALT_CULTURE_VICTORY_MODERN_3" DNAChallengeID="21e23eed-908b-4e7e-9d23-848f0c10aa2c" DNAStatisticID="68887cad-26f4-4460-875c-35dd2c2d9f8f" ChallengeClass="CHALLENGE_CLASS_LEADER" ChallengeCategory="CHALLENGE_CATEGORY_LEADER_ASHOKA_ALT" Difficulty="3" SortIndex="27920" />
		<Row ChallengeType="CHALLENGE_ASHOKA_ALT_FLAWLESS_VICTORY_ANTIQUITY" DNAChallengeID="f06db0d6-92d2-4a89-b185-bacc9cb49260" ChallengeClass="CHALLENGE_CLASS_LEADER" ChallengeCategory="CHALLENGE_CATEGORY_LEADER_ASHOKA_ALT" Difficulty="4" SortIndex="26800" />
		<Row ChallengeType="CHALLENGE_ASHOKA_ALT_FLAWLESS_VICTORY_EXPLORATION" DNAChallengeID="1905dace-8614-4274-9be1-cd67a09a5591" ChallengeClass="CHALLENGE_CLASS_LEADER" ChallengeCategory="CHALLENGE_CATEGORY_LEADER_ASHOKA_ALT" Difficulty="4" SortIndex="27400" />
		<Row ChallengeType="CHALLENGE_ASHOKA_ALT_FLAWLESS_VICTORY_MODERN" DNAChallengeID="fa108ba0-ddea-4a49-91c0-522e8d4e4364" ChallengeClass="CHALLENGE_CLASS_LEADER" ChallengeCategory="CHALLENGE_CATEGORY_LEADER_ASHOKA_ALT" Difficulty="4" SortIndex="28000" />
		<Row ChallengeType="CHALLENGE_ASHOKA_ALT_QUEST_CHAKRAVARTI_AVATAR" DNAChallengeID="b7de09b5-c4ec-404f-819e-b63cc116d4f8" ChallengeClass="CHALLENGE_CLASS_LEADER" ChallengeCategory="CHALLENGE_CATEGORY_LEADER_ASHOKA_ALT" Difficulty="2" SortIndex="29000" Hidden="true" />
		<Row ChallengeType="CHALLENGE_ASHOKA_ALT_QUEST_CHAKRAVARTI_ENLIGHTENED" DNAChallengeID="b5748b22-527e-48f4-9415-530e7579e63a" ChallengeClass="CHALLENGE_CLASS_LEADER" ChallengeCategory="CHALLENGE_CATEGORY_LEADER_ASHOKA_ALT" Difficulty="2" SortIndex="29100" Hidden="true" />
		<Row ChallengeType="CHALLENGE_ASHOKA_ALT_QUEST_DEVARAJA" DNAChallengeID="655517ac-9bba-4954-916a-508d6018b8b9" ChallengeClass="CHALLENGE_CLASS_LEADER" ChallengeCategory="CHALLENGE_CATEGORY_LEADER_ASHOKA_ALT" Difficulty="2" SortIndex="29200" Hidden="true" />
		<Row ChallengeType="CHALLENGE_ASHOKA_ALT_QUEST_DHAMMARAJA" DNAChallengeID="5a7043d3-9071-4435-9062-74ef08a7ab66" ChallengeClass="CHALLENGE_CLASS_LEADER" ChallengeCategory="CHALLENGE_CATEGORY_LEADER_ASHOKA_ALT" Difficulty="2" SortIndex="29300" Hidden="true" />
		<Row ChallengeType="CHALLENGE_ASHOKA_ALT_QUEST_WORLD_CONQUERER" DNAChallengeID="ebc90fe7-8029-4321-9373-e893996281fd" ChallengeClass="CHALLENGE_CLASS_LEADER" ChallengeCategory="CHALLENGE_CATEGORY_LEADER_ASHOKA_ALT" Difficulty="2" SortIndex="29400" Hidden="true" />
		<Row ChallengeType="CHALLENGE_ASHOKA_ALT_QUEST_WORLD_RENOUNCER" DNAChallengeID="f665ecfc-a456-44b9-8883-fde02e3edf46" ChallengeClass="CHALLENGE_CLASS_LEADER" ChallengeCategory="CHALLENGE_CATEGORY_LEADER_ASHOKA_ALT" Difficulty="2" SortIndex="29500" Hidden="true" />
		<Row ChallengeType="CHALLENGE_ASHOKA_ALT_QUEST_A_ANTIQUITY" DNAChallengeID="58dca83e-c915-430f-b103-8d87d7f1e811" ChallengeClass="CHALLENGE_CLASS_LEADER" ChallengeCategory="CHALLENGE_CATEGORY_LEADER_ASHOKA_ALT" Difficulty="2" SortIndex="29510" />
		<Row ChallengeType="CHALLENGE_ASHOKA_ALT_QUEST_B_ANTIQUITY" DNAChallengeID="9a190798-4ecd-4105-b080-703e703ae153" ChallengeClass="CHALLENGE_CLASS_LEADER" ChallengeCategory="CHALLENGE_CATEGORY_LEADER_ASHOKA_ALT" Difficulty="2" SortIndex="29515" />
		<Row ChallengeType="CHALLENGE_ASHOKA_ALT_QUEST_A_EXPLORATION" DNAChallengeID="1e2f9278-279e-4798-9dac-b8679383ecae" ChallengeClass="CHALLENGE_CLASS_LEADER" ChallengeCategory="CHALLENGE_CATEGORY_LEADER_ASHOKA_ALT" Difficulty="2" SortIndex="29520" />
		<Row ChallengeType="CHALLENGE_ASHOKA_ALT_QUEST_B_EXPLORATION" DNAChallengeID="b883fdad-6f20-46eb-b4f0-7205b93cb0ba" ChallengeClass="CHALLENGE_CLASS_LEADER" ChallengeCategory="CHALLENGE_CATEGORY_LEADER_ASHOKA_ALT" Difficulty="2" SortIndex="29520" />
		<Row ChallengeType="CHALLENGE_ASHOKA_ALT_QUEST_A_MODERN" DNAChallengeID="410b6ef3-285a-4a64-b214-4438b5fe5f2a" ChallengeClass="CHALLENGE_CLASS_LEADER" ChallengeCategory="CHALLENGE_CATEGORY_LEADER_ASHOKA_ALT" Difficulty="2" SortIndex="29525" />
		<Row ChallengeType="CHALLENGE_ASHOKA_ALT_QUEST_B_MODERN" DNAChallengeID="ad768dfd-9eea-44b0-8d98-9e92ba2cac47" ChallengeClass="CHALLENGE_CLASS_LEADER" ChallengeCategory="CHALLENGE_CATEGORY_LEADER_ASHOKA_ALT" Difficulty="2" SortIndex="29530" />
		<Row ChallengeType="CHALLENGE_ASHOKA_ALT_UNLOCKED_STRATEGYCARDS_EXPLORATION" DNAChallengeID="432963ff-825e-413a-9978-1f535b9ea8f9" ChallengeClass="CHALLENGE_CLASS_LEADER" ChallengeCategory="CHALLENGE_CATEGORY_LEADER_ASHOKA_ALT" Difficulty="1" SortIndex="29501" Hidden="true" AllowRewardWhenHidden="true" />
		<Row ChallengeType="CHALLENGE_ASHOKA_ALT_UNLOCKED_STRATEGYCARDS_MODERN" DNAChallengeID="e19af28e-34a4-4bbc-b2d6-9b334f8acd57" ChallengeClass="CHALLENGE_CLASS_LEADER" ChallengeCategory="CHALLENGE_CATEGORY_LEADER_ASHOKA_ALT" Difficulty="1" SortIndex="29502" Hidden="true" AllowRewardWhenHidden="true" />
		<Row ChallengeType="CHALLENGE_HIMIKO_ALT_MILITARY_VICTORY_ANTIQUITY" DNAChallengeID="3affc0a7-f33e-411d-aaf1-4611053958a1" DNAStatisticID="a08b4428-87c2-4113-a0c6-bc031e788548" ChallengeClass="CHALLENGE_CLASS_LEADER" ChallengeCategory="CHALLENGE_CATEGORY_LEADER_HIMIKO_ALT" Difficulty="3" SortIndex="62800" />
		<Row ChallengeType="CHALLENGE_HIMIKO_ALT_MILITARY_VICTORY_ANTIQUITY_2" DNAChallengeID="49e24bf4-46ec-49b9-8375-0868c6e5d8fa" DNAStatisticID="a08b4428-87c2-4113-a0c6-bc031e788548" ChallengeClass="CHALLENGE_CLASS_LEADER" ChallengeCategory="CHALLENGE_CATEGORY_LEADER_HIMIKO_ALT" Difficulty="3" SortIndex="62810" />
		<Row ChallengeType="CHALLENGE_HIMIKO_ALT_MILITARY_VICTORY_ANTIQUITY_3" DNAChallengeID="e04db17c-d115-4cbf-bd36-4eb48ce43f0b" DNAStatisticID="a08b4428-87c2-4113-a0c6-bc031e788548" ChallengeClass="CHALLENGE_CLASS_LEADER" ChallengeCategory="CHALLENGE_CATEGORY_LEADER_HIMIKO_ALT" Difficulty="3" SortIndex="62820" />
		<Row ChallengeType="CHALLENGE_HIMIKO_ALT_ECONOMIC_VICTORY_ANTIQUITY" DNAChallengeID="89d3cfdd-858c-46da-84c7-cba624205384" DNAStatisticID="2b7add90-832a-43e6-bb8e-f5a7b22028ec" ChallengeClass="CHALLENGE_CLASS_LEADER" ChallengeCategory="CHALLENGE_CATEGORY_LEADER_HIMIKO_ALT" Difficulty="3" SortIndex="63000" />
		<Row ChallengeType="CHALLENGE_HIMIKO_ALT_ECONOMIC_VICTORY_ANTIQUITY_2" DNAChallengeID="f08809e8-534c-404f-b48a-4a4aee935ed9" DNAStatisticID="2b7add90-832a-43e6-bb8e-f5a7b22028ec" ChallengeClass="CHALLENGE_CLASS_LEADER" ChallengeCategory="CHALLENGE_CATEGORY_LEADER_HIMIKO_ALT" Difficulty="3" SortIndex="63010" />
		<Row ChallengeType="CHALLENGE_HIMIKO_ALT_ECONOMIC_VICTORY_ANTIQUITY_3" DNAChallengeID="f4831b5a-84f8-418a-a04e-4b086b1ce720" DNAStatisticID="2b7add90-832a-43e6-bb8e-f5a7b22028ec" ChallengeClass="CHALLENGE_CLASS_LEADER" ChallengeCategory="CHALLENGE_CATEGORY_LEADER_HIMIKO_ALT" Difficulty="3" SortIndex="63020" />
		<Row ChallengeType="CHALLENGE_HIMIKO_ALT_MILITARY_VICTORY_EXPLORATION" DNAChallengeID="a50b49bf-d2ce-43c2-a706-e9bb8a00e140" DNAStatisticID="f080f80b-864b-49fb-b2d4-380d6cedd498" ChallengeClass="CHALLENGE_CLASS_LEADER" ChallengeCategory="CHALLENGE_CATEGORY_LEADER_HIMIKO_ALT" Difficulty="3" SortIndex="63300" />
		<Row ChallengeType="CHALLENGE_HIMIKO_ALT_MILITARY_VICTORY_EXPLORATION_2" DNAChallengeID="a85268de-4404-47eb-9e57-e68ca90c9d06" DNAStatisticID="f080f80b-864b-49fb-b2d4-380d6cedd498" ChallengeClass="CHALLENGE_CLASS_LEADER" ChallengeCategory="CHALLENGE_CATEGORY_LEADER_HIMIKO_ALT" Difficulty="3" SortIndex="63310" />
		<Row ChallengeType="CHALLENGE_HIMIKO_ALT_MILITARY_VICTORY_EXPLORATION_3" DNAChallengeID="4ee8d7f6-20ad-4790-8399-be6996ed4fef" DNAStatisticID="f080f80b-864b-49fb-b2d4-380d6cedd498" ChallengeClass="CHALLENGE_CLASS_LEADER" ChallengeCategory="CHALLENGE_CATEGORY_LEADER_HIMIKO_ALT" Difficulty="3" SortIndex="63320" />
		<Row ChallengeType="CHALLENGE_HIMIKO_ALT_ECONOMIC_VICTORY_EXPLORATION" DNAChallengeID="b4d099e5-8798-4df3-9064-29e02c5940fb" DNAStatisticID="bef2a9a2-1062-41db-a377-1b36d6e6b30e" ChallengeClass="CHALLENGE_CLASS_LEADER" ChallengeCategory="CHALLENGE_CATEGORY_LEADER_HIMIKO_ALT" Difficulty="3" SortIndex="63500" />
		<Row ChallengeType="CHALLENGE_HIMIKO_ALT_ECONOMIC_VICTORY_EXPLORATION_2" DNAChallengeID="c51794a2-9106-4c54-91fd-031057ee339d" DNAStatisticID="bef2a9a2-1062-41db-a377-1b36d6e6b30e" ChallengeClass="CHALLENGE_CLASS_LEADER" ChallengeCategory="CHALLENGE_CATEGORY_LEADER_HIMIKO_ALT" Difficulty="3" SortIndex="63510" />
		<Row ChallengeType="CHALLENGE_HIMIKO_ALT_ECONOMIC_VICTORY_EXPLORATION_3" DNAChallengeID="28da2963-f7a8-4c4e-91b0-ac20c5f1b0ef" DNAStatisticID="bef2a9a2-1062-41db-a377-1b36d6e6b30e" ChallengeClass="CHALLENGE_CLASS_LEADER" ChallengeCategory="CHALLENGE_CATEGORY_LEADER_HIMIKO_ALT" Difficulty="3" SortIndex="63520" />
		<Row ChallengeType="CHALLENGE_HIMIKO_ALT_MILITARY_VICTORY_MODERN" DNAChallengeID="86e15a13-b527-49ef-9c56-95133a7b0763" DNAStatisticID="74cfc722-f406-43ec-bef1-a3848a195a13" ChallengeClass="CHALLENGE_CLASS_LEADER" ChallengeCategory="CHALLENGE_CATEGORY_LEADER_HIMIKO_ALT" Difficulty="3" SortIndex="64000" />
		<Row ChallengeType="CHALLENGE_HIMIKO_ALT_MILITARY_VICTORY_MODERN_2" DNAChallengeID="7c618e0a-1ce1-4ce4-8e5e-61af495a331b" DNAStatisticID="74cfc722-f406-43ec-bef1-a3848a195a13" ChallengeClass="CHALLENGE_CLASS_LEADER" ChallengeCategory="CHALLENGE_CATEGORY_LEADER_HIMIKO_ALT" Difficulty="3" SortIndex="64010" />
		<Row ChallengeType="CHALLENGE_HIMIKO_ALT_MILITARY_VICTORY_MODERN_3" DNAChallengeID="1a883b8a-0a39-4b75-b7fd-93410a20da01" DNAStatisticID="74cfc722-f406-43ec-bef1-a3848a195a13" ChallengeClass="CHALLENGE_CLASS_LEADER" ChallengeCategory="CHALLENGE_CATEGORY_LEADER_HIMIKO_ALT" Difficulty="3" SortIndex="64020" />
		<Row ChallengeType="CHALLENGE_HIMIKO_ALT_ECONOMIC_VICTORY_MODERN" DNAChallengeID="38e5262a-9e7d-4c9d-9eeb-180d36142220" DNAStatisticID="5b043b6e-311d-4c55-a6e6-39ce6f43c0da" ChallengeClass="CHALLENGE_CLASS_LEADER" ChallengeCategory="CHALLENGE_CATEGORY_LEADER_HIMIKO_ALT" Difficulty="3" SortIndex="63900" />
		<Row ChallengeType="CHALLENGE_HIMIKO_ALT_ECONOMIC_VICTORY_MODERN_2" DNAChallengeID="f50e4675-1820-4277-bc0b-34bea0d1b64d" DNAStatisticID="5b043b6e-311d-4c55-a6e6-39ce6f43c0da" ChallengeClass="CHALLENGE_CLASS_LEADER" ChallengeCategory="CHALLENGE_CATEGORY_LEADER_HIMIKO_ALT" Difficulty="3" SortIndex="63910" />
		<Row ChallengeType="CHALLENGE_HIMIKO_ALT_ECONOMIC_VICTORY_MODERN_3" DNAChallengeID="5375fb3c-1b62-4a3c-89ff-1e6ef080f311" DNAStatisticID="5b043b6e-311d-4c55-a6e6-39ce6f43c0da" ChallengeClass="CHALLENGE_CLASS_LEADER" ChallengeCategory="CHALLENGE_CATEGORY_LEADER_HIMIKO_ALT" Difficulty="3" SortIndex="63920" />
		<Row ChallengeType="CHALLENGE_HIMIKO_ALT_AGE_COMPLETED_ANTIQUITY" DNAChallengeID="3f80697c-3e05-4bdb-8e4d-d9e7a0d2ec0e" DNAStatisticID="eb74f835-a8f0-4a74-a421-427270a18294" ChallengeClass="CHALLENGE_CLASS_LEADER" ChallengeCategory="CHALLENGE_CATEGORY_LEADER_HIMIKO_ALT" Difficulty="2" SortIndex="62600" />
		<Row ChallengeType="CHALLENGE_HIMIKO_ALT_AGE_COMPLETED_ANTIQUITY_2" DNAChallengeID="2049cca7-50a1-45b4-9723-ff89ef9853d0" DNAStatisticID="eb74f835-a8f0-4a74-a421-427270a18294" ChallengeClass="CHALLENGE_CLASS_LEADER" ChallengeCategory="CHALLENGE_CATEGORY_LEADER_HIMIKO_ALT" Difficulty="2" SortIndex="62610" />
		<Row ChallengeType="CHALLENGE_HIMIKO_ALT_AGE_COMPLETED_ANTIQUITY_3" DNAChallengeID="5674dfd1-3330-440f-9c01-03fc431530dd" DNAStatisticID="eb74f835-a8f0-4a74-a421-427270a18294" ChallengeClass="CHALLENGE_CLASS_LEADER" ChallengeCategory="CHALLENGE_CATEGORY_LEADER_HIMIKO_ALT" Difficulty="2" SortIndex="62620" />
		<Row ChallengeType="CHALLENGE_HIMIKO_ALT_AGE_COMPLETED_EXPLORATION" DNAChallengeID="19cc61bd-490b-4370-8745-49b684264a79" DNAStatisticID="8fd299ba-934b-45d3-8cd7-1fbee75865ac" ChallengeClass="CHALLENGE_CLASS_LEADER" ChallengeCategory="CHALLENGE_CATEGORY_LEADER_HIMIKO_ALT" Difficulty="3" SortIndex="63600" />
		<Row ChallengeType="CHALLENGE_HIMIKO_ALT_AGE_COMPLETED_EXPLORATION_2" DNAChallengeID="ea4c17c3-ad0c-4a6c-b27d-bb4d8fb8c3f2" DNAStatisticID="8fd299ba-934b-45d3-8cd7-1fbee75865ac" ChallengeClass="CHALLENGE_CLASS_LEADER" ChallengeCategory="CHALLENGE_CATEGORY_LEADER_HIMIKO_ALT" Difficulty="3" SortIndex="63610" />
		<Row ChallengeType="CHALLENGE_HIMIKO_ALT_AGE_COMPLETED_EXPLORATION_3" DNAChallengeID="0e499a8f-27f3-4fb0-8f1c-55119213219a" DNAStatisticID="8fd299ba-934b-45d3-8cd7-1fbee75865ac" ChallengeClass="CHALLENGE_CLASS_LEADER" ChallengeCategory="CHALLENGE_CATEGORY_LEADER_HIMIKO_ALT" Difficulty="3" SortIndex="63620" />
		<Row ChallengeType="CHALLENGE_HIMIKO_ALT_AGE_COMPLETED_MODERN" DNAChallengeID="ece24f50-b38a-45df-b01f-e41557d1f7aa" DNAStatisticID="18b0e6e7-b7de-47b8-8543-824ca485ba25" ChallengeClass="CHALLENGE_CLASS_LEADER" ChallengeCategory="CHALLENGE_CATEGORY_LEADER_HIMIKO_ALT" Difficulty="2" SortIndex="63800" />
		<Row ChallengeType="CHALLENGE_HIMIKO_ALT_AGE_COMPLETED_MODERN_2" DNAChallengeID="dbc7037c-0760-43d9-9525-3e2226860f0f" DNAStatisticID="18b0e6e7-b7de-47b8-8543-824ca485ba25" ChallengeClass="CHALLENGE_CLASS_LEADER" ChallengeCategory="CHALLENGE_CATEGORY_LEADER_HIMIKO_ALT" Difficulty="2" SortIndex="63810" />
		<Row ChallengeType="CHALLENGE_HIMIKO_ALT_AGE_COMPLETED_MODERN_3" DNAChallengeID="95f30c9e-c75d-4a02-be03-935857ee5c0d" DNAStatisticID="18b0e6e7-b7de-47b8-8543-824ca485ba25" ChallengeClass="CHALLENGE_CLASS_LEADER" ChallengeCategory="CHALLENGE_CATEGORY_LEADER_HIMIKO_ALT" Difficulty="2" SortIndex="63820" />
		<Row ChallengeType="CHALLENGE_HIMIKO_ALT_PLAY_GAMES_1" DNAChallengeID="21f225ea-107d-4109-a63d-d1071d42348e" DNAStatisticID="061d3ce0-5045-4d2a-9d3a-cec63585692b" ChallengeClass="CHALLENGE_CLASS_LEADER" ChallengeCategory="CHALLENGE_CATEGORY_LEADER_HIMIKO_ALT" Difficulty="1" SortIndex="64400" />
		<Row ChallengeType="CHALLENGE_HIMIKO_ALT_PLAY_GAMES_2" DNAChallengeID="5503d47d-1c3a-486e-a9a1-7798cab2585e" DNAStatisticID="061d3ce0-5045-4d2a-9d3a-cec63585692b" ChallengeClass="CHALLENGE_CLASS_LEADER" ChallengeCategory="CHALLENGE_CATEGORY_LEADER_HIMIKO_ALT" Difficulty="1" SortIndex="64500" />
		<Row ChallengeType="CHALLENGE_HIMIKO_ALT_PLAY_GAMES_3" DNAChallengeID="2816fe93-ed70-475c-9e70-0b6dfc755300" DNAStatisticID="061d3ce0-5045-4d2a-9d3a-cec63585692b" ChallengeClass="CHALLENGE_CLASS_LEADER" ChallengeCategory="CHALLENGE_CATEGORY_LEADER_HIMIKO_ALT" Difficulty="1" SortIndex="64600" />
		<Row ChallengeType="CHALLENGE_HIMIKO_ALT_SCIENCE_VICTORY_ANTIQUITY" DNAChallengeID="0a47edef-0f33-4234-b383-abedb03b1711" DNAStatisticID="856f8860-5e96-46e5-86d9-09da526a68eb" ChallengeClass="CHALLENGE_CLASS_LEADER" ChallengeCategory="CHALLENGE_CATEGORY_LEADER_HIMIKO_ALT" Difficulty="3" SortIndex="62900" />
		<Row ChallengeType="CHALLENGE_HIMIKO_ALT_SCIENCE_VICTORY_ANTIQUITY_2" DNAChallengeID="3fd6c47f-7e79-45e2-baa9-eee1e016bdde" DNAStatisticID="856f8860-5e96-46e5-86d9-09da526a68eb" ChallengeClass="CHALLENGE_CLASS_LEADER" ChallengeCategory="CHALLENGE_CATEGORY_LEADER_HIMIKO_ALT" Difficulty="3" SortIndex="62910" />
		<Row ChallengeType="CHALLENGE_HIMIKO_ALT_SCIENCE_VICTORY_ANTIQUITY_3" DNAChallengeID="a5561bc8-338c-499a-ad49-5efb6b987073" DNAStatisticID="856f8860-5e96-46e5-86d9-09da526a68eb" ChallengeClass="CHALLENGE_CLASS_LEADER" ChallengeCategory="CHALLENGE_CATEGORY_LEADER_HIMIKO_ALT" Difficulty="3" SortIndex="62920" />
		<Row ChallengeType="CHALLENGE_HIMIKO_ALT_SCIENCE_VICTORY_EXPLORATION" DNAChallengeID="3f3c53b6-cbd9-4c0a-9d0e-02493c6b4247" DNAStatisticID="8f8a6cc6-9a8b-4eb1-8efd-ad6f34949a75" ChallengeClass="CHALLENGE_CLASS_LEADER" ChallengeCategory="CHALLENGE_CATEGORY_LEADER_HIMIKO_ALT" Difficulty="3" SortIndex="63600" />
		<Row ChallengeType="CHALLENGE_HIMIKO_ALT_SCIENCE_VICTORY_EXPLORATION_2" DNAChallengeID="ccdb3646-36d9-413e-8a7f-940c39119149" DNAStatisticID="8f8a6cc6-9a8b-4eb1-8efd-ad6f34949a75" ChallengeClass="CHALLENGE_CLASS_LEADER" ChallengeCategory="CHALLENGE_CATEGORY_LEADER_HIMIKO_ALT" Difficulty="3" SortIndex="63610" />
		<Row ChallengeType="CHALLENGE_HIMIKO_ALT_SCIENCE_VICTORY_EXPLORATION_3" DNAChallengeID="ecf6dea3-5ba6-4194-ba1a-b2a36b2b43a2" DNAStatisticID="8f8a6cc6-9a8b-4eb1-8efd-ad6f34949a75" ChallengeClass="CHALLENGE_CLASS_LEADER" ChallengeCategory="CHALLENGE_CATEGORY_LEADER_HIMIKO_ALT" Difficulty="3" SortIndex="63620" />
		<Row ChallengeType="CHALLENGE_HIMIKO_ALT_SCIENCE_VICTORY_MODERN" DNAChallengeID="c08573fe-e99d-45fc-a363-c7d4ee518bc0" DNAStatisticID="c935e5ac-d042-4b48-9ed5-db508d1c850f" ChallengeClass="CHALLENGE_CLASS_LEADER" ChallengeCategory="CHALLENGE_CATEGORY_LEADER_HIMIKO_ALT" Difficulty="3" SortIndex="64100" />
		<Row ChallengeType="CHALLENGE_HIMIKO_ALT_SCIENCE_VICTORY_MODERN_2" DNAChallengeID="a2dd3ec0-eb55-40f3-9026-757de6cb01de" DNAStatisticID="c935e5ac-d042-4b48-9ed5-db508d1c850f" ChallengeClass="CHALLENGE_CLASS_LEADER" ChallengeCategory="CHALLENGE_CATEGORY_LEADER_HIMIKO_ALT" Difficulty="3" SortIndex="64110" />
		<Row ChallengeType="CHALLENGE_HIMIKO_ALT_SCIENCE_VICTORY_MODERN_3" DNAChallengeID="63c87d57-55eb-4dc7-89f9-ae0f6c21adf5" DNAStatisticID="c935e5ac-d042-4b48-9ed5-db508d1c850f" ChallengeClass="CHALLENGE_CLASS_LEADER" ChallengeCategory="CHALLENGE_CATEGORY_LEADER_HIMIKO_ALT" Difficulty="3" SortIndex="64120" />
		<Row ChallengeType="CHALLENGE_HIMIKO_ALT_CULTURE_VICTORY_ANTIQUITY" DNAChallengeID="bf5b836b-7bfe-497e-934a-29273f6c0ff5" DNAStatisticID="3eb60f1a-5914-4c22-a0f4-28d98fbada54" ChallengeClass="CHALLENGE_CLASS_LEADER" ChallengeCategory="CHALLENGE_CATEGORY_LEADER_HIMIKO_ALT" Difficulty="3" SortIndex="62700" />
		<Row ChallengeType="CHALLENGE_HIMIKO_ALT_CULTURE_VICTORY_ANTIQUITY_2" DNAChallengeID="18452903-5151-40ac-a943-10f24ac8e30c" DNAStatisticID="3eb60f1a-5914-4c22-a0f4-28d98fbada54" ChallengeClass="CHALLENGE_CLASS_LEADER" ChallengeCategory="CHALLENGE_CATEGORY_LEADER_HIMIKO_ALT" Difficulty="3" SortIndex="62710" />
		<Row ChallengeType="CHALLENGE_HIMIKO_ALT_CULTURE_VICTORY_ANTIQUITY_3" DNAChallengeID="f3eaa8ef-a221-41de-8b9b-7ca21f83c644" DNAStatisticID="3eb60f1a-5914-4c22-a0f4-28d98fbada54" ChallengeClass="CHALLENGE_CLASS_LEADER" ChallengeCategory="CHALLENGE_CATEGORY_LEADER_HIMIKO_ALT" Difficulty="3" SortIndex="62720" />
		<Row ChallengeType="CHALLENGE_HIMIKO_ALT_CULTURE_VICTORY_EXPLORATION" DNAChallengeID="5f341ae7-8f38-47b8-ab3c-c19bc5efd148" DNAStatisticID="d7f45447-693f-4128-a39a-d1684a06524f" ChallengeClass="CHALLENGE_CLASS_LEADER" ChallengeCategory="CHALLENGE_CATEGORY_LEADER_HIMIKO_ALT" Difficulty="3" SortIndex="63200" />
		<Row ChallengeType="CHALLENGE_HIMIKO_ALT_CULTURE_VICTORY_EXPLORATION_2" DNAChallengeID="f4802aaa-990f-48cb-835a-5498a4d12423" DNAStatisticID="d7f45447-693f-4128-a39a-d1684a06524f" ChallengeClass="CHALLENGE_CLASS_LEADER" ChallengeCategory="CHALLENGE_CATEGORY_LEADER_HIMIKO_ALT" Difficulty="3" SortIndex="63210" />
		<Row ChallengeType="CHALLENGE_HIMIKO_ALT_CULTURE_VICTORY_EXPLORATION_3" DNAChallengeID="5504f1b6-baa6-4034-9dc1-2c419aff7a6d" DNAStatisticID="d7f45447-693f-4128-a39a-d1684a06524f" ChallengeClass="CHALLENGE_CLASS_LEADER" ChallengeCategory="CHALLENGE_CATEGORY_LEADER_HIMIKO_ALT" Difficulty="3" SortIndex="63220" />
		<Row ChallengeType="CHALLENGE_HIMIKO_ALT_CULTURE_VICTORY_MODERN" DNAChallengeID="f9faaa1f-8b3c-48e9-97ba-763dd7808016" DNAStatisticID="d4115fb2-797a-4846-9131-0c0f94a6754b" ChallengeClass="CHALLENGE_CLASS_LEADER" ChallengeCategory="CHALLENGE_CATEGORY_LEADER_HIMIKO_ALT" Difficulty="3" SortIndex="64200" />
		<Row ChallengeType="CHALLENGE_HIMIKO_ALT_CULTURE_VICTORY_MODERN_2" DNAChallengeID="31f3ac38-d53d-4b4b-9f54-2c066d0fce13" DNAStatisticID="d4115fb2-797a-4846-9131-0c0f94a6754b" ChallengeClass="CHALLENGE_CLASS_LEADER" ChallengeCategory="CHALLENGE_CATEGORY_LEADER_HIMIKO_ALT" Difficulty="3" SortIndex="64210" />
		<Row ChallengeType="CHALLENGE_HIMIKO_ALT_CULTURE_VICTORY_MODERN_3" DNAChallengeID="8e367056-ee19-4567-81db-9d12119b0dc2" DNAStatisticID="d4115fb2-797a-4846-9131-0c0f94a6754b" ChallengeClass="CHALLENGE_CLASS_LEADER" ChallengeCategory="CHALLENGE_CATEGORY_LEADER_HIMIKO_ALT" Difficulty="3" SortIndex="64220" />
		<Row ChallengeType="CHALLENGE_HIMIKO_ALT_FLAWLESS_VICTORY_ANTIQUITY" DNAChallengeID="145c6178-d2b8-43ad-ab5d-3c2c790a5a52" ChallengeClass="CHALLENGE_CLASS_LEADER" ChallengeCategory="CHALLENGE_CATEGORY_LEADER_HIMIKO_ALT" Difficulty="4" SortIndex="63100" />
		<Row ChallengeType="CHALLENGE_HIMIKO_ALT_FLAWLESS_VICTORY_EXPLORATION" DNAChallengeID="5518113c-6944-4f97-9f8a-66979080afeb" ChallengeClass="CHALLENGE_CLASS_LEADER" ChallengeCategory="CHALLENGE_CATEGORY_LEADER_HIMIKO_ALT" Difficulty="4" SortIndex="63700" />
		<Row ChallengeType="CHALLENGE_HIMIKO_ALT_FLAWLESS_VICTORY_MODERN" DNAChallengeID="aa4b3706-be3f-4da5-a4f4-17cc8367b57b" ChallengeClass="CHALLENGE_CLASS_LEADER" ChallengeCategory="CHALLENGE_CATEGORY_LEADER_HIMIKO_ALT" Difficulty="4" SortIndex="64300" />
		<Row ChallengeType="CHALLENGE_HIMIKO_ALT_QUEST_A_ANTIQUITY" DNAChallengeID="3aa38b47-58fb-403f-a7fb-beb0186704b1" ChallengeClass="CHALLENGE_CLASS_LEADER" ChallengeCategory="CHALLENGE_CATEGORY_LEADER_HIMIKO_ALT" Difficulty="2" SortIndex="65000" />
		<Row ChallengeType="CHALLENGE_HIMIKO_ALT_QUEST_B_ANTIQUITY" DNAChallengeID="2b19612f-c545-4429-822a-b99c134c9191" ChallengeClass="CHALLENGE_CLASS_LEADER" ChallengeCategory="CHALLENGE_CATEGORY_LEADER_HIMIKO_ALT" Difficulty="2" SortIndex="65005" />
		<Row ChallengeType="CHALLENGE_HIMIKO_ALT_QUEST_A_EXPLORATION" DNAChallengeID="f78234e3-0dd6-4dba-a07d-9cc20fdf322a" ChallengeClass="CHALLENGE_CLASS_LEADER" ChallengeCategory="CHALLENGE_CATEGORY_LEADER_HIMIKO_ALT" Difficulty="2" SortIndex="65010" />
		<Row ChallengeType="CHALLENGE_HIMIKO_ALT_QUEST_B_EXPLORATION" DNAChallengeID="8480d9fd-3b1e-469f-8f46-75ef9665eee0" ChallengeClass="CHALLENGE_CLASS_LEADER" ChallengeCategory="CHALLENGE_CATEGORY_LEADER_HIMIKO_ALT" Difficulty="2" SortIndex="65015" />
		<Row ChallengeType="CHALLENGE_HIMIKO_ALT_QUEST_A_MODERN" DNAChallengeID="8dc22a68-2cf9-485e-bdc4-c24b25dc4c32" ChallengeClass="CHALLENGE_CLASS_LEADER" ChallengeCategory="CHALLENGE_CATEGORY_LEADER_HIMIKO_ALT" Difficulty="2" SortIndex="65020" />
		<Row ChallengeType="CHALLENGE_HIMIKO_ALT_QUEST_B_MODERN" DNAChallengeID="bab2d2d8-c351-40f4-96be-5993ea7bb702" ChallengeClass="CHALLENGE_CLASS_LEADER" ChallengeCategory="CHALLENGE_CATEGORY_LEADER_HIMIKO_ALT" Difficulty="2" SortIndex="65025" />
		<Row ChallengeType="CHALLENGE_HIMIKO_ALT_UNLOCKED_STRATEGYCARDS_EXPLORATION" DNAChallengeID="c6be185a-54f2-4e63-bde7-c15aa10f178b" ChallengeClass="CHALLENGE_CLASS_LEADER" ChallengeCategory="CHALLENGE_CATEGORY_LEADER_HIMIKO_ALT" Difficulty="1" SortIndex="64301" Hidden="true" AllowRewardWhenHidden="true" />
		<Row ChallengeType="CHALLENGE_HIMIKO_ALT_UNLOCKED_STRATEGYCARDS_MODERN" DNAChallengeID="2f30fb69-d2c3-4239-bc0d-e9d06d45c058" ChallengeClass="CHALLENGE_CLASS_LEADER" ChallengeCategory="CHALLENGE_CATEGORY_LEADER_HIMIKO_ALT" Difficulty="1" SortIndex="64302" Hidden="true" AllowRewardWhenHidden="true" />
	</Challenges>
<ChallengesRewards>
		<Row ChallengeType="CHALLENGE_ASHOKA_ALT_MILITARY_VICTORY_ANTIQUITY" RewardType="XP" Reward="50" />
		<Row ChallengeType="CHALLENGE_ASHOKA_ALT_MILITARY_VICTORY_ANTIQUITY_2" RewardType="XP" Reward="25" />
		<Row ChallengeType="CHALLENGE_ASHOKA_ALT_MILITARY_VICTORY_ANTIQUITY_3" RewardType="XP" Reward="25" />
		<Row ChallengeType="CHALLENGE_ASHOKA_ALT_ECONOMIC_VICTORY_ANTIQUITY" RewardType="XP" Reward="50" />
		<Row ChallengeType="CHALLENGE_ASHOKA_ALT_ECONOMIC_VICTORY_ANTIQUITY_2" RewardType="XP" Reward="25" />
		<Row ChallengeType="CHALLENGE_ASHOKA_ALT_ECONOMIC_VICTORY_ANTIQUITY_3" RewardType="XP" Reward="25" />
		<Row ChallengeType="CHALLENGE_ASHOKA_ALT_MILITARY_VICTORY_EXPLORATION" RewardType="XP" Reward="50" />
		<Row ChallengeType="CHALLENGE_ASHOKA_ALT_MILITARY_VICTORY_EXPLORATION_2" RewardType="XP" Reward="25" />
		<Row ChallengeType="CHALLENGE_ASHOKA_ALT_MILITARY_VICTORY_EXPLORATION_3" RewardType="XP" Reward="25" />
		<Row ChallengeType="CHALLENGE_ASHOKA_ALT_ECONOMIC_VICTORY_EXPLORATION" RewardType="XP" Reward="50" />
		<Row ChallengeType="CHALLENGE_ASHOKA_ALT_ECONOMIC_VICTORY_EXPLORATION_2" RewardType="XP" Reward="25" />
		<Row ChallengeType="CHALLENGE_ASHOKA_ALT_ECONOMIC_VICTORY_EXPLORATION_3" RewardType="XP" Reward="25" />
		<Row ChallengeType="CHALLENGE_ASHOKA_ALT_MILITARY_VICTORY_MODERN" RewardType="XP" Reward="50" />
		<Row ChallengeType="CHALLENGE_ASHOKA_ALT_MILITARY_VICTORY_MODERN_2" RewardType="XP" Reward="25" />
		<Row ChallengeType="CHALLENGE_ASHOKA_ALT_MILITARY_VICTORY_MODERN_3" RewardType="XP" Reward="25" />
		<Row ChallengeType="CHALLENGE_ASHOKA_ALT_ECONOMIC_VICTORY_MODERN" RewardType="XP" Reward="50" />
		<Row ChallengeType="CHALLENGE_ASHOKA_ALT_ECONOMIC_VICTORY_MODERN_2" RewardType="XP" Reward="25" />
		<Row ChallengeType="CHALLENGE_ASHOKA_ALT_ECONOMIC_VICTORY_MODERN_3" RewardType="XP" Reward="25" />
		<Row ChallengeType="CHALLENGE_ASHOKA_ALT_AGE_COMPLETED_ANTIQUITY" RewardType="XP" Reward="25" />
		<Row ChallengeType="CHALLENGE_ASHOKA_ALT_AGE_COMPLETED_ANTIQUITY_2" RewardType="XP" Reward="25" />
		<Row ChallengeType="CHALLENGE_ASHOKA_ALT_AGE_COMPLETED_ANTIQUITY_3" RewardType="XP" Reward="25" />
		<Row ChallengeType="CHALLENGE_ASHOKA_ALT_AGE_COMPLETED_EXPLORATION" RewardType="XP" Reward="50" />
		<Row ChallengeType="CHALLENGE_ASHOKA_ALT_AGE_COMPLETED_EXPLORATION_2" RewardType="XP" Reward="25" />
		<Row ChallengeType="CHALLENGE_ASHOKA_ALT_AGE_COMPLETED_EXPLORATION_3" RewardType="XP" Reward="25" />
		<Row ChallengeType="CHALLENGE_ASHOKA_ALT_AGE_COMPLETED_MODERN" RewardType="XP" Reward="25" />
		<Row ChallengeType="CHALLENGE_ASHOKA_ALT_AGE_COMPLETED_MODERN_2" RewardType="XP" Reward="25" />
		<Row ChallengeType="CHALLENGE_ASHOKA_ALT_AGE_COMPLETED_MODERN_3" RewardType="XP" Reward="25" />
		<Row ChallengeType="CHALLENGE_ASHOKA_ALT_PLAY_GAMES_1" RewardType="XP" Reward="25" />
		<Row ChallengeType="CHALLENGE_ASHOKA_ALT_PLAY_GAMES_2" RewardType="XP" Reward="25" />
		<Row ChallengeType="CHALLENGE_ASHOKA_ALT_PLAY_GAMES_3" RewardType="XP" Reward="25" />
		<Row ChallengeType="CHALLENGE_ASHOKA_ALT_SCIENCE_VICTORY_ANTIQUITY" RewardType="XP" Reward="50" />
		<Row ChallengeType="CHALLENGE_ASHOKA_ALT_SCIENCE_VICTORY_ANTIQUITY_2" RewardType="XP" Reward="25" />
		<Row ChallengeType="CHALLENGE_ASHOKA_ALT_SCIENCE_VICTORY_ANTIQUITY_3" RewardType="XP" Reward="25" />
		<Row ChallengeType="CHALLENGE_ASHOKA_ALT_SCIENCE_VICTORY_EXPLORATION" RewardType="XP" Reward="50" />
		<Row ChallengeType="CHALLENGE_ASHOKA_ALT_SCIENCE_VICTORY_EXPLORATION_2" RewardType="XP" Reward="25" />
		<Row ChallengeType="CHALLENGE_ASHOKA_ALT_SCIENCE_VICTORY_EXPLORATION_3" RewardType="XP" Reward="25" />
		<Row ChallengeType="CHALLENGE_ASHOKA_ALT_SCIENCE_VICTORY_MODERN" RewardType="XP" Reward="50" />
		<Row ChallengeType="CHALLENGE_ASHOKA_ALT_SCIENCE_VICTORY_MODERN_2" RewardType="XP" Reward="25" />
		<Row ChallengeType="CHALLENGE_ASHOKA_ALT_SCIENCE_VICTORY_MODERN_3" RewardType="XP" Reward="25" />
		<Row ChallengeType="CHALLENGE_ASHOKA_ALT_CULTURE_VICTORY_ANTIQUITY" RewardType="XP" Reward="50" />
		<Row ChallengeType="CHALLENGE_ASHOKA_ALT_CULTURE_VICTORY_ANTIQUITY_2" RewardType="XP" Reward="25" />
		<Row ChallengeType="CHALLENGE_ASHOKA_ALT_CULTURE_VICTORY_ANTIQUITY_3" RewardType="XP" Reward="25" />
		<Row ChallengeType="CHALLENGE_ASHOKA_ALT_CULTURE_VICTORY_EXPLORATION" RewardType="XP" Reward="50" />
		<Row ChallengeType="CHALLENGE_ASHOKA_ALT_CULTURE_VICTORY_EXPLORATION_2" RewardType="XP" Reward="25" />
		<Row ChallengeType="CHALLENGE_ASHOKA_ALT_CULTURE_VICTORY_EXPLORATION_3" RewardType="XP" Reward="25" />
		<Row ChallengeType="CHALLENGE_ASHOKA_ALT_CULTURE_VICTORY_MODERN" RewardType="XP" Reward="50" />
		<Row ChallengeType="CHALLENGE_ASHOKA_ALT_CULTURE_VICTORY_MODERN_2" RewardType="XP" Reward="25" />
		<Row ChallengeType="CHALLENGE_ASHOKA_ALT_CULTURE_VICTORY_MODERN_3" RewardType="XP" Reward="25" />
		<Row ChallengeType="CHALLENGE_ASHOKA_ALT_FLAWLESS_VICTORY_ANTIQUITY" RewardType="XP" Reward="50" />
		<Row ChallengeType="CHALLENGE_ASHOKA_ALT_FLAWLESS_VICTORY_EXPLORATION" RewardType="XP" Reward="50" />
		<Row ChallengeType="CHALLENGE_ASHOKA_ALT_FLAWLESS_VICTORY_MODERN" RewardType="XP" Reward="50" />
		<Row ChallengeType="CHALLENGE_ASHOKA_ALT_QUEST_A_ANTIQUITY" RewardType="XP" Reward="50" />
		<Row ChallengeType="CHALLENGE_ASHOKA_ALT_QUEST_B_ANTIQUITY" RewardType="XP" Reward="50" />
		<Row ChallengeType="CHALLENGE_ASHOKA_ALT_QUEST_A_EXPLORATION" RewardType="XP" Reward="50" />
		<Row ChallengeType="CHALLENGE_ASHOKA_ALT_QUEST_B_EXPLORATION" RewardType="XP" Reward="50" />
		<Row ChallengeType="CHALLENGE_ASHOKA_ALT_QUEST_A_MODERN" RewardType="XP" Reward="50" />
		<Row ChallengeType="CHALLENGE_ASHOKA_ALT_QUEST_B_MODERN" RewardType="XP" Reward="50" />
		<Row ChallengeType="CHALLENGE_ASHOKA_ALT_UNLOCKED_STRATEGYCARDS_EXPLORATION" RewardType="UnlockableReward" Reward="STRATEGYCARD_AS_ASHOKA_CONQUEROR_EXPLORATION_1" />
		<Row ChallengeType="CHALLENGE_ASHOKA_ALT_UNLOCKED_STRATEGYCARDS_EXPLORATION" RewardType="UnlockableReward" Reward="STRATEGYCARD_AS_ASHOKA_CONQUEROR_EXPLORATION_2" />
		<Row ChallengeType="CHALLENGE_ASHOKA_ALT_UNLOCKED_STRATEGYCARDS_MODERN" RewardType="UnlockableReward" Reward="STRATEGYCARD_AS_ASHOKA_CONQUEROR_MODERN_1" />
		<Row ChallengeType="CHALLENGE_ASHOKA_ALT_UNLOCKED_STRATEGYCARDS_MODERN" RewardType="UnlockableReward" Reward="STRATEGYCARD_AS_ASHOKA_CONQUEROR_MODERN_2" />
		<Row ChallengeType="CHALLENGE_HIMIKO_ALT_MILITARY_VICTORY_ANTIQUITY" RewardType="XP" Reward="50" />
		<Row ChallengeType="CHALLENGE_HIMIKO_ALT_MILITARY_VICTORY_ANTIQUITY_2" RewardType="XP" Reward="25" />
		<Row ChallengeType="CHALLENGE_HIMIKO_ALT_MILITARY_VICTORY_ANTIQUITY_3" RewardType="XP" Reward="25" />
		<Row ChallengeType="CHALLENGE_HIMIKO_ALT_ECONOMIC_VICTORY_ANTIQUITY" RewardType="XP" Reward="50" />
		<Row ChallengeType="CHALLENGE_HIMIKO_ALT_ECONOMIC_VICTORY_ANTIQUITY_2" RewardType="XP" Reward="25" />
		<Row ChallengeType="CHALLENGE_HIMIKO_ALT_ECONOMIC_VICTORY_ANTIQUITY_3" RewardType="XP" Reward="25" />
		<Row ChallengeType="CHALLENGE_HIMIKO_ALT_MILITARY_VICTORY_EXPLORATION" RewardType="XP" Reward="50" />
		<Row ChallengeType="CHALLENGE_HIMIKO_ALT_MILITARY_VICTORY_EXPLORATION_2" RewardType="XP" Reward="25" />
		<Row ChallengeType="CHALLENGE_HIMIKO_ALT_MILITARY_VICTORY_EXPLORATION_3" RewardType="XP" Reward="25" />
		<Row ChallengeType="CHALLENGE_HIMIKO_ALT_ECONOMIC_VICTORY_EXPLORATION" RewardType="XP" Reward="50" />
		<Row ChallengeType="CHALLENGE_HIMIKO_ALT_ECONOMIC_VICTORY_EXPLORATION_2" RewardType="XP" Reward="25" />
		<Row ChallengeType="CHALLENGE_HIMIKO_ALT_ECONOMIC_VICTORY_EXPLORATION_3" RewardType="XP" Reward="25" />
		<Row ChallengeType="CHALLENGE_HIMIKO_ALT_MILITARY_VICTORY_MODERN" RewardType="XP" Reward="50" />
		<Row ChallengeType="CHALLENGE_HIMIKO_ALT_MILITARY_VICTORY_MODERN_2" RewardType="XP" Reward="25" />
		<Row ChallengeType="CHALLENGE_HIMIKO_ALT_MILITARY_VICTORY_MODERN_3" RewardType="XP" Reward="25" />
		<Row ChallengeType="CHALLENGE_HIMIKO_ALT_ECONOMIC_VICTORY_MODERN" RewardType="XP" Reward="50" />
		<Row ChallengeType="CHALLENGE_HIMIKO_ALT_ECONOMIC_VICTORY_MODERN_2" RewardType="XP" Reward="25" />
		<Row ChallengeType="CHALLENGE_HIMIKO_ALT_ECONOMIC_VICTORY_MODERN_3" RewardType="XP" Reward="25" />
		<Row ChallengeType="CHALLENGE_HIMIKO_ALT_AGE_COMPLETED_ANTIQUITY" RewardType="XP" Reward="25" />
		<Row ChallengeType="CHALLENGE_HIMIKO_ALT_AGE_COMPLETED_ANTIQUITY_2" RewardType="XP" Reward="25" />
		<Row ChallengeType="CHALLENGE_HIMIKO_ALT_AGE_COMPLETED_ANTIQUITY_3" RewardType="XP" Reward="25" />
		<Row ChallengeType="CHALLENGE_HIMIKO_ALT_AGE_COMPLETED_EXPLORATION" RewardType="XP" Reward="25" />
		<Row ChallengeType="CHALLENGE_HIMIKO_ALT_AGE_COMPLETED_EXPLORATION_2" RewardType="XP" Reward="25" />
		<Row ChallengeType="CHALLENGE_HIMIKO_ALT_AGE_COMPLETED_EXPLORATION_3" RewardType="XP" Reward="25" />
		<Row ChallengeType="CHALLENGE_HIMIKO_ALT_AGE_COMPLETED_MODERN" RewardType="XP" Reward="25" />
		<Row ChallengeType="CHALLENGE_HIMIKO_ALT_AGE_COMPLETED_MODERN_2" RewardType="XP" Reward="25" />
		<Row ChallengeType="CHALLENGE_HIMIKO_ALT_AGE_COMPLETED_MODERN_3" RewardType="XP" Reward="25" />
		<Row ChallengeType="CHALLENGE_HIMIKO_ALT_PLAY_GAMES_1" RewardType="XP" Reward="25" />
		<Row ChallengeType="CHALLENGE_HIMIKO_ALT_PLAY_GAMES_2" RewardType="XP" Reward="25" />
		<Row ChallengeType="CHALLENGE_HIMIKO_ALT_PLAY_GAMES_3" RewardType="XP" Reward="25" />
		<Row ChallengeType="CHALLENGE_HIMIKO_ALT_SCIENCE_VICTORY_ANTIQUITY" RewardType="XP" Reward="50" />
		<Row ChallengeType="CHALLENGE_HIMIKO_ALT_SCIENCE_VICTORY_ANTIQUITY_2" RewardType="XP" Reward="25" />
		<Row ChallengeType="CHALLENGE_HIMIKO_ALT_SCIENCE_VICTORY_ANTIQUITY_3" RewardType="XP" Reward="25" />
		<Row ChallengeType="CHALLENGE_HIMIKO_ALT_SCIENCE_VICTORY_EXPLORATION" RewardType="XP" Reward="50" />
		<Row ChallengeType="CHALLENGE_HIMIKO_ALT_SCIENCE_VICTORY_EXPLORATION_2" RewardType="XP" Reward="25" />
		<Row ChallengeType="CHALLENGE_HIMIKO_ALT_SCIENCE_VICTORY_EXPLORATION_3" RewardType="XP" Reward="25" />
		<Row ChallengeType="CHALLENGE_HIMIKO_ALT_SCIENCE_VICTORY_MODERN" RewardType="XP" Reward="50" />
		<Row ChallengeType="CHALLENGE_HIMIKO_ALT_SCIENCE_VICTORY_MODERN_2" RewardType="XP" Reward="25" />
		<Row ChallengeType="CHALLENGE_HIMIKO_ALT_SCIENCE_VICTORY_MODERN_3" RewardType="XP" Reward="25" />
		<Row ChallengeType="CHALLENGE_HIMIKO_ALT_CULTURE_VICTORY_ANTIQUITY" RewardType="XP" Reward="50" />
		<Row ChallengeType="CHALLENGE_HIMIKO_ALT_CULTURE_VICTORY_ANTIQUITY_2" RewardType="XP" Reward="25" />
		<Row ChallengeType="CHALLENGE_HIMIKO_ALT_CULTURE_VICTORY_ANTIQUITY_3" RewardType="XP" Reward="25" />
		<Row ChallengeType="CHALLENGE_HIMIKO_ALT_CULTURE_VICTORY_EXPLORATION" RewardType="XP" Reward="50" />
		<Row ChallengeType="CHALLENGE_HIMIKO_ALT_CULTURE_VICTORY_EXPLORATION_2" RewardType="XP" Reward="25" />
		<Row ChallengeType="CHALLENGE_HIMIKO_ALT_CULTURE_VICTORY_EXPLORATION_3" RewardType="XP" Reward="25" />
		<Row ChallengeType="CHALLENGE_HIMIKO_ALT_CULTURE_VICTORY_MODERN" RewardType="XP" Reward="50" />
		<Row ChallengeType="CHALLENGE_HIMIKO_ALT_CULTURE_VICTORY_MODERN_2" RewardType="XP" Reward="25" />
		<Row ChallengeType="CHALLENGE_HIMIKO_ALT_CULTURE_VICTORY_MODERN_3" RewardType="XP" Reward="25" />
		<Row ChallengeType="CHALLENGE_HIMIKO_ALT_FLAWLESS_VICTORY_ANTIQUITY" RewardType="XP" Reward="50" />
		<Row ChallengeType="CHALLENGE_HIMIKO_ALT_FLAWLESS_VICTORY_EXPLORATION" RewardType="XP" Reward="50" />
		<Row ChallengeType="CHALLENGE_HIMIKO_ALT_FLAWLESS_VICTORY_MODERN" RewardType="XP" Reward="50" />
		<Row ChallengeType="CHALLENGE_HIMIKO_ALT_QUEST_A_ANTIQUITY" RewardType="XP" Reward="50" />
		<Row ChallengeType="CHALLENGE_HIMIKO_ALT_QUEST_B_ANTIQUITY" RewardType="XP" Reward="50" />
		<Row ChallengeType="CHALLENGE_HIMIKO_ALT_QUEST_A_EXPLORATION" RewardType="XP" Reward="50" />
		<Row ChallengeType="CHALLENGE_HIMIKO_ALT_QUEST_B_EXPLORATION" RewardType="XP" Reward="50" />
		<Row ChallengeType="CHALLENGE_HIMIKO_ALT_QUEST_A_MODERN" RewardType="XP" Reward="50" />
		<Row ChallengeType="CHALLENGE_HIMIKO_ALT_QUEST_B_MODERN" RewardType="XP" Reward="50" />
		<Row ChallengeType="CHALLENGE_HIMIKO_ALT_UNLOCKED_STRATEGYCARDS_EXPLORATION" RewardType="UnlockableReward" Reward="STRATEGYCARD_AS_HIMIKO_SHAMAN_EXPLORATION_1" />
		<Row ChallengeType="CHALLENGE_HIMIKO_ALT_UNLOCKED_STRATEGYCARDS_EXPLORATION" RewardType="UnlockableReward" Reward="STRATEGYCARD_AS_HIMIKO_SHAMAN_EXPLORATION_2" />
		<Row ChallengeType="CHALLENGE_HIMIKO_ALT_UNLOCKED_STRATEGYCARDS_MODERN" RewardType="UnlockableReward" Reward="STRATEGYCARD_AS_HIMIKO_SHAMAN_MODERN_1" />
		<Row ChallengeType="CHALLENGE_HIMIKO_ALT_UNLOCKED_STRATEGYCARDS_MODERN" RewardType="UnlockableReward" Reward="STRATEGYCARD_AS_HIMIKO_SHAMAN_MODERN_2" />
	</ChallengesRewards>
	<ChallengeEvents>
		<Row ChallengeEventType="CHALLENGE_EVENT_LEADER_ASHOKA_ALT_AGE_ENDED" DNAEventID="1e2f6f09-641d-422f-a40b-56cef01c4e51"  />
		<Row ChallengeEventType="CHALLENGE_EVENT_LEADER_ASHOKA_ALT_VICTORY_ACHIEVED" DNAEventID="81f9fff0-810b-47b8-bfd0-307dfd8e5b18"  />
		<Row ChallengeEventType="CHALLENGE_EVENT_LEADER_ASHOKA_ALT_FLAWLESS_VICTORY_ACHIEVED" DNAEventID="d33e2fb8-6603-4389-a65c-abbc5fead212"  />
		<Row ChallengeEventType="CHALLENGE_EVENT_LEADER_ASHOKA_ALT_LEGACY_PATH_MILESTONE_COMPLETED" DNAEventID="7441ec39-1ce9-48fc-968f-a0fbfe8d1b29"  />
		<Row ChallengeEventType="CHALLENGE_EVENT_ASHOKA_ALT_QUEST_CHAKRAVARTI_AVATAR_COMPLETE" DNAEventID="b6b87bdd-42bb-48d5-91bb-234c1ea7b021" CompletesChallengeType="CHALLENGE_ASHOKA_ALT_QUEST_CHAKRAVARTI_AVATAR" />
		<Row ChallengeEventType="CHALLENGE_EVENT_ASHOKA_ALT_QUEST_CHAKRAVARTI_ENLIGHTENED_COMPLETE" DNAEventID="d87390d0-5207-4295-ae57-19a95e1bc9ea" CompletesChallengeType="CHALLENGE_ASHOKA_ALT_QUEST_CHAKRAVARTI_ENLIGHTENED" />
		<Row ChallengeEventType="CHALLENGE_EVENT_ASHOKA_ALT_QUEST_DEVARAJA_COMPLETE" DNAEventID="21450dae-b2ad-456d-ac07-d595f9ec3d9d" CompletesChallengeType="CHALLENGE_ASHOKA_ALT_QUEST_DEVARAJA" />
		<Row ChallengeEventType="CHALLENGE_EVENT_ASHOKA_ALT_QUEST_DHAMMARAJA_COMPLETE" DNAEventID="72cca78c-1053-44e2-a7d3-673d10be4c52" CompletesChallengeType="CHALLENGE_ASHOKA_ALT_QUEST_DHAMMARAJA" />
		<Row ChallengeEventType="CHALLENGE_EVENT_ASHOKA_ALT_QUEST_WORLD_CONQUERER_COMPLETE" DNAEventID="4148ff1b-f218-41d9-8e54-976776376412" CompletesChallengeType="CHALLENGE_ASHOKA_ALT_QUEST_WORLD_CONQUERER" />
		<Row ChallengeEventType="CHALLENGE_EVENT_ASHOKA_ALT_QUEST_WORLD_RENOUNCER_COMPLETE" DNAEventID="1c23f155-f4c9-49a4-ad0f-f89896672aa6" CompletesChallengeType="CHALLENGE_ASHOKA_ALT_QUEST_WORLD_RENOUNCER" />
		<Row ChallengeEventType="CHALLENGE_EVENT_ASHOKA_ALT_QUEST_A_ANTIQUITY_COMPLETE" DNAEventID="b81feb75-3e34-49e8-af8b-8bdadc3fdaba" CompletesChallengeType="CHALLENGE_ASHOKA_ALT_QUEST_A_ANTIQUITY" />
		<Row ChallengeEventType="CHALLENGE_EVENT_ASHOKA_ALT_QUEST_B_ANTIQUITY_COMPLETE" DNAEventID="a69051ac-7dfb-4a58-8ef0-bb0678debbd6" CompletesChallengeType="CHALLENGE_ASHOKA_ALT_QUEST_B_ANTIQUITY" />
		<Row ChallengeEventType="CHALLENGE_EVENT_ASHOKA_ALT_QUEST_A_EXPLORATION_COMPLETE" DNAEventID="4eff66ed-1120-4f1e-80e7-f24dcd0734c4" CompletesChallengeType="CHALLENGE_ASHOKA_ALT_QUEST_A_EXPLORATION" />
		<Row ChallengeEventType="CHALLENGE_EVENT_ASHOKA_ALT_QUEST_B_EXPLORATION_COMPLETE" DNAEventID="84a23c1b-a3ad-4d8a-9907-f3a16afd4174" CompletesChallengeType="CHALLENGE_ASHOKA_ALT_QUEST_B_EXPLORATION" />
		<Row ChallengeEventType="CHALLENGE_EVENT_ASHOKA_ALT_QUEST_A_MODERN_COMPLETE" DNAEventID="c39d027a-e9c6-4e52-97d1-6dadc2bf9e24" CompletesChallengeType="CHALLENGE_ASHOKA_ALT_QUEST_A_MODERN" />
		<Row ChallengeEventType="CHALLENGE_EVENT_ASHOKA_ALT_QUEST_B_MODERN_COMPLETE" DNAEventID="be6130b4-1b50-4216-9259-63331d0e6ed2" CompletesChallengeType="CHALLENGE_ASHOKA_ALT_QUEST_B_MODERN" />
		<Row ChallengeEventType="CHALLENGE_EVENT_ASHOKA_ALT_UNLOCKED_STRATEGYCARDS_EXPLORATION_COMPLETE" DNAEventID="102cd85f-cfb8-43f6-a9a9-4ac406e9c6fb" CompletesChallengeType="CHALLENGE_ASHOKA_ALT_UNLOCKED_STRATEGYCARDS_EXPLORATION" />
		<Row ChallengeEventType="CHALLENGE_EVENT_ASHOKA_ALT_UNLOCKED_STRATEGYCARDS_MODERN_COMPLETE" DNAEventID="6fa0737d-d821-4c85-8486-decb99f784a8" CompletesChallengeType="CHALLENGE_ASHOKA_ALT_UNLOCKED_STRATEGYCARDS_MODERN" />
		<Row ChallengeEventType="CHALLENGE_EVENT_LEADER_HIMIKO_ALT_AGE_ENDED" DNAEventID="aa2107b3-9c96-4f84-9045-f64398c27f1c"  />
		<Row ChallengeEventType="CHALLENGE_EVENT_LEADER_HIMIKO_ALT_VICTORY_ACHIEVED" DNAEventID="3cc41c53-17f5-493b-b3df-273d1d6a685f"  />
		<Row ChallengeEventType="CHALLENGE_EVENT_LEADER_HIMIKO_ALT_FLAWLESS_VICTORY_ACHIEVED" DNAEventID="5d6e4701-1989-49e7-b705-05026ce13fc4"  />
		<Row ChallengeEventType="CHALLENGE_EVENT_LEADER_HIMIKO_ALT_LEGACY_PATH_MILESTONE_COMPLETED" DNAEventID="177a88b9-bbde-4937-a412-20e07f37f78a"  />
		<Row ChallengeEventType="CHALLENGE_EVENT_HIMIKO_ALT_QUEST_A_ANTIQUITY_COMPLETE" DNAEventID="15f02fbb-e150-44a6-9d7e-143c573c33ae" CompletesChallengeType="CHALLENGE_HIMIKO_ALT_QUEST_A_ANTIQUITY" />
		<Row ChallengeEventType="CHALLENGE_EVENT_HIMIKO_ALT_QUEST_B_ANTIQUITY_COMPLETE" DNAEventID="b9c01a97-98fa-43ff-a193-7e3767cbcf93" CompletesChallengeType="CHALLENGE_HIMIKO_ALT_QUEST_B_ANTIQUITY" />
		<Row ChallengeEventType="CHALLENGE_EVENT_HIMIKO_ALT_QUEST_A_EXPLORATION_COMPLETE" DNAEventID="47f73574-b039-4f1a-afcc-ff81cc2d0dca" CompletesChallengeType="CHALLENGE_HIMIKO_ALT_QUEST_A_EXPLORATION" />
		<Row ChallengeEventType="CHALLENGE_EVENT_HIMIKO_ALT_QUEST_B_EXPLORATION_COMPLETE" DNAEventID="451b57d1-c341-4a86-a67d-a0a9cfd4b67d" CompletesChallengeType="CHALLENGE_HIMIKO_ALT_QUEST_B_EXPLORATION" />
		<Row ChallengeEventType="CHALLENGE_EVENT_HIMIKO_ALT_QUEST_A_MODERN_COMPLETE" DNAEventID="dfafeb98-4546-4216-984d-33bf9083a892" CompletesChallengeType="CHALLENGE_HIMIKO_ALT_QUEST_A_MODERN" />
		<Row ChallengeEventType="CHALLENGE_EVENT_HIMIKO_ALT_QUEST_B_MODERN_COMPLETE" DNAEventID="0c1366ff-cbdf-4b0f-8aed-97ae6a01cf18" CompletesChallengeType="CHALLENGE_HIMIKO_ALT_QUEST_B_MODERN" />
		<Row ChallengeEventType="CHALLENGE_EVENT_HIMIKO_ALT_UNLOCKED_STRATEGYCARDS_EXPLORATION_COMPLETE" DNAEventID="227ed5f5-6476-4c99-a017-1d062b478e24" CompletesChallengeType="CHALLENGE_HIMIKO_ALT_UNLOCKED_STRATEGYCARDS_EXPLORATION" />
		<Row ChallengeEventType="CHALLENGE_EVENT_HIMIKO_ALT_UNLOCKED_STRATEGYCARDS_MODERN_COMPLETE" DNAEventID="ddc33d19-8175-460b-bb16-859fec4892e6" CompletesChallengeType="CHALLENGE_HIMIKO_ALT_UNLOCKED_STRATEGYCARDS_MODERN" />
	</ChallengeEvents>
<ChallengeEventChallengeStatEffects>
		<Row ChallengeEventType="CHALLENGE_EVENT_LEADER_ASHOKA_ALT_VICTORY_ACHIEVED" ChallengeType="CHALLENGE_ASHOKA_ALT_MILITARY_VICTORY_ANTIQUITY" />
		<Row ChallengeEventType="CHALLENGE_EVENT_LEADER_ASHOKA_ALT_VICTORY_ACHIEVED" ChallengeType="CHALLENGE_ASHOKA_ALT_MILITARY_VICTORY_ANTIQUITY_2" />
		<Row ChallengeEventType="CHALLENGE_EVENT_LEADER_ASHOKA_ALT_VICTORY_ACHIEVED" ChallengeType="CHALLENGE_ASHOKA_ALT_MILITARY_VICTORY_ANTIQUITY_3" />
		<Row ChallengeEventType="CHALLENGE_EVENT_LEADER_ASHOKA_ALT_VICTORY_ACHIEVED" ChallengeType="CHALLENGE_ASHOKA_ALT_ECONOMIC_VICTORY_ANTIQUITY" />
		<Row ChallengeEventType="CHALLENGE_EVENT_LEADER_ASHOKA_ALT_VICTORY_ACHIEVED" ChallengeType="CHALLENGE_ASHOKA_ALT_ECONOMIC_VICTORY_ANTIQUITY_2" />
		<Row ChallengeEventType="CHALLENGE_EVENT_LEADER_ASHOKA_ALT_VICTORY_ACHIEVED" ChallengeType="CHALLENGE_ASHOKA_ALT_ECONOMIC_VICTORY_ANTIQUITY_3" />
		<Row ChallengeEventType="CHALLENGE_EVENT_LEADER_ASHOKA_ALT_VICTORY_ACHIEVED" ChallengeType="CHALLENGE_ASHOKA_ALT_MILITARY_VICTORY_EXPLORATION" />
		<Row ChallengeEventType="CHALLENGE_EVENT_LEADER_ASHOKA_ALT_VICTORY_ACHIEVED" ChallengeType="CHALLENGE_ASHOKA_ALT_MILITARY_VICTORY_EXPLORATION_2" />
		<Row ChallengeEventType="CHALLENGE_EVENT_LEADER_ASHOKA_ALT_VICTORY_ACHIEVED" ChallengeType="CHALLENGE_ASHOKA_ALT_MILITARY_VICTORY_EXPLORATION_3" />
		<Row ChallengeEventType="CHALLENGE_EVENT_LEADER_ASHOKA_ALT_VICTORY_ACHIEVED" ChallengeType="CHALLENGE_ASHOKA_ALT_ECONOMIC_VICTORY_EXPLORATION" />
		<Row ChallengeEventType="CHALLENGE_EVENT_LEADER_ASHOKA_ALT_VICTORY_ACHIEVED" ChallengeType="CHALLENGE_ASHOKA_ALT_ECONOMIC_VICTORY_EXPLORATION_2" />
		<Row ChallengeEventType="CHALLENGE_EVENT_LEADER_ASHOKA_ALT_VICTORY_ACHIEVED" ChallengeType="CHALLENGE_ASHOKA_ALT_ECONOMIC_VICTORY_EXPLORATION_3" />
		<Row ChallengeEventType="CHALLENGE_EVENT_LEADER_ASHOKA_ALT_VICTORY_ACHIEVED" ChallengeType="CHALLENGE_ASHOKA_ALT_MILITARY_VICTORY_MODERN" />
		<Row ChallengeEventType="CHALLENGE_EVENT_LEADER_ASHOKA_ALT_VICTORY_ACHIEVED" ChallengeType="CHALLENGE_ASHOKA_ALT_MILITARY_VICTORY_MODERN_2" />
		<Row ChallengeEventType="CHALLENGE_EVENT_LEADER_ASHOKA_ALT_VICTORY_ACHIEVED" ChallengeType="CHALLENGE_ASHOKA_ALT_MILITARY_VICTORY_MODERN_3" />
		<Row ChallengeEventType="CHALLENGE_EVENT_LEADER_ASHOKA_ALT_VICTORY_ACHIEVED" ChallengeType="CHALLENGE_ASHOKA_ALT_ECONOMIC_VICTORY_MODERN" />
		<Row ChallengeEventType="CHALLENGE_EVENT_LEADER_ASHOKA_ALT_VICTORY_ACHIEVED" ChallengeType="CHALLENGE_ASHOKA_ALT_ECONOMIC_VICTORY_MODERN_2" />
		<Row ChallengeEventType="CHALLENGE_EVENT_LEADER_ASHOKA_ALT_VICTORY_ACHIEVED" ChallengeType="CHALLENGE_ASHOKA_ALT_ECONOMIC_VICTORY_MODERN_3" />
		<Row ChallengeEventType="CHALLENGE_EVENT_LEADER_ASHOKA_ALT_AGE_ENDED" ChallengeType="CHALLENGE_ASHOKA_ALT_AGE_COMPLETED_ANTIQUITY" />
		<Row ChallengeEventType="CHALLENGE_EVENT_LEADER_ASHOKA_ALT_AGE_ENDED" ChallengeType="CHALLENGE_ASHOKA_ALT_AGE_COMPLETED_ANTIQUITY_2" />
		<Row ChallengeEventType="CHALLENGE_EVENT_LEADER_ASHOKA_ALT_AGE_ENDED" ChallengeType="CHALLENGE_ASHOKA_ALT_AGE_COMPLETED_ANTIQUITY_3" />
		<Row ChallengeEventType="CHALLENGE_EVENT_LEADER_ASHOKA_ALT_AGE_ENDED" ChallengeType="CHALLENGE_ASHOKA_ALT_AGE_COMPLETED_EXPLORATION" />
		<Row ChallengeEventType="CHALLENGE_EVENT_LEADER_ASHOKA_ALT_AGE_ENDED" ChallengeType="CHALLENGE_ASHOKA_ALT_AGE_COMPLETED_EXPLORATION_2" />
		<Row ChallengeEventType="CHALLENGE_EVENT_LEADER_ASHOKA_ALT_AGE_ENDED" ChallengeType="CHALLENGE_ASHOKA_ALT_AGE_COMPLETED_EXPLORATION_3" />
		<Row ChallengeEventType="CHALLENGE_EVENT_LEADER_ASHOKA_ALT_AGE_ENDED" ChallengeType="CHALLENGE_ASHOKA_ALT_AGE_COMPLETED_MODERN" />
		<Row ChallengeEventType="CHALLENGE_EVENT_LEADER_ASHOKA_ALT_AGE_ENDED" ChallengeType="CHALLENGE_ASHOKA_ALT_AGE_COMPLETED_MODERN_2" />
		<Row ChallengeEventType="CHALLENGE_EVENT_LEADER_ASHOKA_ALT_AGE_ENDED" ChallengeType="CHALLENGE_ASHOKA_ALT_AGE_COMPLETED_MODERN_3" />
		<Row ChallengeEventType="CHALLENGE_EVENT_LEADER_ASHOKA_ALT_LEGACY_PATH_MILESTONE_COMPLETED" ChallengeType="CHALLENGE_ASHOKA_ALT_PLAY_GAMES_1" />
		<Row ChallengeEventType="CHALLENGE_EVENT_LEADER_ASHOKA_ALT_LEGACY_PATH_MILESTONE_COMPLETED" ChallengeType="CHALLENGE_ASHOKA_ALT_PLAY_GAMES_2" />
		<Row ChallengeEventType="CHALLENGE_EVENT_LEADER_ASHOKA_ALT_LEGACY_PATH_MILESTONE_COMPLETED" ChallengeType="CHALLENGE_ASHOKA_ALT_PLAY_GAMES_3" />
		<Row ChallengeEventType="CHALLENGE_EVENT_LEADER_ASHOKA_ALT_VICTORY_ACHIEVED" ChallengeType="CHALLENGE_ASHOKA_ALT_SCIENCE_VICTORY_ANTIQUITY" />
		<Row ChallengeEventType="CHALLENGE_EVENT_LEADER_ASHOKA_ALT_VICTORY_ACHIEVED" ChallengeType="CHALLENGE_ASHOKA_ALT_SCIENCE_VICTORY_ANTIQUITY_2" />
		<Row ChallengeEventType="CHALLENGE_EVENT_LEADER_ASHOKA_ALT_VICTORY_ACHIEVED" ChallengeType="CHALLENGE_ASHOKA_ALT_SCIENCE_VICTORY_ANTIQUITY_3" />
		<Row ChallengeEventType="CHALLENGE_EVENT_LEADER_ASHOKA_ALT_VICTORY_ACHIEVED" ChallengeType="CHALLENGE_ASHOKA_ALT_SCIENCE_VICTORY_EXPLORATION" />
		<Row ChallengeEventType="CHALLENGE_EVENT_LEADER_ASHOKA_ALT_VICTORY_ACHIEVED" ChallengeType="CHALLENGE_ASHOKA_ALT_SCIENCE_VICTORY_EXPLORATION_2" />
		<Row ChallengeEventType="CHALLENGE_EVENT_LEADER_ASHOKA_ALT_VICTORY_ACHIEVED" ChallengeType="CHALLENGE_ASHOKA_ALT_SCIENCE_VICTORY_EXPLORATION_3" />
		<Row ChallengeEventType="CHALLENGE_EVENT_LEADER_ASHOKA_ALT_VICTORY_ACHIEVED" ChallengeType="CHALLENGE_ASHOKA_ALT_SCIENCE_VICTORY_MODERN" />
		<Row ChallengeEventType="CHALLENGE_EVENT_LEADER_ASHOKA_ALT_VICTORY_ACHIEVED" ChallengeType="CHALLENGE_ASHOKA_ALT_SCIENCE_VICTORY_MODERN_2" />
		<Row ChallengeEventType="CHALLENGE_EVENT_LEADER_ASHOKA_ALT_VICTORY_ACHIEVED" ChallengeType="CHALLENGE_ASHOKA_ALT_SCIENCE_VICTORY_MODERN_3" />
		<Row ChallengeEventType="CHALLENGE_EVENT_LEADER_ASHOKA_ALT_VICTORY_ACHIEVED" ChallengeType="CHALLENGE_ASHOKA_ALT_CULTURE_VICTORY_ANTIQUITY" />
		<Row ChallengeEventType="CHALLENGE_EVENT_LEADER_ASHOKA_ALT_VICTORY_ACHIEVED" ChallengeType="CHALLENGE_ASHOKA_ALT_CULTURE_VICTORY_ANTIQUITY_2" />
		<Row ChallengeEventType="CHALLENGE_EVENT_LEADER_ASHOKA_ALT_VICTORY_ACHIEVED" ChallengeType="CHALLENGE_ASHOKA_ALT_CULTURE_VICTORY_ANTIQUITY_3" />
		<Row ChallengeEventType="CHALLENGE_EVENT_LEADER_ASHOKA_ALT_VICTORY_ACHIEVED" ChallengeType="CHALLENGE_ASHOKA_ALT_CULTURE_VICTORY_EXPLORATION" />
		<Row ChallengeEventType="CHALLENGE_EVENT_LEADER_ASHOKA_ALT_VICTORY_ACHIEVED" ChallengeType="CHALLENGE_ASHOKA_ALT_CULTURE_VICTORY_EXPLORATION_2" />
		<Row ChallengeEventType="CHALLENGE_EVENT_LEADER_ASHOKA_ALT_VICTORY_ACHIEVED" ChallengeType="CHALLENGE_ASHOKA_ALT_CULTURE_VICTORY_EXPLORATION_3" />
		<Row ChallengeEventType="CHALLENGE_EVENT_LEADER_ASHOKA_ALT_VICTORY_ACHIEVED" ChallengeType="CHALLENGE_ASHOKA_ALT_CULTURE_VICTORY_MODERN" />
		<Row ChallengeEventType="CHALLENGE_EVENT_LEADER_ASHOKA_ALT_VICTORY_ACHIEVED" ChallengeType="CHALLENGE_ASHOKA_ALT_CULTURE_VICTORY_MODERN_2" />
		<Row ChallengeEventType="CHALLENGE_EVENT_LEADER_ASHOKA_ALT_VICTORY_ACHIEVED" ChallengeType="CHALLENGE_ASHOKA_ALT_CULTURE_VICTORY_MODERN_3" />
		<Row ChallengeEventType="CHALLENGE_EVENT_LEADER_HIMIKO_ALT_VICTORY_ACHIEVED" ChallengeType="CHALLENGE_HIMIKO_ALT_MILITARY_VICTORY_ANTIQUITY" />
		<Row ChallengeEventType="CHALLENGE_EVENT_LEADER_HIMIKO_ALT_VICTORY_ACHIEVED" ChallengeType="CHALLENGE_HIMIKO_ALT_MILITARY_VICTORY_ANTIQUITY_2" />
		<Row ChallengeEventType="CHALLENGE_EVENT_LEADER_HIMIKO_ALT_VICTORY_ACHIEVED" ChallengeType="CHALLENGE_HIMIKO_ALT_MILITARY_VICTORY_ANTIQUITY_3" />
		<Row ChallengeEventType="CHALLENGE_EVENT_LEADER_HIMIKO_ALT_VICTORY_ACHIEVED" ChallengeType="CHALLENGE_HIMIKO_ALT_ECONOMIC_VICTORY_ANTIQUITY" />
		<Row ChallengeEventType="CHALLENGE_EVENT_LEADER_HIMIKO_ALT_VICTORY_ACHIEVED" ChallengeType="CHALLENGE_HIMIKO_ALT_ECONOMIC_VICTORY_ANTIQUITY_2" />
		<Row ChallengeEventType="CHALLENGE_EVENT_LEADER_HIMIKO_ALT_VICTORY_ACHIEVED" ChallengeType="CHALLENGE_HIMIKO_ALT_ECONOMIC_VICTORY_ANTIQUITY_3" />
		<Row ChallengeEventType="CHALLENGE_EVENT_LEADER_HIMIKO_ALT_VICTORY_ACHIEVED" ChallengeType="CHALLENGE_HIMIKO_ALT_MILITARY_VICTORY_EXPLORATION" />
		<Row ChallengeEventType="CHALLENGE_EVENT_LEADER_HIMIKO_ALT_VICTORY_ACHIEVED" ChallengeType="CHALLENGE_HIMIKO_ALT_MILITARY_VICTORY_EXPLORATION_2" />
		<Row ChallengeEventType="CHALLENGE_EVENT_LEADER_HIMIKO_ALT_VICTORY_ACHIEVED" ChallengeType="CHALLENGE_HIMIKO_ALT_MILITARY_VICTORY_EXPLORATION_3" />
		<Row ChallengeEventType="CHALLENGE_EVENT_LEADER_HIMIKO_ALT_VICTORY_ACHIEVED" ChallengeType="CHALLENGE_HIMIKO_ALT_ECONOMIC_VICTORY_EXPLORATION" />
		<Row ChallengeEventType="CHALLENGE_EVENT_LEADER_HIMIKO_ALT_VICTORY_ACHIEVED" ChallengeType="CHALLENGE_HIMIKO_ALT_ECONOMIC_VICTORY_EXPLORATION_2" />
		<Row ChallengeEventType="CHALLENGE_EVENT_LEADER_HIMIKO_ALT_VICTORY_ACHIEVED" ChallengeType="CHALLENGE_HIMIKO_ALT_ECONOMIC_VICTORY_EXPLORATION_3" />
		<Row ChallengeEventType="CHALLENGE_EVENT_LEADER_HIMIKO_ALT_VICTORY_ACHIEVED" ChallengeType="CHALLENGE_HIMIKO_ALT_MILITARY_VICTORY_MODERN" />
		<Row ChallengeEventType="CHALLENGE_EVENT_LEADER_HIMIKO_ALT_VICTORY_ACHIEVED" ChallengeType="CHALLENGE_HIMIKO_ALT_MILITARY_VICTORY_MODERN_2" />
		<Row ChallengeEventType="CHALLENGE_EVENT_LEADER_HIMIKO_ALT_VICTORY_ACHIEVED" ChallengeType="CHALLENGE_HIMIKO_ALT_MILITARY_VICTORY_MODERN_3" />
		<Row ChallengeEventType="CHALLENGE_EVENT_LEADER_HIMIKO_ALT_VICTORY_ACHIEVED" ChallengeType="CHALLENGE_HIMIKO_ALT_ECONOMIC_VICTORY_MODERN" />
		<Row ChallengeEventType="CHALLENGE_EVENT_LEADER_HIMIKO_ALT_VICTORY_ACHIEVED" ChallengeType="CHALLENGE_HIMIKO_ALT_ECONOMIC_VICTORY_MODERN_2" />
		<Row ChallengeEventType="CHALLENGE_EVENT_LEADER_HIMIKO_ALT_VICTORY_ACHIEVED" ChallengeType="CHALLENGE_HIMIKO_ALT_ECONOMIC_VICTORY_MODERN_3" />
		<Row ChallengeEventType="CHALLENGE_EVENT_LEADER_HIMIKO_ALT_AGE_ENDED" ChallengeType="CHALLENGE_HIMIKO_ALT_AGE_COMPLETED_ANTIQUITY" />
		<Row ChallengeEventType="CHALLENGE_EVENT_LEADER_HIMIKO_ALT_AGE_ENDED" ChallengeType="CHALLENGE_HIMIKO_ALT_AGE_COMPLETED_ANTIQUITY_2" />
		<Row ChallengeEventType="CHALLENGE_EVENT_LEADER_HIMIKO_ALT_AGE_ENDED" ChallengeType="CHALLENGE_HIMIKO_ALT_AGE_COMPLETED_ANTIQUITY_3" />
		<Row ChallengeEventType="CHALLENGE_EVENT_LEADER_HIMIKO_ALT_AGE_ENDED" ChallengeType="CHALLENGE_HIMIKO_ALT_AGE_COMPLETED_EXPLORATION" />
		<Row ChallengeEventType="CHALLENGE_EVENT_LEADER_HIMIKO_ALT_AGE_ENDED" ChallengeType="CHALLENGE_HIMIKO_ALT_AGE_COMPLETED_EXPLORATION_2" />
		<Row ChallengeEventType="CHALLENGE_EVENT_LEADER_HIMIKO_ALT_AGE_ENDED" ChallengeType="CHALLENGE_HIMIKO_ALT_AGE_COMPLETED_EXPLORATION_3" />
		<Row ChallengeEventType="CHALLENGE_EVENT_LEADER_HIMIKO_ALT_AGE_ENDED" ChallengeType="CHALLENGE_HIMIKO_ALT_AGE_COMPLETED_MODERN" />
		<Row ChallengeEventType="CHALLENGE_EVENT_LEADER_HIMIKO_ALT_AGE_ENDED" ChallengeType="CHALLENGE_HIMIKO_ALT_AGE_COMPLETED_MODERN_2" />
		<Row ChallengeEventType="CHALLENGE_EVENT_LEADER_HIMIKO_ALT_AGE_ENDED" ChallengeType="CHALLENGE_HIMIKO_ALT_AGE_COMPLETED_MODERN_3" />
		<Row ChallengeEventType="CHALLENGE_EVENT_LEADER_HIMIKO_ALT_LEGACY_PATH_MILESTONE_COMPLETED" ChallengeType="CHALLENGE_HIMIKO_ALT_PLAY_GAMES_1" />
		<Row ChallengeEventType="CHALLENGE_EVENT_LEADER_HIMIKO_ALT_LEGACY_PATH_MILESTONE_COMPLETED" ChallengeType="CHALLENGE_HIMIKO_ALT_PLAY_GAMES_2" />
		<Row ChallengeEventType="CHALLENGE_EVENT_LEADER_HIMIKO_ALT_LEGACY_PATH_MILESTONE_COMPLETED" ChallengeType="CHALLENGE_HIMIKO_ALT_PLAY_GAMES_3" />
		<Row ChallengeEventType="CHALLENGE_EVENT_LEADER_HIMIKO_ALT_VICTORY_ACHIEVED" ChallengeType="CHALLENGE_HIMIKO_ALT_SCIENCE_VICTORY_ANTIQUITY" />
		<Row ChallengeEventType="CHALLENGE_EVENT_LEADER_HIMIKO_ALT_VICTORY_ACHIEVED" ChallengeType="CHALLENGE_HIMIKO_ALT_SCIENCE_VICTORY_ANTIQUITY_2" />
		<Row ChallengeEventType="CHALLENGE_EVENT_LEADER_HIMIKO_ALT_VICTORY_ACHIEVED" ChallengeType="CHALLENGE_HIMIKO_ALT_SCIENCE_VICTORY_ANTIQUITY_3" />
		<Row ChallengeEventType="CHALLENGE_EVENT_LEADER_HIMIKO_ALT_VICTORY_ACHIEVED" ChallengeType="CHALLENGE_HIMIKO_ALT_SCIENCE_VICTORY_EXPLORATION" />
		<Row ChallengeEventType="CHALLENGE_EVENT_LEADER_HIMIKO_ALT_VICTORY_ACHIEVED" ChallengeType="CHALLENGE_HIMIKO_ALT_SCIENCE_VICTORY_EXPLORATION_2" />
		<Row ChallengeEventType="CHALLENGE_EVENT_LEADER_HIMIKO_ALT_VICTORY_ACHIEVED" ChallengeType="CHALLENGE_HIMIKO_ALT_SCIENCE_VICTORY_EXPLORATION_3" />
		<Row ChallengeEventType="CHALLENGE_EVENT_LEADER_HIMIKO_ALT_VICTORY_ACHIEVED" ChallengeType="CHALLENGE_HIMIKO_ALT_SCIENCE_VICTORY_MODERN" />
		<Row ChallengeEventType="CHALLENGE_EVENT_LEADER_HIMIKO_ALT_VICTORY_ACHIEVED" ChallengeType="CHALLENGE_HIMIKO_ALT_SCIENCE_VICTORY_MODERN_2" />
		<Row ChallengeEventType="CHALLENGE_EVENT_LEADER_HIMIKO_ALT_VICTORY_ACHIEVED" ChallengeType="CHALLENGE_HIMIKO_ALT_SCIENCE_VICTORY_MODERN_3" />
		<Row ChallengeEventType="CHALLENGE_EVENT_LEADER_HIMIKO_ALT_VICTORY_ACHIEVED" ChallengeType="CHALLENGE_HIMIKO_ALT_CULTURE_VICTORY_ANTIQUITY" />
		<Row ChallengeEventType="CHALLENGE_EVENT_LEADER_HIMIKO_ALT_VICTORY_ACHIEVED" ChallengeType="CHALLENGE_HIMIKO_ALT_CULTURE_VICTORY_ANTIQUITY_2" />
		<Row ChallengeEventType="CHALLENGE_EVENT_LEADER_HIMIKO_ALT_VICTORY_ACHIEVED" ChallengeType="CHALLENGE_HIMIKO_ALT_CULTURE_VICTORY_ANTIQUITY_3" />
		<Row ChallengeEventType="CHALLENGE_EVENT_LEADER_HIMIKO_ALT_VICTORY_ACHIEVED" ChallengeType="CHALLENGE_HIMIKO_ALT_CULTURE_VICTORY_EXPLORATION" />
		<Row ChallengeEventType="CHALLENGE_EVENT_LEADER_HIMIKO_ALT_VICTORY_ACHIEVED" ChallengeType="CHALLENGE_HIMIKO_ALT_CULTURE_VICTORY_EXPLORATION_2" />
		<Row ChallengeEventType="CHALLENGE_EVENT_LEADER_HIMIKO_ALT_VICTORY_ACHIEVED" ChallengeType="CHALLENGE_HIMIKO_ALT_CULTURE_VICTORY_EXPLORATION_3" />
		<Row ChallengeEventType="CHALLENGE_EVENT_LEADER_HIMIKO_ALT_VICTORY_ACHIEVED" ChallengeType="CHALLENGE_HIMIKO_ALT_CULTURE_VICTORY_MODERN" />
		<Row ChallengeEventType="CHALLENGE_EVENT_LEADER_HIMIKO_ALT_VICTORY_ACHIEVED" ChallengeType="CHALLENGE_HIMIKO_ALT_CULTURE_VICTORY_MODERN_2" />
		<Row ChallengeEventType="CHALLENGE_EVENT_LEADER_HIMIKO_ALT_VICTORY_ACHIEVED" ChallengeType="CHALLENGE_HIMIKO_ALT_CULTURE_VICTORY_MODERN_3" />
	</ChallengeEventChallengeStatEffects>
	<ChallengeCategoryData>
		<Row Id="CHALLENGE_CATEGORY_LEADER_ASHOKA_ALT" Name="LOC_LEADER_ASHOKA_ALT_NAME" SortIndex="18000" />
		<Row Id="CHALLENGE_CATEGORY_LEADER_HIMIKO_ALT" Name="LOC_LEADER_HIMIKO_ALT_NAME" SortIndex="32000" />
	</ChallengeCategoryData>
</Database>