<?xml version="1.0" encoding="UTF-8" standalone="yes"?>
<Database xmlns="UnlockableRewards">
	<Rewards>
		<Row GameItemID="BADGE_ASHOKA_CONQUEROR" DNAItemID="a8efa7264aa3449ca5f9964dd3484a19" CustomData="ba_ashoka_conqueror" Type="UNLOCKABLEREWARD_TYPE_BADGE" Name="LOC_BADGE_ASHOKA_CONQUEROR_NAME" Description="LOC_BADGE_DESCRIPTION" SortIndex="110100"/>
		<Row GameItemID="BADGE_ASHOKA_CONQUEROR_P" DNAItemID="fcadc22b7cf84384a20b48e00e09b1be" CustomData="ba_ashoka_conqueror_p" Type="UNLOCKABLEREWARD_TYPE_BADGE" Name="LOC_BADGE_ASHOKA_CONQUEROR_P_NAME" Description="LOC_BADGE_DESCRIPTION" SortIndex="112000"/>
		<Row GameItemID="BANNER_ASHOKA_CONQUEROR" DNAItemID="1d593628d04b45eeb2911d7760c6e65e" CustomData="bn_ashoka_conqueror" Type="UNLOCKABLEREWARD_TYPE_BANNER" Name="LOC_BANNER_ASHOKA_CONQUEROR_NAME" Description="LOC_BANNER_DESCRIPTION" SortIndex="210250"/>
		<Row GameItemID="MEMENTO_ASHOKA_CONQUEROR_CHANDA_MAHASENA" DNAItemID="c4bfdb22155e48539e50ab012fb47318" CustomData="mem_min_chanda_mahasena" Type="UNLOCKABLEREWARD_TYPE_MEMENTO" Name="LOC_MEMENTO_ASHOKA_CONQUEROR_CHANDA_MAHASENA_NAME" Description="LOC_MEMENTO_ASHOKA_CONQUEROR_CHANDA_MAHASENA_DESCRIPTION" SortIndex="100000"/>
		<Row GameItemID="MEMENTO_ASHOKA_CONQUEROR_SILK_UTTARIYA" DNAItemID="9557aa43ea4d40b9a681874d2351adc8" CustomData="mem_min_silk_uttariya" Type="UNLOCKABLEREWARD_TYPE_MEMENTO" Name="LOC_MEMENTO_ASHOKA_CONQUEROR_SILK_UTTARIYA_NAME" Description="LOC_MEMENTO_ASHOKA_CONQUEROR_SILK_UTTARIYA_DESCRIPTION" SortIndex="100000"/>
		<Row GameItemID="MEMENTO_ASHOKA_CONQUEROR_LION_CAPITAL" DNAItemID="2aa6a2c7f77b495193667381df1d39b2" CustomData="mem_min_lion_capital" Type="UNLOCKABLEREWARD_TYPE_MEMENTO" Name="LOC_MEMENTO_ASHOKA_CONQUEROR_LION_CAPITAL_NAME" Description="LOC_MEMENTO_ASHOKA_CONQUEROR_LION_CAPITAL_DESCRIPTION" SortIndex="100000"/>
		<Row GameItemID="TITLE_ASHOKA_CONQUEROR" DNAItemID="42ea28b977ae4fd7afb9c7086d74b753" CustomData="LOC_PROFILE_TITLE_ASHOKA_CONQUEROR" Type="UNLOCKABLEREWARD_TYPE_TITLE" Name="LOC_TITLE_ASHOKA_CONQUEROR_NAME" Description="LOC_TITLE_DESCRIPTION" SortIndex="410250"/>
		<Row GameItemID="STRATEGYCARD_ASHOKA_CONQUEROR_EXPLORATION_1" DNAItemID="7029240dc64e421f9f6d559f7237ef30" CustomData="prof_card" Type="UNLOCKABLEREWARD_TYPE_STRACARD" Name="LOC_STRATEGYCARD_ASHOKA_CONQUEROR_EXPLORATION_1_NAME" Description="LOC_STRATEGYCARD_ASHOKA_CONQUEROR_EXPLORATION_1_DESCRIPTION" SortIndex="100000"/>
		<Row GameItemID="STRATEGYCARD_ASHOKA_CONQUEROR_EXPLORATION_2" DNAItemID="c5f08ca14da6436fb635d4bbf0c71d27" CustomData="prof_card" Type="UNLOCKABLEREWARD_TYPE_STRACARD" Name="LOC_STRATEGYCARD_ASHOKA_CONQUEROR_EXPLORATION_2_NAME" Description="LOC_STRATEGYCARD_ASHOKA_CONQUEROR_EXPLORATION_2_DESCRIPTION" SortIndex="100000"/>
		<Row GameItemID="STRATEGYCARD_ASHOKA_CONQUEROR_MODERN_1" DNAItemID="e2377a7714c440b687e044c61a00d8b0" CustomData="prof_card" Type="UNLOCKABLEREWARD_TYPE_STRACARD" Name="LOC_STRATEGYCARD_ASHOKA_CONQUEROR_MODERN_1_NAME" Description="LOC_STRATEGYCARD_ASHOKA_CONQUEROR_MODERN_1_DESCRIPTION" SortIndex="100000"/>
		<Row GameItemID="STRATEGYCARD_ASHOKA_CONQUEROR_MODERN_2" DNAItemID="a2ec2bb0587e47869986a6853e8a47d3" CustomData="prof_card" Type="UNLOCKABLEREWARD_TYPE_STRACARD" Name="LOC_STRATEGYCARD_ASHOKA_CONQUEROR_MODERN_2_NAME" Description="LOC_STRATEGYCARD_ASHOKA_CONQUEROR_MODERN_2_DESCRIPTION" SortIndex="100000"/>
		<Row GameItemID="STRATEGYCARD_AS_ASHOKA_CONQUEROR_EXPLORATION_1" DNAItemID="a7401d827b7a41d08d3350caca231349" CustomData="prof_card" Type="UNLOCKABLEREWARD_TYPE_STRACARD" Name="LOC_STRATEGYCARD_ASHOKA_CONQUEROR_EXPLORATION_1_NAME" Description="LOC_STRATEGYCARD_ASHOKA_CONQUEROR_EXPLORATION_1_DESCRIPTION" SortIndex="100000"/>
		<Row GameItemID="STRATEGYCARD_AS_ASHOKA_CONQUEROR_EXPLORATION_2" DNAItemID="506c0b5ef5ce4d6d88c3f3796ca64206" CustomData="prof_card" Type="UNLOCKABLEREWARD_TYPE_STRACARD" Name="LOC_STRATEGYCARD_ASHOKA_CONQUEROR_EXPLORATION_2_NAME" Description="LOC_STRATEGYCARD_ASHOKA_CONQUEROR_EXPLORATION_2_DESCRIPTION" SortIndex="100000"/>
		<Row GameItemID="STRATEGYCARD_AS_ASHOKA_CONQUEROR_MODERN_1" DNAItemID="57422da0fcfe450c9942c13ef9221d7e" CustomData="prof_card" Type="UNLOCKABLEREWARD_TYPE_STRACARD" Name="LOC_STRATEGYCARD_ASHOKA_CONQUEROR_MODERN_1_NAME" Description="LOC_STRATEGYCARD_ASHOKA_CONQUEROR_MODERN_1_DESCRIPTION" SortIndex="100000"/>
		<Row GameItemID="STRATEGYCARD_AS_ASHOKA_CONQUEROR_MODERN_2" DNAItemID="d6e2d1eb522d42d5b450c6d5d0650393" CustomData="prof_card" Type="UNLOCKABLEREWARD_TYPE_STRACARD" Name="LOC_STRATEGYCARD_ASHOKA_CONQUEROR_MODERN_2_NAME" Description="LOC_STRATEGYCARD_ASHOKA_CONQUEROR_MODERN_2_DESCRIPTION" SortIndex="100000"/>
		<Row GameItemID="NODE_ATTRIBUTE_DIPLOMATIC_LEGEND_ASHOKA_ALT_L1" DNAItemID="8fd3a9e33d0a4e34a89cac07a021bde5" CustomData="prof_attributes" Type="UNLOCKABLEREWARD_TYPE_ATTRINODE" Name="LOC_ATTRIBUTENODE_ASHOKA_CONQUEROR_L1_NAME" Description="LOC_ATTRIBUTENODE_ASHOKA_CONQUEROR_L1_DESCRIPTION" SortIndex="100000"/>
		<Row GameItemID="NODE_ATTRIBUTE_MILITARISTIC_LEGEND_ASHOKA_ALT_L2" DNAItemID="09ac4f3829ee4374bcaaab6e3dbfd128" CustomData="prof_attributes" Type="UNLOCKABLEREWARD_TYPE_ATTRINODE" Name="LOC_ATTRIBUTENODE_ASHOKA_CONQUEROR_L2_NAME" Description="LOC_ATTRIBUTENODE_ASHOKA_CONQUEROR_L2_DESCRIPTION" SortIndex="100000"/>
		<Row GameItemID="BADGE_HIMIKO_HIGH_SHAMAN" DNAItemID="94faaf10893c4f19a8c146da4a12967f" CustomData="ba_himiko_shaman" Type="UNLOCKABLEREWARD_TYPE_BADGE" Name="LOC_BADGE_HIMIKO_HIGH_SHAMAN_NAME" Description="LOC_BADGE_DESCRIPTION" SortIndex="111000"/>
		<Row GameItemID="BADGE_HIMIKO_SHAMAN_P" DNAItemID="ac0b6ac7b2984fc484ebc82aff22ad8e" CustomData="ba_himiko_shaman_p" Type="UNLOCKABLEREWARD_TYPE_BADGE" Name="LOC_BADGE_HIMIKO_SHAMAN_P_NAME" Description="LOC_BADGE_DESCRIPTION" SortIndex="112900"/>
		<Row GameItemID="BANNER_HIMIKO_HIGH_SHAMAN" DNAItemID="8b9a6f4610884185bf698c481987d108" CustomData="bn_himiko_shaman" Type="UNLOCKABLEREWARD_TYPE_BANNER" Name="LOC_BANNER_HIMIKO_HIGH_SHAMAN_NAME" Description="LOC_BANNER_DESCRIPTION" SortIndex="211150"/>
		<Row GameItemID="TITLE_HIMIKO_HIGH_SHAMAN" DNAItemID="b28b95b80598471ca4cc839739a9adb5" CustomData="LOC_PROFILE_TITLE_HIMIKO_HIGH_SHAMAN" Type="UNLOCKABLEREWARD_TYPE_TITLE" Name="LOC_TITLE_HIMIKO_HIGH_SHAMAN_NAME" Description="LOC_TITLE_DESCRIPTION" SortIndex="411050"/>
		<Row GameItemID="MEMENTO_HIMIKO_SHAMAN_SAKAKI_BRANCH" DNAItemID="a2bb11bd859e4964b8a787c4e9d86541" CustomData="mem_min_sakaki_branch" Type="UNLOCKABLEREWARD_TYPE_MEMENTO" Name="LOC_MEMENTO_HIMIKO_SHAMAN_SAKAKI_BRANCH_NAME" Description="LOC_MEMENTO_HIMIKO_SHAMAN_SAKAKI_BRANCH_DESCRIPTION" SortIndex="100000"/>
		<Row GameItemID="MEMENTO_HIMIKO_SHAMAN_KUSANAGI_NO_TSURUGI" DNAItemID="becd7d7b5ffb4af7a319cec360f1648c" CustomData="mem_min_kusanagi_no_tsurugi" Type="UNLOCKABLEREWARD_TYPE_MEMENTO" Name="LOC_MEMENTO_HIMIKO_SHAMAN_KUSANAGI_NO_TSURUGI_NAME" Description="LOC_MEMENTO_HIMIKO_SHAMAN_KUSANAGI_NO_TSURUGI_DESCRIPTION" SortIndex="100000"/>
		<Row GameItemID="MEMENTO_HIMIKO_SHAMAN_YATA_NO_KAGAMI" DNAItemID="d5c44c4b5a7c4b98a0cc367d94541ca8" CustomData="mem_min_yata_no_kagami" Type="UNLOCKABLEREWARD_TYPE_MEMENTO" Name="LOC_MEMENTO_HIMIKO_SHAMAN_YATA_NO_KAGAMI_NAME" Description="LOC_MEMENTO_HIMIKO_SHAMAN_YATA_NO_KAGAMI_DESCRIPTION" SortIndex="100000"/>
		<Row GameItemID="STRATEGYCARD_HIMIKO_SHAMAN_EXPLORATION_1" DNAItemID="875cc10176f14ceeabcc70dd698efb9c" CustomData="prof_card" Type="UNLOCKABLEREWARD_TYPE_STRACARD" Name="LOC_STRATEGYCARD_HIMIKO_SHAMAN_EXPLORATION_1_NAME" Description="LOC_STRATEGYCARD_HIMIKO_SHAMAN_EXPLORATION_1_DESCRIPTION" SortIndex="100000"/>
		<Row GameItemID="STRATEGYCARD_HIMIKO_SHAMAN_EXPLORATION_2" DNAItemID="54b4e8b9e98b46998eac92aa24dc23a9" CustomData="prof_card" Type="UNLOCKABLEREWARD_TYPE_STRACARD" Name="LOC_STRATEGYCARD_HIMIKO_SHAMAN_EXPLORATION_2_NAME" Description="LOC_STRATEGYCARD_HIMIKO_SHAMAN_EXPLORATION_2_DESCRIPTION" SortIndex="100000"/>
		<Row GameItemID="STRATEGYCARD_HIMIKO_SHAMAN_MODERN_1" DNAItemID="8a29dd920e9f42b889de55cd1a447b0f" CustomData="prof_card" Type="UNLOCKABLEREWARD_TYPE_STRACARD" Name="LOC_STRATEGYCARD_HIMIKO_SHAMAN_MODERN_1_NAME" Description="LOC_STRATEGYCARD_HIMIKO_SHAMAN_MODERN_1_DESCRIPTION" SortIndex="100000"/>
		<Row GameItemID="STRATEGYCARD_HIMIKO_SHAMAN_MODERN_2" DNAItemID="8b241aedfeea4eb4889c4f06ed8f8984" CustomData="prof_card" Type="UNLOCKABLEREWARD_TYPE_STRACARD" Name="LOC_STRATEGYCARD_HIMIKO_SHAMAN_MODERN_2_NAME" Description="LOC_STRATEGYCARD_HIMIKO_SHAMAN_MODERN_2_DESCRIPTION" SortIndex="100000"/>
		<Row GameItemID="STRATEGYCARD_AS_HIMIKO_SHAMAN_EXPLORATION_1" DNAItemID="05d3c6ff4f8d42cc8f099867be539ddb" CustomData="prof_card" Type="UNLOCKABLEREWARD_TYPE_STRACARD" Name="LOC_STRATEGYCARD_HIMIKO_SHAMAN_EXPLORATION_1_NAME" Description="LOC_STRATEGYCARD_HIMIKO_SHAMAN_EXPLORATION_1_DESCRIPTION" SortIndex="100000"/>
		<Row GameItemID="STRATEGYCARD_AS_HIMIKO_SHAMAN_EXPLORATION_2" DNAItemID="d4c44972b0bb49f5866880956a957276" CustomData="prof_card" Type="UNLOCKABLEREWARD_TYPE_STRACARD" Name="LOC_STRATEGYCARD_HIMIKO_SHAMAN_EXPLORATION_2_NAME" Description="LOC_STRATEGYCARD_HIMIKO_SHAMAN_EXPLORATION_2_DESCRIPTION" SortIndex="100000"/>
		<Row GameItemID="STRATEGYCARD_AS_HIMIKO_SHAMAN_MODERN_1" DNAItemID="fe987262fb0240e08ed2761bf114db32" CustomData="prof_card" Type="UNLOCKABLEREWARD_TYPE_STRACARD" Name="LOC_STRATEGYCARD_HIMIKO_SHAMAN_MODERN_1_NAME" Description="LOC_STRATEGYCARD_HIMIKO_SHAMAN_MODERN_1_DESCRIPTION" SortIndex="100000"/>
		<Row GameItemID="STRATEGYCARD_AS_HIMIKO_SHAMAN_MODERN_2" DNAItemID="122e4adf7256417684945b4c50eca0bb" CustomData="prof_card" Type="UNLOCKABLEREWARD_TYPE_STRACARD" Name="LOC_STRATEGYCARD_HIMIKO_SHAMAN_MODERN_2_NAME" Description="LOC_STRATEGYCARD_HIMIKO_SHAMAN_MODERN_2_DESCRIPTION" SortIndex="100000"/>
		<Row GameItemID="NODE_ATTRIBUTE_CULTURAL_LEGEND_HIMIKO_ALT_L1" DNAItemID="70b27b83c99746118f9a9b4ec5449259" CustomData="prof_attributes" Type="UNLOCKABLEREWARD_TYPE_ATTRINODE" Name="LOC_ATTRIBUTENODE_HIMIKO_SHAMAN_L1_NAME" Description="LOC_ATTRIBUTENODE_HIMIKO_SHAMAN_L1_DESCRIPTION" SortIndex="100000"/>
		<Row GameItemID="NODE_ATTRIBUTE_DIPLOMATIC_LEGEND_HIMIKO_ALT_L2" DNAItemID="707d2cc6f26049279361cc821e1501d7" CustomData="prof_attributes" Type="UNLOCKABLEREWARD_TYPE_ATTRINODE" Name="LOC_ATTRIBUTENODE_HIMIKO_SHAMAN_L2_NAME" Description="LOC_ATTRIBUTENODE_HIMIKO_SHAMAN_L2_DESCRIPTION" SortIndex="100000"/>
	</Rewards>
</Database>