<?xml version="1.0" encoding="utf-8"?>
<!-- !! DO NOT EDIT THIS FILE !! -->
<!-- This file was automatically generated via the metaprogression generation workflow. -->
<Database>
	<Challenges>
		<Row ChallengeType="CHALLENGE_ASSYRIA_LEGACY_PATH_SCIENTIFIC" DNAChallengeID="083c1ab5-02a3-428c-941b-6e6287b31406" ChallengeClass="CHALLENGE_CLASS_FOUNDATION" ChallengeCategory="CHALLENGE_CATEGORY_FOUNDATION_CIV_VICTORIES" Difficulty="2" SortIndex="105000" />
		<Row ChallengeType="CHALLENGE_ASSYRIA_LEGACY_PATH_MILESTONE_COMPLETED" DNAChallengeID="977273ed-456c-4076-9f03-0f88c7e05d36" ChallengeClass="CHALLENGE_CLASS_FOUNDATION" ChallengeCategory="CHALLENGE_CATEGORY_FOUNDATION_CIV_VICTORIES" Difficulty="2" SortIndex="105010" Hidden="true" />
		<Row ChallengeType="CHALLENGE_ASSYRIA_COMPLETE_DUR_SHARRUKIN" DNAChallengeID="2d19a17f-80a3-4adf-8305-2c97fb957f50" ChallengeClass="CHALLENGE_CLASS_FOUNDATION" ChallengeCategory="CHALLENGE_CATEGORY_FOUNDATION_WONDERS" Difficulty="2" SortIndex="105100" />
	</Challenges>
<ChallengesRewards>
		<Row ChallengeType="CHALLENGE_ASSYRIA_LEGACY_PATH_SCIENTIFIC" RewardType="XP" Reward="50" />
		<Row ChallengeType="CHALLENGE_ASSYRIA_COMPLETE_DUR_SHARRUKIN" RewardType="XP" Reward="50" />
	</ChallengesRewards>
	<ChallengeEvents>
		<Row ChallengeEventType="CHALLENGE_EVENT_ASSYRIA_LEGACY_PATH_SCIENTIFIC_COMPLETE" DNAEventID="c47a7b1d-6350-457f-baae-67ac688df2a2" CompletesChallengeType="CHALLENGE_ASSYRIA_LEGACY_PATH_SCIENTIFIC" />
		<Row ChallengeEventType="CHALLENGE_EVENT_ASSYRIA_LEGACY_PATH_MILESTONE_COMPLETED_COMPLETE" DNAEventID="22b02b02-59cf-4343-a365-2b39338213f3" CompletesChallengeType="CHALLENGE_ASSYRIA_LEGACY_PATH_MILESTONE_COMPLETED" />
		<Row ChallengeEventType="CHALLENGE_EVENT_ASSYRIA_COMPLETE_DUR_SHARRUKIN_COMPLETE" DNAEventID="dc52f42a-a267-4ad5-9ca0-0ce6b35a1ec5" CompletesChallengeType="CHALLENGE_ASSYRIA_COMPLETE_DUR_SHARRUKIN" />
	</ChallengeEvents>
<ChallengeEventChallengeStatEffects>
	</ChallengeEventChallengeStatEffects>
	<ChallengeCategoryData>
	</ChallengeCategoryData>
</Database>