<?xml version="1.0" encoding="utf-8"?>
<metaprogression xmlns="Metaprogression">
	<legendPath id="LEGEND_PATH_ASHOKA_ALT" type="CHALLENGE_CLASS_LEADER">
		<sortIndex>40</sortIndex>
		<level level="2">
			<reward reward="MEMENTO_ASHOKA_CONQUEROR_CHANDA_MAHASENA" />
		</level>
		<level level="3">
			<reward reward="NODE_ATTRIBUTE_DIPLOMATIC_LEGEND_ASHOKA_ALT_L1"/>
		</level>
		<level level="4">
			<reward reward="STRATEGYCARD_ASHOKA_CONQUEROR_EXPLORATION_1"/>
			<reward reward="STRATEGYCARD_ASHOKA_CONQUEROR_EXPLORATION_2"/>
		</level>
		<level level="5">
			<reward reward="MEMENTO_ASHOKA_CONQUEROR_SILK_UTTARIYA" />
		</level>
		<level level="6">
			<reward reward="BANNER_ASHOKA_CONQUEROR"/>
			<reward reward="BADGE_ASHOKA_CONQUEROR"/>
		</level>
		<level level="7">
			<reward reward="NODE_ATTRIBUTE_MILITARISTIC_LEGEND_ASHOKA_ALT_L2"/>
		</level>
		<level level="8">
			<reward reward="STRATEGYCARD_ASHOKA_CONQUEROR_MODERN_1"/>
			<reward reward="STRATEGYCARD_ASHOKA_CONQUEROR_MODERN_2"/>
		</level>
		<level level="9">
			<reward reward="MEMENTO_ASHOKA_CONQUEROR_LION_CAPITAL" />
		</level>
		<level level="10">
			<reward reward="TITLE_ASHOKA_CONQUEROR"/>
			<reward reward="BADGE_ASHOKA_CONQUEROR_P"/>
		</level>
	</legendPath>
	<challengeEvents>
		<event id="CHALLENGE_EVENT_LEADER_ASHOKA_ALT_AGE_ENDED" />
		<event id="CHALLENGE_EVENT_LEADER_ASHOKA_ALT_VICTORY_ACHIEVED" />
		<event id="CHALLENGE_EVENT_LEADER_ASHOKA_ALT_FLAWLESS_VICTORY_ACHIEVED" />
		<event id="CHALLENGE_EVENT_LEADER_ASHOKA_ALT_LEGACY_PATH_MILESTONE_COMPLETED" />
	</challengeEvents>
	<statistics>
		<statistic id="CHALLENGE_STATISTIC_LEADER_ASHOKA_ALT_LEGACY_PATH_MILESTONE_COMPLETED" event="CHALLENGE_EVENT_LEADER_ASHOKA_ALT_LEGACY_PATH_MILESTONE_COMPLETED"/>
		<statistic id="CHALLENGE_STATISTIC_LEADER_ASHOKA_ALT_MILITARY_VICTORY_ANTIQUITY" event="CHALLENGE_EVENT_LEADER_ASHOKA_ALT_VICTORY_ACHIEVED">
			<rules>
				<rule type="and">
					<rule type="equals" var="victoryType">VICTORY_CLASS_MILITARY</rule>
					<rule type="equals" var="age">AGE_ANTIQUITY</rule>
				</rule>
			</rules>
		</statistic>
		<statistic id="CHALLENGE_STATISTIC_LEADER_ASHOKA_ALT_MILITARY_VICTORY_EXPLORATION" event="CHALLENGE_EVENT_LEADER_ASHOKA_ALT_VICTORY_ACHIEVED">
			<rules>
				<rule type="and">
					<rule type="equals" var="victoryType">VICTORY_CLASS_MILITARY</rule>
					<rule type="equals" var="age">AGE_EXPLORATION</rule>
				</rule>
			</rules>
		</statistic>
		<statistic id="CHALLENGE_STATISTIC_LEADER_ASHOKA_ALT_MILITARY_VICTORY_MODERN" event="CHALLENGE_EVENT_LEADER_ASHOKA_ALT_VICTORY_ACHIEVED">
			<rules>
				<rule type="and">
					<rule type="equals" var="victoryType">VICTORY_CLASS_MILITARY</rule>
					<rule type="equals" var="age">AGE_MODERN</rule>
				</rule>
			</rules>
		</statistic>
		<statistic id="CHALLENGE_STATISTIC_LEADER_ASHOKA_ALT_ECONOMIC_VICTORY_ANTIQUITY" event="CHALLENGE_EVENT_LEADER_ASHOKA_ALT_VICTORY_ACHIEVED">
			<rules>
				<rule type="and">
					<rule type="equals" var="victoryType">VICTORY_CLASS_ECONOMIC</rule>
					<rule type="equals" var="age">AGE_ANTIQUITY</rule>
				</rule>
			</rules>
		</statistic>
		<statistic id="CHALLENGE_STATISTIC_LEADER_ASHOKA_ALT_ECONOMIC_VICTORY_EXPLORATION" event="CHALLENGE_EVENT_LEADER_ASHOKA_ALT_VICTORY_ACHIEVED">
			<rules>
				<rule type="and">
					<rule type="equals" var="victoryType">VICTORY_CLASS_ECONOMIC</rule>
					<rule type="equals" var="age">AGE_EXPLORATION</rule>
				</rule>
			</rules>
		</statistic>
		<statistic id="CHALLENGE_STATISTIC_LEADER_ASHOKA_ALT_ECONOMIC_VICTORY_MODERN" event="CHALLENGE_EVENT_LEADER_ASHOKA_ALT_VICTORY_ACHIEVED">
			<rules>
				<rule type="and">
					<rule type="equals" var="victoryType">VICTORY_CLASS_ECONOMIC</rule>
					<rule type="equals" var="age">AGE_MODERN</rule>
				</rule>
			</rules>
		</statistic>
		<statistic id="CHALLENGE_STATISTIC_LEADER_ASHOKA_ALT_SCIENCE_VICTORY_ANTIQUITY" event="CHALLENGE_EVENT_LEADER_ASHOKA_ALT_VICTORY_ACHIEVED">
			<rules>
				<rule type="and">
					<rule type="equals" var="victoryType">VICTORY_CLASS_SCIENCE</rule>
					<rule type="equals" var="age">AGE_ANTIQUITY</rule>
				</rule>
			</rules>
		</statistic>
		<statistic id="CHALLENGE_STATISTIC_LEADER_ASHOKA_ALT_SCIENCE_VICTORY_EXPLORATION" event="CHALLENGE_EVENT_LEADER_ASHOKA_ALT_VICTORY_ACHIEVED">
			<rules>
				<rule type="and">
					<rule type="equals" var="victoryType">VICTORY_CLASS_SCIENCE</rule>
					<rule type="equals" var="age">AGE_EXPLORATION</rule>
				</rule>
			</rules>
		</statistic>
		<statistic id="CHALLENGE_STATISTIC_LEADER_ASHOKA_ALT_SCIENCE_VICTORY_MODERN" event="CHALLENGE_EVENT_LEADER_ASHOKA_ALT_VICTORY_ACHIEVED">
			<rules>
				<rule type="and">
					<rule type="equals" var="victoryType">VICTORY_CLASS_SCIENCE</rule>
					<rule type="equals" var="age">AGE_MODERN</rule>
				</rule>
			</rules>
		</statistic>
		<statistic id="CHALLENGE_STATISTIC_LEADER_ASHOKA_ALT_CULTURE_VICTORY_ANTIQUITY" event="CHALLENGE_EVENT_LEADER_ASHOKA_ALT_VICTORY_ACHIEVED">
			<rules>
				<rule type="and">
					<rule type="equals" var="victoryType">VICTORY_CLASS_CULTURE</rule>
					<rule type="equals" var="age">AGE_ANTIQUITY</rule>
				</rule>
			</rules>
		</statistic>
		<statistic id="CHALLENGE_STATISTIC_LEADER_ASHOKA_ALT_CULTURE_VICTORY_EXPLORATION" event="CHALLENGE_EVENT_LEADER_ASHOKA_ALT_VICTORY_ACHIEVED">
			<rules>
				<rule type="and">
					<rule type="equals" var="victoryType">VICTORY_CLASS_CULTURE</rule>
					<rule type="equals" var="age">AGE_EXPLORATION</rule>
				</rule>
			</rules>
		</statistic>
		<statistic id="CHALLENGE_STATISTIC_LEADER_ASHOKA_ALT_CULTURE_VICTORY_MODERN" event="CHALLENGE_EVENT_LEADER_ASHOKA_ALT_VICTORY_ACHIEVED">
			<rules>
				<rule type="and">
					<rule type="equals" var="victoryType">VICTORY_CLASS_CULTURE</rule>
					<rule type="equals" var="age">AGE_MODERN</rule>
				</rule>
			</rules>
		</statistic>
		<statistic id="CHALLENGE_STATISTIC_LEADER_ASHOKA_ALT_ANTIQUITY_AGES_COMPLETED" event="CHALLENGE_EVENT_LEADER_ASHOKA_ALT_AGE_ENDED">
			<rules>
				<rule type="equals" var="age">AGE_ANTIQUITY</rule>
			</rules>
		</statistic>
		<statistic id="CHALLENGE_STATISTIC_LEADER_ASHOKA_ALT_EXPLORATION_AGES_COMPLETED" event="CHALLENGE_EVENT_LEADER_ASHOKA_ALT_AGE_ENDED">
			<rules>
				<rule type="equals" var="age">AGE_EXPLORATION</rule>
			</rules>
		</statistic>
		<statistic id="CHALLENGE_STATISTIC_LEADER_ASHOKA_ALT_MODERN_AGES_COMPLETED" event="CHALLENGE_EVENT_LEADER_ASHOKA_ALT_AGE_ENDED">
			<rules>
				<rule type="equals" var="age">AGE_MODERN</rule>
			</rules>
		</statistic>
	</statistics>
	<challengeCategoryData>
		<challengeCategory id="CHALLENGE_CATEGORY_LEADER_ASHOKA_ALT" locName="LOC_LEADER_ASHOKA_ALT_NAME" sortIndex="18000"/>
	</challengeCategoryData>
	<challenges class="CHALLENGE_CLASS_LEADER" category="CHALLENGE_CATEGORY_LEADER_ASHOKA_ALT" legendPath="LEGEND_PATH_ASHOKA_ALT">
		<challenge id="CHALLENGE_ASHOKA_ALT_MILITARY_VICTORY_ANTIQUITY" scope="Career" difficulty="3">
			<l10n>
				<name>Pax Imperatoria</name>
				<description>As Ashoka, World Conqueror, complete the Pax Imperatoria Legacy Path.</description>
			</l10n>
			<sortIndex>26500</sortIndex>
			<careerConfig statistic="CHALLENGE_STATISTIC_LEADER_ASHOKA_ALT_MILITARY_VICTORY_ANTIQUITY" threshold="1" />
			<reward type="XP" reward="50" />
		</challenge>
		<challenge id="CHALLENGE_ASHOKA_ALT_MILITARY_VICTORY_ANTIQUITY_2" scope="Career" difficulty="3">
			<l10n>
				<name>Pax Imperatoria 2</name>
				<description>As Ashoka, World Conqueror, complete the Pax Imperatoria Legacy Path twice.</description>
			</l10n>
			<sortIndex>26510</sortIndex>
			<careerConfig statistic="CHALLENGE_STATISTIC_LEADER_ASHOKA_ALT_MILITARY_VICTORY_ANTIQUITY" threshold="2" />
			<reward type="XP" reward="25" />
		</challenge>
		<challenge id="CHALLENGE_ASHOKA_ALT_MILITARY_VICTORY_ANTIQUITY_3" scope="Career" difficulty="3">
			<l10n>
				<name>Pax Imperatoria 3</name>
				<description>As Ashoka, World Conqueror, complete the Pax Imperatoria Legacy Path thrice.</description>
			</l10n>
			<sortIndex>26520</sortIndex>
			<careerConfig statistic="CHALLENGE_STATISTIC_LEADER_ASHOKA_ALT_MILITARY_VICTORY_ANTIQUITY" threshold="3" />
			<reward type="XP" reward="25" />
		</challenge>
		<challenge id="CHALLENGE_ASHOKA_ALT_ECONOMIC_VICTORY_ANTIQUITY" scope="Career" difficulty="3">
			<l10n>
				<name>Silk Roads</name>
				<description>As Ashoka, World Conqueror, complete the Silk Roads Legacy Path.</description>
			</l10n>
			<sortIndex>26700</sortIndex>
			<careerConfig statistic="CHALLENGE_STATISTIC_LEADER_ASHOKA_ALT_ECONOMIC_VICTORY_ANTIQUITY" threshold="1" />
			<reward type="XP" reward="50" />
		</challenge>
		<challenge id="CHALLENGE_ASHOKA_ALT_ECONOMIC_VICTORY_ANTIQUITY_2" scope="Career" difficulty="3">
			<l10n>
				<name>Silk Roads 2</name>
				<description>As Ashoka, World Conqueror, complete the Silk Roads Legacy Path twice.</description>
			</l10n>
			<sortIndex>26710</sortIndex>
			<careerConfig statistic="CHALLENGE_STATISTIC_LEADER_ASHOKA_ALT_ECONOMIC_VICTORY_ANTIQUITY" threshold="2" />
			<reward type="XP" reward="25" />
		</challenge>
		<challenge id="CHALLENGE_ASHOKA_ALT_ECONOMIC_VICTORY_ANTIQUITY_3" scope="Career" difficulty="3">
			<l10n>
				<name>Silk Roads 3</name>
				<description>As Ashoka, World Conqueror, complete the Silk Roads Legacy Path thrice.</description>
			</l10n>
			<sortIndex>26720</sortIndex>
			<careerConfig statistic="CHALLENGE_STATISTIC_LEADER_ASHOKA_ALT_ECONOMIC_VICTORY_ANTIQUITY" threshold="3" />
			<reward type="XP" reward="25" />
		</challenge>
		<challenge id="CHALLENGE_ASHOKA_ALT_MILITARY_VICTORY_EXPLORATION" scope="Career" difficulty="3">
			<l10n>
				<name>Non Sufficit Orbis</name>
				<description>As Ashoka, World Conqueror, complete the Non Sufficit Orbis Legacy Path.</description>
			</l10n>
			<sortIndex>27100</sortIndex>
			<careerConfig statistic="CHALLENGE_STATISTIC_LEADER_ASHOKA_ALT_MILITARY_VICTORY_EXPLORATION" threshold="1" />
			<reward type="XP" reward="50" />
		</challenge>
		<challenge id="CHALLENGE_ASHOKA_ALT_MILITARY_VICTORY_EXPLORATION_2" scope="Career" difficulty="3">
			<l10n>
				<name>Non Sufficit Orbis 2</name>
				<description>As Ashoka, World Conqueror, complete the Non Sufficit Orbis Legacy Path twice.</description>
			</l10n>
			<sortIndex>27110</sortIndex>
			<careerConfig statistic="CHALLENGE_STATISTIC_LEADER_ASHOKA_ALT_MILITARY_VICTORY_EXPLORATION" threshold="2" />
			<reward type="XP" reward="25" />
		</challenge>
		<challenge id="CHALLENGE_ASHOKA_ALT_MILITARY_VICTORY_EXPLORATION_3" scope="Career" difficulty="3">
			<l10n>
				<name>Non Sufficit Orbis 3</name>
				<description>As Ashoka, World Conqueror, complete the Non Sufficit Orbis Legacy Path thrice.</description>
			</l10n>
			<sortIndex>27120</sortIndex>
			<careerConfig statistic="CHALLENGE_STATISTIC_LEADER_ASHOKA_ALT_MILITARY_VICTORY_EXPLORATION" threshold="3" />
			<reward type="XP" reward="25" />
		</challenge>
		<challenge id="CHALLENGE_ASHOKA_ALT_ECONOMIC_VICTORY_EXPLORATION" scope="Career" difficulty="3">
			<l10n>
				<name>Treasure Fleet</name>
				<description>As Ashoka, World Conqueror, complete the Treasure Fleet Legacy Path.</description>
			</l10n>
			<sortIndex>27300</sortIndex>
			<careerConfig statistic="CHALLENGE_STATISTIC_LEADER_ASHOKA_ALT_ECONOMIC_VICTORY_EXPLORATION" threshold="1" />
			<reward type="XP" reward="50" />
		</challenge>
		<challenge id="CHALLENGE_ASHOKA_ALT_ECONOMIC_VICTORY_EXPLORATION_2" scope="Career" difficulty="3">
			<l10n>
				<name>Treasure Fleet 2</name>
				<description>As Ashoka, World Conqueror, complete the Treasure Fleet Legacy Path twice.</description>
			</l10n>
			<sortIndex>27310</sortIndex>
			<careerConfig statistic="CHALLENGE_STATISTIC_LEADER_ASHOKA_ALT_ECONOMIC_VICTORY_EXPLORATION" threshold="2" />
			<reward type="XP" reward="25" />
		</challenge>
		<challenge id="CHALLENGE_ASHOKA_ALT_ECONOMIC_VICTORY_EXPLORATION_3" scope="Career" difficulty="3">
			<l10n>
				<name>Treasure Fleet 3</name>
				<description>As Ashoka, World Conqueror, complete the Treasure Fleet Legacy Path thrice.</description>
			</l10n>
			<sortIndex>27320</sortIndex>
			<careerConfig statistic="CHALLENGE_STATISTIC_LEADER_ASHOKA_ALT_ECONOMIC_VICTORY_EXPLORATION" threshold="3" />
			<reward type="XP" reward="25" />
		</challenge>
		<challenge id="CHALLENGE_ASHOKA_ALT_MILITARY_VICTORY_MODERN" scope="Career" difficulty="3">
			<l10n>
				<name>Ideology</name>
				<description>As Ashoka, World Conqueror, complete the Ideology Legacy Path.</description>
			</l10n>
			<sortIndex>27700</sortIndex>
			<careerConfig statistic="CHALLENGE_STATISTIC_LEADER_ASHOKA_ALT_MILITARY_VICTORY_MODERN" threshold="1" />
			<reward type="XP" reward="50" />
		</challenge>
		<challenge id="CHALLENGE_ASHOKA_ALT_MILITARY_VICTORY_MODERN_2" scope="Career" difficulty="3">
			<l10n>
				<name>Ideology 2</name>
				<description>As Ashoka, World Conqueror, complete the Ideology Legacy Path twice.</description>
			</l10n>
			<sortIndex>27710</sortIndex>
			<careerConfig statistic="CHALLENGE_STATISTIC_LEADER_ASHOKA_ALT_MILITARY_VICTORY_MODERN" threshold="2" />
			<reward type="XP" reward="25" />
		</challenge>
		<challenge id="CHALLENGE_ASHOKA_ALT_MILITARY_VICTORY_MODERN_3" scope="Career" difficulty="3">
			<l10n>
				<name>Ideology 3</name>
				<description>As Ashoka, World Conqueror, complete the Ideology Legacy Path thrice.</description>
			</l10n>
			<sortIndex>27720</sortIndex>
			<careerConfig statistic="CHALLENGE_STATISTIC_LEADER_ASHOKA_ALT_MILITARY_VICTORY_MODERN" threshold="3" />
			<reward type="XP" reward="25" />
		</challenge>
		<challenge id="CHALLENGE_ASHOKA_ALT_ECONOMIC_VICTORY_MODERN" scope="Career" difficulty="3">
			<l10n>
				<name>Railroad Tycoon</name>
				<description>As Ashoka, World Conqueror, complete the Railroad Tycoon Legacy Path.</description>
			</l10n>
			<sortIndex>27600</sortIndex>
			<careerConfig statistic="CHALLENGE_STATISTIC_LEADER_ASHOKA_ALT_ECONOMIC_VICTORY_MODERN" threshold="1" />
			<reward type="XP" reward="50" />
		</challenge>
		<challenge id="CHALLENGE_ASHOKA_ALT_ECONOMIC_VICTORY_MODERN_2" scope="Career" difficulty="3">
			<l10n>
				<name>Railroad Tycoon 2</name>
				<description>As Ashoka, World Conqueror, complete the Railroad Tycoon Legacy Path twice.</description>
			</l10n>
			<sortIndex>27610</sortIndex>
			<careerConfig statistic="CHALLENGE_STATISTIC_LEADER_ASHOKA_ALT_ECONOMIC_VICTORY_MODERN" threshold="2" />
			<reward type="XP" reward="25" />
		</challenge>
		<challenge id="CHALLENGE_ASHOKA_ALT_ECONOMIC_VICTORY_MODERN_3" scope="Career" difficulty="3">
			<l10n>
				<name>Railroad Tycoon 3</name>
				<description>As Ashoka, World Conqueror, complete the Railroad Tycoon Legacy Path thrice.</description>
			</l10n>
			<sortIndex>27620</sortIndex>
			<careerConfig statistic="CHALLENGE_STATISTIC_LEADER_ASHOKA_ALT_ECONOMIC_VICTORY_MODERN" threshold="3" />
			<reward type="XP" reward="25" />
		</challenge>
		<challenge id="CHALLENGE_ASHOKA_ALT_AGE_COMPLETED_ANTIQUITY" scope="Career" difficulty="2">
			<l10n>
				<name>Antiquity Complete</name>
				<description>As Ashoka, World Conqueror, finish the Antiquity Age.</description>
			</l10n>
			<sortIndex>26300</sortIndex>
			<careerConfig statistic="CHALLENGE_STATISTIC_LEADER_ASHOKA_ALT_ANTIQUITY_AGES_COMPLETED" threshold="1" />
			<reward type="XP" reward="25" />
		</challenge>
		<challenge id="CHALLENGE_ASHOKA_ALT_AGE_COMPLETED_ANTIQUITY_2" scope="Career" difficulty="2">
			<l10n>
				<name>Antiquity Complete 2</name>
				<description>As Ashoka, World Conqueror, finish the Antiquity Age twice.</description>
			</l10n>
			<sortIndex>26310</sortIndex>
			<careerConfig statistic="CHALLENGE_STATISTIC_LEADER_ASHOKA_ALT_ANTIQUITY_AGES_COMPLETED" threshold="2" />
			<reward type="XP" reward="25" />
		</challenge>
		<challenge id="CHALLENGE_ASHOKA_ALT_AGE_COMPLETED_ANTIQUITY_3" scope="Career" difficulty="2">
			<l10n>
				<name>Antiquity Complete 3</name>
				<description>As Ashoka, World Conqueror, finish the Antiquity Age thrice.</description>
			</l10n>
			<sortIndex>26320</sortIndex>
			<careerConfig statistic="CHALLENGE_STATISTIC_LEADER_ASHOKA_ALT_ANTIQUITY_AGES_COMPLETED" threshold="3" />
			<reward type="XP" reward="25" />
		</challenge>
		<challenge id="CHALLENGE_ASHOKA_ALT_AGE_COMPLETED_EXPLORATION" scope="Career" difficulty="3">
			<l10n>
				<name>Exploration Complete</name>
				<description>As Ashoka, World Conqueror, finish the Exploration Age.</description>
			</l10n>
			<sortIndex>26900</sortIndex>
			<careerConfig statistic="CHALLENGE_STATISTIC_LEADER_ASHOKA_ALT_EXPLORATION_AGES_COMPLETED" threshold="1" />
			<reward type="XP" reward="50" />
		</challenge>
		<challenge id="CHALLENGE_ASHOKA_ALT_AGE_COMPLETED_EXPLORATION_2" scope="Career" difficulty="3">
			<l10n>
				<name>Exploration Complete 2</name>
				<description>As Ashoka, World Conqueror, finish the Exploration Age twice.</description>
			</l10n>
			<sortIndex>26910</sortIndex>
			<careerConfig statistic="CHALLENGE_STATISTIC_LEADER_ASHOKA_ALT_EXPLORATION_AGES_COMPLETED" threshold="2" />
			<reward type="XP" reward="25" />
		</challenge>
		<challenge id="CHALLENGE_ASHOKA_ALT_AGE_COMPLETED_EXPLORATION_3" scope="Career" difficulty="3">
			<l10n>
				<name>Exploration Complete 3</name>
				<description>As Ashoka, World Conqueror, finish the Exploration Age thrice.</description>
			</l10n>
			<sortIndex>26920</sortIndex>
			<careerConfig statistic="CHALLENGE_STATISTIC_LEADER_ASHOKA_ALT_EXPLORATION_AGES_COMPLETED" threshold="3" />
			<reward type="XP" reward="25" />
		</challenge>
		<challenge id="CHALLENGE_ASHOKA_ALT_AGE_COMPLETED_MODERN" scope="Career" difficulty="2">
			<l10n>
				<name>Modern Complete</name>
				<description>As Ashoka, World Conqueror, finish the Modern Age.</description>
			</l10n>
			<sortIndex>27500</sortIndex>
			<careerConfig statistic="CHALLENGE_STATISTIC_LEADER_ASHOKA_ALT_MODERN_AGES_COMPLETED" threshold="1" />
			<reward type="XP" reward="25" />
		</challenge>
		<challenge id="CHALLENGE_ASHOKA_ALT_AGE_COMPLETED_MODERN_2" scope="Career" difficulty="2">
			<l10n>
				<name>Modern Complete 2</name>
				<description>As Ashoka, World Conqueror, finish the Modern Age twice.</description>
			</l10n>
			<sortIndex>27510</sortIndex>
			<careerConfig statistic="CHALLENGE_STATISTIC_LEADER_ASHOKA_ALT_MODERN_AGES_COMPLETED" threshold="2" />
			<reward type="XP" reward="25" />
		</challenge>
		<challenge id="CHALLENGE_ASHOKA_ALT_AGE_COMPLETED_MODERN_3" scope="Career" difficulty="2">
			<l10n>
				<name>Modern Complete 3</name>
				<description>As Ashoka, World Conqueror, finish the Modern Age thrice.</description>
			</l10n>
			<sortIndex>27520</sortIndex>
			<careerConfig statistic="CHALLENGE_STATISTIC_LEADER_ASHOKA_ALT_MODERN_AGES_COMPLETED" threshold="3" />
			<reward type="XP" reward="25" />
		</challenge>
		<challenge id="CHALLENGE_ASHOKA_ALT_PLAY_GAMES_1" scope="Career" difficulty="1">
			<l10n>
				<name>Play Game 1</name>
				<description>As Ashoka, World Conqueror, reach at least 1 Legacy Path Milestone.</description>
			</l10n>
			<sortIndex>28100</sortIndex>
			<careerConfig statistic="CHALLENGE_STATISTIC_LEADER_ASHOKA_ALT_LEGACY_PATH_MILESTONE_COMPLETED" threshold="1" />
			<reward type="XP" reward="25" />
		</challenge>
		<challenge id="CHALLENGE_ASHOKA_ALT_PLAY_GAMES_2" scope="Career" difficulty="1">
			<l10n>
				<name>Play Game 2</name>
				<description>As Ashoka, World Conqueror, reach at least 2 Legacy Path Milestones.</description>
			</l10n>
			<sortIndex>28200</sortIndex>
			<careerConfig statistic="CHALLENGE_STATISTIC_LEADER_ASHOKA_ALT_LEGACY_PATH_MILESTONE_COMPLETED" threshold="2" />
			<reward type="XP" reward="25" />
		</challenge>
		<challenge id="CHALLENGE_ASHOKA_ALT_PLAY_GAMES_3" scope="Career" difficulty="1">
			<l10n>
				<name>Play Game 3</name>
				<description>As Ashoka, World Conqueror, reach at least 3 Legacy Path Milestones.</description>
			</l10n>
			<sortIndex>28300</sortIndex>
			<careerConfig statistic="CHALLENGE_STATISTIC_LEADER_ASHOKA_ALT_LEGACY_PATH_MILESTONE_COMPLETED" threshold="3" />
			<reward type="XP" reward="25" />
		</challenge>
		<challenge id="CHALLENGE_ASHOKA_ALT_SCIENCE_VICTORY_ANTIQUITY" scope="Career" difficulty="3">
			<l10n>
				<name>Great Library</name>
				<description>As Ashoka, World Conqueror, complete the Great Library Legacy Path.</description>
			</l10n>
			<sortIndex>26600</sortIndex>
			<careerConfig statistic="CHALLENGE_STATISTIC_LEADER_ASHOKA_ALT_SCIENCE_VICTORY_ANTIQUITY" threshold="1" />
			<reward type="XP" reward="50" />
		</challenge>
		<challenge id="CHALLENGE_ASHOKA_ALT_SCIENCE_VICTORY_ANTIQUITY_2" scope="Career" difficulty="3">
			<l10n>
				<name>Great Library 2</name>
				<description>As Ashoka, World Conqueror, complete the Great Library Legacy Path twice.</description>
			</l10n>
			<sortIndex>26610</sortIndex>
			<careerConfig statistic="CHALLENGE_STATISTIC_LEADER_ASHOKA_ALT_SCIENCE_VICTORY_ANTIQUITY" threshold="2" />
			<reward type="XP" reward="25" />
		</challenge>
		<challenge id="CHALLENGE_ASHOKA_ALT_SCIENCE_VICTORY_ANTIQUITY_3" scope="Career" difficulty="3">
			<l10n>
				<name>Great Library 3</name>
				<description>As Ashoka, World Conqueror, complete the Great Library Legacy Path thrice.</description>
			</l10n>
			<sortIndex>26620</sortIndex>
			<careerConfig statistic="CHALLENGE_STATISTIC_LEADER_ASHOKA_ALT_SCIENCE_VICTORY_ANTIQUITY" threshold="3" />
			<reward type="XP" reward="25" />
		</challenge>
		<challenge id="CHALLENGE_ASHOKA_ALT_SCIENCE_VICTORY_EXPLORATION" scope="Career" difficulty="3">
			<l10n>
				<name>Enlightenment</name>
				<description>As Ashoka, World Conqueror, complete the Enlightenment Legacy Path.</description>
			</l10n>
			<sortIndex>27200</sortIndex>
			<careerConfig statistic="CHALLENGE_STATISTIC_LEADER_ASHOKA_ALT_SCIENCE_VICTORY_EXPLORATION" threshold="1" />
			<reward type="XP" reward="50" />
		</challenge>
		<challenge id="CHALLENGE_ASHOKA_ALT_SCIENCE_VICTORY_EXPLORATION_2" scope="Career" difficulty="3">
			<l10n>
				<name>Enlightenment 2</name>
				<description>As Ashoka, World Conqueror, complete the Enlightenment Legacy Path twice.</description>
			</l10n>
			<sortIndex>27210</sortIndex>
			<careerConfig statistic="CHALLENGE_STATISTIC_LEADER_ASHOKA_ALT_SCIENCE_VICTORY_EXPLORATION" threshold="2" />
			<reward type="XP" reward="25" />
		</challenge>
		<challenge id="CHALLENGE_ASHOKA_ALT_SCIENCE_VICTORY_EXPLORATION_3" scope="Career" difficulty="3">
			<l10n>
				<name>Enlightenment 3</name>
				<description>As Ashoka, World Conqueror, complete the Enlightenment Legacy Path thrice.</description>
			</l10n>
			<sortIndex>27220</sortIndex>
			<careerConfig statistic="CHALLENGE_STATISTIC_LEADER_ASHOKA_ALT_SCIENCE_VICTORY_EXPLORATION" threshold="3" />
			<reward type="XP" reward="25" />
		</challenge>
		<challenge id="CHALLENGE_ASHOKA_ALT_SCIENCE_VICTORY_MODERN" scope="Career" difficulty="3">
			<l10n>
				<name>Space Race</name>
				<description>As Ashoka, World Conqueror, complete the Space Race Legacy Path.</description>
			</l10n>
			<sortIndex>27800</sortIndex>
			<careerConfig statistic="CHALLENGE_STATISTIC_LEADER_ASHOKA_ALT_SCIENCE_VICTORY_MODERN" threshold="1" />
			<reward type="XP" reward="50" />
		</challenge>
		<challenge id="CHALLENGE_ASHOKA_ALT_SCIENCE_VICTORY_MODERN_2" scope="Career" difficulty="3">
			<l10n>
				<name>Space Race 2</name>
				<description>As Ashoka, World Conqueror, complete the Space Race Legacy Path twice.</description>
			</l10n>
			<sortIndex>27810</sortIndex>
			<careerConfig statistic="CHALLENGE_STATISTIC_LEADER_ASHOKA_ALT_SCIENCE_VICTORY_MODERN" threshold="2" />
			<reward type="XP" reward="25" />
		</challenge>
		<challenge id="CHALLENGE_ASHOKA_ALT_SCIENCE_VICTORY_MODERN_3" scope="Career" difficulty="3">
			<l10n>
				<name>Space Race 3</name>
				<description>As Ashoka, World Conqueror, complete the Space Race Legacy Path thrice.</description>
			</l10n>
			<sortIndex>27820</sortIndex>
			<careerConfig statistic="CHALLENGE_STATISTIC_LEADER_ASHOKA_ALT_SCIENCE_VICTORY_MODERN" threshold="3" />
			<reward type="XP" reward="25" />
		</challenge>
		<challenge id="CHALLENGE_ASHOKA_ALT_CULTURE_VICTORY_ANTIQUITY" scope="Career" difficulty="3">
			<l10n>
				<name>Wonders of the Ancient World</name>
				<description>As Ashoka, World Conqueror, complete the Wonders of the Ancient World Legacy Path.</description>
			</l10n>
			<sortIndex>26400</sortIndex>
			<careerConfig statistic="CHALLENGE_STATISTIC_LEADER_ASHOKA_ALT_CULTURE_VICTORY_ANTIQUITY" threshold="1" />
			<reward type="XP" reward="50" />
		</challenge>
		<challenge id="CHALLENGE_ASHOKA_ALT_CULTURE_VICTORY_ANTIQUITY_2" scope="Career" difficulty="3">
			<l10n>
				<name>Wonders of the Ancient World 2</name>
				<description>As Ashoka, World Conqueror, complete the Wonders of the Ancient World Legacy Path twice.</description>
			</l10n>
			<sortIndex>26410</sortIndex>
			<careerConfig statistic="CHALLENGE_STATISTIC_LEADER_ASHOKA_ALT_CULTURE_VICTORY_ANTIQUITY" threshold="2" />
			<reward type="XP" reward="25" />
		</challenge>
		<challenge id="CHALLENGE_ASHOKA_ALT_CULTURE_VICTORY_ANTIQUITY_3" scope="Career" difficulty="3">
			<l10n>
				<name>Wonders of the Ancient World 3</name>
				<description>As Ashoka, World Conqueror, complete the Wonders of the Ancient World Legacy Path thrice.</description>
			</l10n>
			<sortIndex>26420</sortIndex>
			<careerConfig statistic="CHALLENGE_STATISTIC_LEADER_ASHOKA_ALT_CULTURE_VICTORY_ANTIQUITY" threshold="3" />
			<reward type="XP" reward="25" />
		</challenge>
		<challenge id="CHALLENGE_ASHOKA_ALT_CULTURE_VICTORY_EXPLORATION" scope="Career" difficulty="3">
			<l10n>
				<name>Toshakhana</name>
				<description>As Ashoka, World Conqueror, complete the Toshakhana Legacy Path.</description>
			</l10n>
			<sortIndex>27000</sortIndex>
			<careerConfig statistic="CHALLENGE_STATISTIC_LEADER_ASHOKA_ALT_CULTURE_VICTORY_EXPLORATION" threshold="1" />
			<reward type="XP" reward="50" />
		</challenge>
		<challenge id="CHALLENGE_ASHOKA_ALT_CULTURE_VICTORY_EXPLORATION_2" scope="Career" difficulty="3">
			<l10n>
				<name>Toshakhana 2</name>
				<description>As Ashoka, World Conqueror, complete the Toshakhana Legacy Path twice.</description>
			</l10n>
			<sortIndex>27010</sortIndex>
			<careerConfig statistic="CHALLENGE_STATISTIC_LEADER_ASHOKA_ALT_CULTURE_VICTORY_EXPLORATION" threshold="2" />
			<reward type="XP" reward="25" />
		</challenge>
		<challenge id="CHALLENGE_ASHOKA_ALT_CULTURE_VICTORY_EXPLORATION_3" scope="Career" difficulty="3">
			<l10n>
				<name>Toshakhana 3</name>
				<description>As Ashoka, World Conqueror, complete the Toshakhana Legacy Path thrice.</description>
			</l10n>
			<sortIndex>27020</sortIndex>
			<careerConfig statistic="CHALLENGE_STATISTIC_LEADER_ASHOKA_ALT_CULTURE_VICTORY_EXPLORATION" threshold="3" />
			<reward type="XP" reward="25" />
		</challenge>
		<challenge id="CHALLENGE_ASHOKA_ALT_CULTURE_VICTORY_MODERN" scope="Career" difficulty="3">
			<l10n>
				<name>Geographic Society</name>
				<description>As Ashoka, World Conqueror, complete the Geographic Society Legacy Path.</description>
			</l10n>
			<sortIndex>27900</sortIndex>
			<careerConfig statistic="CHALLENGE_STATISTIC_LEADER_ASHOKA_ALT_CULTURE_VICTORY_MODERN" threshold="1" />
			<reward type="XP" reward="50" />
		</challenge>
		<challenge id="CHALLENGE_ASHOKA_ALT_CULTURE_VICTORY_MODERN_2" scope="Career" difficulty="3">
			<l10n>
				<name>Geographic Society 2</name>
				<description>As Ashoka, World Conqueror, complete the Geographic Society Legacy Path twice.</description>
			</l10n>
			<sortIndex>27910</sortIndex>
			<careerConfig statistic="CHALLENGE_STATISTIC_LEADER_ASHOKA_ALT_CULTURE_VICTORY_MODERN" threshold="2" />
			<reward type="XP" reward="25" />
		</challenge>
		<challenge id="CHALLENGE_ASHOKA_ALT_CULTURE_VICTORY_MODERN_3" scope="Career" difficulty="3">
			<l10n>
				<name>Geographic Society 3</name>
				<description>As Ashoka, World Conqueror, complete the Geographic Society Legacy Path thrice.</description>
			</l10n>
			<sortIndex>27920</sortIndex>
			<careerConfig statistic="CHALLENGE_STATISTIC_LEADER_ASHOKA_ALT_CULTURE_VICTORY_MODERN" threshold="3" />
			<reward type="XP" reward="25" />
		</challenge>
		<challenge id="CHALLENGE_ASHOKA_ALT_FLAWLESS_VICTORY_ANTIQUITY" scope="Campaign" difficulty="4">
			<l10n>
				<name>Dual Legacies, Antiquity</name>
				<description>As Ashoka, World Conqueror, complete 2 Legacy Paths in a single Antiquity Age.</description>
			</l10n>
			<sortIndex>26800</sortIndex>
			<campaignConfig event="CHALLENGE_EVENT_LEADER_ASHOKA_ALT_FLAWLESS_VICTORY_ACHIEVED" />
			<rules>
				<rule type="and">
					<rule type="equals" var="legacyPathCount">2</rule>
					<rule type="equals" var="age">AGE_ANTIQUITY</rule>
				</rule>
			</rules>
			<reward type="XP" reward="50" />
		</challenge>
		<challenge id="CHALLENGE_ASHOKA_ALT_FLAWLESS_VICTORY_EXPLORATION" scope="Campaign" difficulty="4">
			<l10n>
				<name>Dual Legacies, Exploration</name>
				<description>As Ashoka, World Conqueror, complete 2 Legacy Paths in a single Exploration Age.</description>
			</l10n>
			<sortIndex>27400</sortIndex>
			<campaignConfig event="CHALLENGE_EVENT_LEADER_ASHOKA_ALT_FLAWLESS_VICTORY_ACHIEVED" />
			<rules>
				<rule type="and">
					<rule type="equals" var="legacyPathCount">2</rule>
					<rule type="equals" var="age">AGE_EXPLORATION</rule>
				</rule>
			</rules>
			<reward type="XP" reward="50" />
		</challenge>
		<challenge id="CHALLENGE_ASHOKA_ALT_FLAWLESS_VICTORY_MODERN" scope="Campaign" difficulty="4">
			<l10n>
				<name>Dual Legacies, Modern</name>
				<description>As Ashoka, World Conqueror, complete 2 Legacy Paths in a single Modern Age.</description>
			</l10n>
			<sortIndex>28000</sortIndex>
			<campaignConfig event="CHALLENGE_EVENT_LEADER_ASHOKA_ALT_FLAWLESS_VICTORY_ACHIEVED" />
			<rules>
				<rule type="and">
					<rule type="equals" var="legacyPathCount">2</rule>
					<rule type="equals" var="age">AGE_MODERN</rule>
				</rule>
			</rules>
			<reward type="XP" reward="50" />
		</challenge>
		<challenge id="CHALLENGE_ASHOKA_ALT_QUEST_CHAKRAVARTI_AVATAR" scope="Campaign" difficulty="2" hidden="true">
			<l10n>
				<name>Chakravarti, Avatar</name>
				<description>After researching Mysticism, embody the gods.</description>
			</l10n>
			<sortIndex>29000</sortIndex>
			<reward type="XP" reward="50" />
		</challenge>
		<challenge id="CHALLENGE_ASHOKA_ALT_QUEST_CHAKRAVARTI_ENLIGHTENED" scope="Campaign" difficulty="2" hidden="true">
			<l10n>
				<name>Chakravarti, Enlightened</name>
				<description>After researching Mysticism, pursue enlightenment.</description>
			</l10n>
			<sortIndex>29100</sortIndex>
			<reward type="XP" reward="50" />
		</challenge>
		<challenge id="CHALLENGE_ASHOKA_ALT_QUEST_DEVARAJA" scope="Campaign" difficulty="2" hidden="true">
			<l10n>
				<name>Devaraja </name>
				<description>As the Devaraja, be transformed.</description>
			</l10n>
			<sortIndex>29200</sortIndex>
			<reward type="XP" reward="50" />
		</challenge>
		<challenge id="CHALLENGE_ASHOKA_ALT_QUEST_DHAMMARAJA" scope="Campaign" difficulty="2" hidden="true">
			<l10n>
				<name>Dhammaraja</name>
				<description>As the Dhammaraja, perform the divine.</description>
			</l10n>
			<sortIndex>29300</sortIndex>
			<reward type="XP" reward="50" />
		</challenge>
		<challenge id="CHALLENGE_ASHOKA_ALT_QUEST_WORLD_CONQUERER" scope="Campaign" difficulty="2" hidden="true">
			<l10n>
				<name>World Conqueror</name>
				<description>As Ashoka, World Conqueror, in Modern, complete a quest to hold tight to the sword.</description>
			</l10n>
			<sortIndex>29400</sortIndex>
			<reward type="XP" reward="50" />
		</challenge>
		<challenge id="CHALLENGE_ASHOKA_ALT_QUEST_WORLD_RENOUNCER" scope="Campaign" difficulty="2" hidden="true">
			<l10n>
				<name>World Renouncer</name>
				<description>As Ashoka, World Conqueror, in Modern, complete a quest to release the sword.</description>
			</l10n>
			<sortIndex>29500</sortIndex>
			<reward type="XP" reward="50" />
		</challenge>
		<challenge id="CHALLENGE_ASHOKA_ALT_QUEST_A_ANTIQUITY" scope="Campaign" difficulty="2">
			<l10n>
				<name>Devaraja</name>
				<description>As Ashoka, World Conqueror, in Antiquity, complete a quest to lead soldiers in prayer.</description>
			</l10n>
			<sortIndex>29510</sortIndex>
			<reward type="XP" reward="50" />
		</challenge>
		<challenge id="CHALLENGE_ASHOKA_ALT_QUEST_B_ANTIQUITY" scope="Campaign" difficulty="2">
			<l10n>
				<name>Dhammaraja</name>
				<description>As Ashoka, World Conqueror, in Antiquity, complete a quest to demand the world's attention.</description>
			</l10n>
			<sortIndex>29515</sortIndex>
			<reward type="XP" reward="50" />
		</challenge>
		<challenge id="CHALLENGE_ASHOKA_ALT_QUEST_A_EXPLORATION" scope="Campaign" difficulty="2">
			<l10n>
				<name>Narayan</name>
				<description>As Ashoka, World Conqueror, in Exploration, complete a quest to provide spiritual guidance.</description>
			</l10n>
			<sortIndex>29520</sortIndex>
			<reward type="XP" reward="50" />
		</challenge>
		<challenge id="CHALLENGE_ASHOKA_ALT_QUEST_B_EXPLORATION" scope="Campaign" difficulty="2">
			<l10n>
				<name>Bodhisattva</name>
				<description>As Ashoka, World Conqueror, in Exploration, complete a quest to enlighten the people.</description>
			</l10n>
			<sortIndex>29520</sortIndex>
			<reward type="XP" reward="50" />
		</challenge>
		<challenge id="CHALLENGE_ASHOKA_ALT_QUEST_A_MODERN" scope="Campaign" difficulty="2">
			<l10n>
				<name>World Conqueror</name>
				<description>As Ashoka, World Conqueror, in Modern, complete a quest to become the god-king.</description>
			</l10n>
			<sortIndex>29525</sortIndex>
			<reward type="XP" reward="50" />
		</challenge>
		<challenge id="CHALLENGE_ASHOKA_ALT_QUEST_B_MODERN" scope="Campaign" difficulty="2">
			<l10n>
				<name>World Renouncer</name>
				<description>As Ashoka, World Conqueror, in Modern, complete a quest to let knowledge guide the future.</description>
			</l10n>
			<sortIndex>29530</sortIndex>
			<reward type="XP" reward="50" />
		</challenge>
		<challenge id="CHALLENGE_ASHOKA_ALT_UNLOCKED_STRATEGYCARDS_EXPLORATION" scope="Campaign" difficulty="1" hidden="true" allowRewardWhenHidden="true">
			<l10n>
				<name>Age Transition Card Exploration</name>
				<description>As Ashoka, World Conqueror, unlock age transition legend strategycards for exploration age.</description>
			</l10n>
			<sortIndex>29501</sortIndex>
			<reward type="UnlockableReward" reward="STRATEGYCARD_AS_ASHOKA_CONQUEROR_EXPLORATION_1" />
			<reward type="UnlockableReward" reward="STRATEGYCARD_AS_ASHOKA_CONQUEROR_EXPLORATION_2" />
		</challenge>
		<challenge id="CHALLENGE_ASHOKA_ALT_UNLOCKED_STRATEGYCARDS_MODERN" scope="Campaign" difficulty="1" hidden="true" allowRewardWhenHidden="true">
			<l10n>
				<name>Age Transition Card Modern</name>
				<description>As Ashoka, World Conqueror, unlock age transition legend strategycards for modern age.</description>
			</l10n>
			<sortIndex>29502</sortIndex>
			<reward type="UnlockableReward" reward="STRATEGYCARD_AS_ASHOKA_CONQUEROR_MODERN_1" />
			<reward type="UnlockableReward" reward="STRATEGYCARD_AS_ASHOKA_CONQUEROR_MODERN_2" />
		</challenge>
	</challenges>
</metaprogression>