<?xml version="1.0" encoding="utf-8"?>
<GameEffects xmlns="GameEffects">
	<Modifier id="METAPROGRESSION_CHALLENGE_GREAT_BRITAIN_LEGACY_PATH_ECONOMIC_ACHIEVED" collection="COLLECTION_OWNER" effect="EFFECT_METAPROGRESSION_COMPLETE_CHALLENGE" permanent="true">
		<OwnerRequirements>
			<Requirement type="REQUIREMENT_LEGACY_PATH_COMPLETED">
				<Argument name="LegacyPathType">LEGACY_PATH_MODERN_ECONOMIC</Argument>
			</Requirement>
			<Requirement type="REQUIREMENT_PLAYER_CIVILIZATION_TYPE_MATCHES">
				<Argument name="CivilizationType">CIVILIZATION_GREAT_BRITAIN</Argument>
			</Requirement>
		</OwnerRequirements>
		<Argument name="Challenge">CHALLENGE_GREAT_BRITAIN_LEGACY_PATH_ECONOMIC</Argument>
	</Modifier>
	<Modifier id="METAPROGRESSION_CHALLENGE_GREAT_BRITAIN_LEGACY_PATH_MILESTONE_COMPLETED" collection="COLLECTION_OWNER" effect="EFFECT_METAPROGRESSION_COMPLETE_CHALLENGE" permanent="true">
		<OwnerRequirements>
			<Requirement type="REQUIREMENT_PLAYER_CIVILIZATION_TYPE_MATCHES">
				<Argument name="CivilizationType">CIVILIZATION_GREAT_BRITAIN</Argument>
			</Requirement>
			<Requirement type="REQUIREMENT_LEGACY_PATH_MILESTONE_COMPLETED" />
		</OwnerRequirements>
		<Argument name="Challenge">CHALLENGE_GREAT_BRITAIN_LEGACY_PATH_MILESTONE_COMPLETED</Argument>
	</Modifier>
	<Modifier id="METAPROGRESSION_CHALLENGE_GREAT_BRITAIN_COMPLETE_BATTERSEA_POWER_STATION_ACHIEVED" collection="COLLECTION_OWNER" effect="EFFECT_METAPROGRESSION_COMPLETE_CHALLENGE" permanent="true">
		<OwnerRequirements>
			<Requirement type="REQUIREMENT_PLAYER_CIVILIZATION_TYPE_MATCHES">
				<Argument name="CivilizationType">CIVILIZATION_GREAT_BRITAIN</Argument>
			</Requirement>
			<Requirement type="REQUIREMENT_PLAYER_SPECIFIC_WONDER_BUILT">
				<Argument name="ConstructibleType">WONDER_BATTERSEA_POWER_STATION</Argument>
			</Requirement>
		</OwnerRequirements>
		<Argument name="Challenge">CHALLENGE_GREAT_BRITAIN_COMPLETE_BATTERSEA_POWER_STATION</Argument>
	</Modifier>
</GameEffects>