<?xml version="1.0" encoding="utf-8"?>
<Database>
	<Movies>
		<!-- Defeat movie with civ-specific audio. -->
		<Row MovieType="MOVIE_DEFEAT_GREATBRITAIN" Locale="en_US" Resolution="720" Url="fs://game/age-modern/movies/DEFEAT_MOD_720p.webm" Audio="play_wilco_civ_loss_great_britain" StopAudio="stop_wilco" Subtitles="fs://game/great-britain/text/subtitles/wilco_civ_modern_britain_defeat.vtt" UseCoverFitMode="true" />
		<Row MovieType="MOVIE_DEFEAT_GREATBRITAIN" Locale="en_US" Resolution="1080" Url="fs://game/age-modern/movies/DEFEAT_MOD_1080p.webm" Audio="play_wilco_civ_loss_great_britain" StopAudio="stop_wilco" Subtitles="fs://game/great-britain/text/subtitles/wilco_civ_modern_britain_defeat.vtt" UseCoverFitMode="true" />


		<!-- Civ-Specific Legacy Path -->
		<!-- (Economic)-->
		<Row MovieType="MOVIE_CIVILIZATION_GREATBRITAIN_LEGACY_ECONOMIC" Locale="en_US" Resolution="720" Url="fs://game/great-britain/movies/AT_BritainVictorian_720p.webm" Audio="play_wilco_civ_economic_great_britain" StopAudio="stop_wilco" Subtitles="fs://game/great-britain/text/subtitles/wilco_civ_modern_britain_legacy_economic.vtt" UseCoverFitMode="true" />
		<Row MovieType="MOVIE_CIVILIZATION_GREATBRITAIN_LEGACY_ECONOMIC" Locale="en_US" Resolution="1080" Url="fs://game/great-britain/movies/AT_BritainVictorian_1080p.webm" Audio="play_wilco_civ_economic_great_britain" StopAudio="stop_wilco" Subtitles="fs://game/great-britain/text/subtitles/wilco_civ_modern_britain_legacy_economic.vtt" UseCoverFitMode="true" />

		<!-- (Military) -->
		<Row MovieType="MOVIE_CIVILIZATION_GREATBRITAIN_LEGACY_MILITARY" Locale="en_US" Resolution="720" Url="fs://game/great-britain/movies/AT_BritainVictorian_720p.webm" Audio="play_wilco_civ_military_great_britain" StopAudio="stop_wilco" Subtitles="fs://game/great-britain/text/subtitles/wilco_civ_modern_britain_legacy_military.vtt" UseCoverFitMode="true" />
		<Row MovieType="MOVIE_CIVILIZATION_GREATBRITAIN_LEGACY_MILITARY" Locale="en_US" Resolution="1080" Url="fs://game/great-britain/movies/AT_BritainVictorian_1080p.webm" Audio="play_wilco_civ_military_great_britain" StopAudio="stop_wilco" Subtitles="fs://game/great-britain/text/subtitles/wilco_civ_modern_britain_legacy_military.vtt" UseCoverFitMode="true" />

		<!-- (Science)-->
		<Row MovieType="MOVIE_CIVILIZATION_GREATBRITAIN_LEGACY_SCIENCE" Locale="en_US" Resolution="720" Url="fs://game/great-britain/movies/AT_BritainVictorian_720p.webm" Audio="play_wilco_civ_science_great_britain" StopAudio="stop_wilco" Subtitles="fs://game/great-britain/text/subtitles/wilco_civ_modern_britain_legacy_science.vtt" UseCoverFitMode="true" />
		<Row MovieType="MOVIE_CIVILIZATION_GREATBRITAIN_LEGACY_SCIENCE" Locale="en_US" Resolution="1080" Url="fs://game/great-britain/movies/AT_BritainVictorian_1080p.webm" Audio="play_wilco_civ_science_great_britain" StopAudio="stop_wilco" Subtitles="fs://game/great-britain/text/subtitles/wilco_civ_modern_britain_legacy_science.vtt" UseCoverFitMode="true" />

		<!-- (Culture)-->
		<Row MovieType="MOVIE_CIVILIZATION_GREATBRITAIN_LEGACY_CULTURE" Locale="en_US" Resolution="720" Url="fs://game/great-britain/movies/AT_BritainVictorian_720p.webm" Audio="play_wilco_civ_culture_great_britain" StopAudio="stop_wilco" Subtitles="fs://game/great-britain/text/subtitles/wilco_civ_modern_britain_legacy_culture.vtt" UseCoverFitMode="true" />
		<Row MovieType="MOVIE_CIVILIZATION_GREATBRITAIN_LEGACY_CULTURE" Locale="en_US" Resolution="1080" Url="fs://game/great-britain/movies/AT_BritainVictorian_1080p.webm" Audio="play_wilco_civ_culture_great_britain" StopAudio="stop_wilco" Subtitles="fs://game/great-britain/text/subtitles/wilco_civ_modern_britain_legacy_culture.vtt" UseCoverFitMode="true" />
	</Movies>

	<EndGameMovies>
		<!-- Defeats (Civ Specific) -->
		<Row DefeatType="DEFEAT_DEFAULT" CivilizationType="CIVILIZATION_GREAT_BRITAIN" Priority="450" MovieType="MOVIE_DEFEAT_GREATBRITAIN" />
		<Row DefeatType="DEFEAT_RETIRE" CivilizationType="CIVILIZATION_GREAT_BRITAIN" Priority="440" MovieType="MOVIE_DEFEAT_GREATBRITAIN" />


		<!-- Age Transition/Legacy Points Victory -->
		<Row CivilizationType="CIVILIZATION_GREAT_BRITAIN" LastCompletedLegacyPath="LEGACY_PATH_MODERN_ECONOMIC" Priority="200" MovieType="MOVIE_CIVILIZATION_GREATBRITAIN_LEGACY_ECONOMIC" />
		<Row CivilizationType="CIVILIZATION_GREAT_BRITAIN" LastCompletedLegacyPath="LEGACY_PATH_MODERN_MILITARY" Priority="200" MovieType="MOVIE_CIVILIZATION_GREATBRITAIN_LEGACY_MILITARY" />
		<Row CivilizationType="CIVILIZATION_GREAT_BRITAIN" LastCompletedLegacyPath="LEGACY_PATH_MODERN_SCIENCE" Priority="200" MovieType="MOVIE_CIVILIZATION_GREATBRITAIN_LEGACY_SCIENCE" />
		<Row CivilizationType="CIVILIZATION_GREAT_BRITAIN" LastCompletedLegacyPath="LEGACY_PATH_MODERN_CULTURE" Priority="200" MovieType="MOVIE_CIVILIZATION_GREATBRITAIN_LEGACY_CULTURE" />

	</EndGameMovies>
</Database>