<Database>
	<NamedRivers>
		<Row NamedRiverType="THAMES_RIVER" Name="LOC_RIVER_THAMES_NAME"/>
		<Row NamedRiverType="WYE_RIVER" Name="LOC_RIVER_WYE_NAME"/>
		<Row NamedRiverType="TAY_RIVER" Name="LOC_RIVER_TAY_NAME"/>
	</NamedRivers>
	<NamedVolcanoes>
		<Row NamedVolcanoType="VOLCANO_BARROW_HILL" Name="LOC_VOLCANO_BARROW_HILL_NAME"/>
		<Row NamedVolcanoType="VOLCANO_BEN_NEVIS" Name="LOC_VOLCANO_BEN_NEVIS_NAME"/>
		<Row NamedVolcanoType="VOLCANO_HELVELLYN" Name="LOC_VOLCANO_HELVELLYN_NAME"/>
		<Row NamedVolcanoType="VOLCANO_MYNYDD_Y_DREF" Name="LOC_VOLCANO_MYNYDD_Y_DREF_NAME"/>
		<Row NamedVolcanoType="VOLCANO_ARTHUR_S_SEAT" Name="LOC_VOLCANO_ARTHUR_S_SEAT_NAME"/>
		<Row NamedVolcanoType="VOLCANO_THE_CHEVIOT" Name="LOC_VOLCANO_THE_CHEVIOT_NAME"/>
	</NamedVolcanoes>
	<NamedRiverCivilizations>
		<Row NamedRiverType="RIVER_WELLAND" CivilizationType="CIVILIZATION_GREAT_BRITAIN"/>
		<Row NamedRiverType="RIVER_GREAT_OUSE" CivilizationType="CIVILIZATION_GREAT_BRITAIN"/>
		<Row NamedRiverType="RIVER_SEVERN" CivilizationType="CIVILIZATION_GREAT_BRITAIN"/>
		<Row NamedRiverType="RIVER_AVON" CivilizationType="CIVILIZATION_GREAT_BRITAIN"/>
		<Row NamedRiverType="RIVER_TRENT" CivilizationType="CIVILIZATION_GREAT_BRITAIN"/>
		<Row NamedRiverType="THAMES_RIVER" CivilizationType="CIVILIZATION_GREAT_BRITAIN"/>
		<Row NamedRiverType="WYE_RIVER" CivilizationType="CIVILIZATION_GREAT_BRITAIN"/>
		<Row NamedRiverType="TAY_RIVER" CivilizationType="CIVILIZATION_GREAT_BRITAIN"/>
	</NamedRiverCivilizations>
	<NamedVolcanoCivilizations>
		<Row NamedVolcanoType="VOLCANO_BARROW_HILL" CivilizationType="CIVILIZATION_GREAT_BRITAIN"/>
		<Row NamedVolcanoType="VOLCANO_BEN_NEVIS" CivilizationType="CIVILIZATION_GREAT_BRITAIN"/>
		<Row NamedVolcanoType="VOLCANO_HELVELLYN" CivilizationType="CIVILIZATION_GREAT_BRITAIN"/>
		<Row NamedVolcanoType="VOLCANO_MYNYDD_Y_DREF" CivilizationType="CIVILIZATION_GREAT_BRITAIN"/>
		<Row NamedVolcanoType="VOLCANO_ARTHUR_S_SEAT" CivilizationType="CIVILIZATION_GREAT_BRITAIN"/>
		<Row NamedVolcanoType="VOLCANO_THE_CHEVIOT" CivilizationType="CIVILIZATION_GREAT_BRITAIN"/>
	</NamedVolcanoCivilizations>
</Database>
