<?xml version="1.0" encoding="utf-8"?>
<Database>
	<Types>
		<!--Civ Unique Mastery Trees-->
		<Row Type="TREE_CIVICS_MO_GREAT_BRITAIN" Kind="KIND_TREE"/>
		<!--Civ Unique Mastery Tree Nodes-->
		<!--Great Britain-->
		<Row Type="NODE_CIVIC_MO_GREAT_BRITAIN_PAX_BRITANNICA" Kind="KIND_TREE_NODE"/>
		<Row Type="NODE_CIVIC_MO_GREAT_BRITAIN_SOCIETY_OF_ANTIQUARIES" Kind="KIND_TREE_NODE"/>
		<Row Type="NODE_CIVIC_MO_GREAT_BRITAIN_CHARTERED_COMPANIES" Kind="KIND_TREE_NODE"/>
		<Row Type="NODE_CIVIC_MO_GREAT_BRITAIN_SPLENDID_ISOLATION" Kind="KIND_TREE_NODE"/>
	</Types>
	<TypeQuotes>
		<Row Type="NODE_CIVIC_MO_GREAT_BRITAIN_PAX_BRITANNICA" Quote="LOC_CIVIC_PAX_BRITANNICA_QUOTE" QuoteAuthor="LOC_CIVIC_PAX_BRITANNICA_AUTHOR" QuoteAudio="VO_Quote_PaxBritannica"/>
		<Row Type="NODE_CIVIC_MO_GREAT_BRITAIN_SOCIETY_OF_ANTIQUARIES" Quote="LOC_CIVIC_SOCIETY_OF_ANTIQUARIES_QUOTE" QuoteAuthor="LOC_CIVIC_SOCIETY_OF_ANTIQUARIES_AUTHOR" QuoteAudio="VO_Quote_SocietyOfAntiquaries"/>
		<Row Type="NODE_CIVIC_MO_GREAT_BRITAIN_CHARTERED_COMPANIES" Quote="LOC_CIVIC_CHARTERED_COMPANIES_QUOTE" QuoteAuthor="LOC_CIVIC_CHARTERED_COMPANIES_AUTHOR" QuoteAudio="VO_Quote_CharteredCompanies"/>
		<Row Type="NODE_CIVIC_MO_GREAT_BRITAIN_SPLENDID_ISOLATION" Quote="LOC_CIVIC_SPLENDID_ISOLATION_QUOTE" QuoteAuthor="LOC_CIVIC_SPLENDID_ISOLATION_AUTHOR" QuoteAudio="VO_Quote_SplendidIsolation"/>
	</TypeQuotes>
	<ProgressionTrees>
		<!--Civ Unique Mastery Trees-->
		<Row ProgressionTreeType="TREE_CIVICS_MO_GREAT_BRITAIN" AgeType="AGE_MODERN" SystemType="SYSTEM_CULTURE" Name="LOC_TREE_CIVICS_MO_GREAT_BRITAIN_NAME"/>
	</ProgressionTrees>
	<ProgressionTreeNodes>
		<!--Civ Unique Mastery Tree Nodes-->
		<!--Great Britain-->
		<Row ProgressionTreeNodeType="NODE_CIVIC_MO_GREAT_BRITAIN_PAX_BRITANNICA" ProgressionTree="TREE_CIVICS_MO_GREAT_BRITAIN" Cost="2070" Name="LOC_CIVIC_PAX_BRITANNICA_NAME" IconString="cult_great_britain"/>
		<Row ProgressionTreeNodeType="NODE_CIVIC_MO_GREAT_BRITAIN_SOCIETY_OF_ANTIQUARIES" ProgressionTree="TREE_CIVICS_MO_GREAT_BRITAIN" Cost="2300" Name="LOC_CIVIC_SOCIETY_OF_ANTIQUARIES_NAME" IconString="cult_great_britain"/>
		<Row ProgressionTreeNodeType="NODE_CIVIC_MO_GREAT_BRITAIN_CHARTERED_COMPANIES" ProgressionTree="TREE_CIVICS_MO_GREAT_BRITAIN" Cost="2530" Name="LOC_CIVIC_CHARTERED_COMPANIES_NAME" IconString="cult_great_britain"/>
		<Row ProgressionTreeNodeType="NODE_CIVIC_MO_GREAT_BRITAIN_SPLENDID_ISOLATION" ProgressionTree="TREE_CIVICS_MO_GREAT_BRITAIN" Cost="2530" Name="LOC_CIVIC_SPLENDID_ISOLATION_NAME" IconString="cult_great_britain"/>
	</ProgressionTreeNodes>
	<ProgressionTreeNodeUnlocks>
		<!--Great Britain-->
		<Row ProgressionTreeNodeType="NODE_CIVIC_MO_GREAT_BRITAIN_PAX_BRITANNICA" TargetKind="KIND_CONSTRUCTIBLE" TargetType="BUILDING_ROYAL_EXCHANGE" UnlockDepth="1"/>
		<Row ProgressionTreeNodeType="NODE_CIVIC_MO_GREAT_BRITAIN_PAX_BRITANNICA" TargetKind="KIND_MODIFIER" TargetType="MOD_PAX_BRITANNICA_PRODUCTION_FACTORY_RESOURCES" UnlockDepth="1"/>
		<Row ProgressionTreeNodeType="NODE_CIVIC_MO_GREAT_BRITAIN_PAX_BRITANNICA" TargetKind="KIND_CONSTRUCTIBLE" TargetType="BUILDING_MANUFACTORY" UnlockDepth="2"/>
		<Row ProgressionTreeNodeType="NODE_CIVIC_MO_GREAT_BRITAIN_PAX_BRITANNICA" TargetKind="KIND_CONSTRUCTIBLE" TargetType="WONDER_BATTERSEA_POWER_STATION" UnlockDepth="2" AIIgnoreUnlockValue="true"/>
		<Row ProgressionTreeNodeType="NODE_CIVIC_MO_GREAT_BRITAIN_SOCIETY_OF_ANTIQUARIES" TargetKind="KIND_TRADITION" TargetType="TRADITION_PROCEEDINGS" UnlockDepth="1"/>
		<Row ProgressionTreeNodeType="NODE_CIVIC_MO_GREAT_BRITAIN_SOCIETY_OF_ANTIQUARIES" TargetKind="KIND_MODIFIER" TargetType="MOD_SOCIETY_OF_ANTIQUARIES_MOVEMENT" UnlockDepth="1"/>
		<Row ProgressionTreeNodeType="NODE_CIVIC_MO_GREAT_BRITAIN_CHARTERED_COMPANIES" TargetKind="KIND_TRADITION" TargetType="TRADITION_EAST_INDIA_COMPANY" UnlockDepth="1"/>
		<Row ProgressionTreeNodeType="NODE_CIVIC_MO_GREAT_BRITAIN_CHARTERED_COMPANIES" TargetKind="KIND_MODIFIER" TargetType="MOD_CHARTERED_COMPANIES_PORT_RESOURCE_CAP" UnlockDepth="1"/>
		<Row ProgressionTreeNodeType="NODE_CIVIC_MO_GREAT_BRITAIN_SPLENDID_ISOLATION" TargetKind="KIND_MODIFIER" TargetType="MOD_SPLENDID_ISOLATION_POSITIVE_GOLD_CS" UnlockDepth="1"/>
		<Row ProgressionTreeNodeType="NODE_CIVIC_MO_GREAT_BRITAIN_SPLENDID_ISOLATION" TargetKind="KIND_TRADITION" TargetType="TRADITION_NO_ETERNAL_ALLIES" UnlockDepth="1"/>
		<Row ProgressionTreeNodeType="NODE_CIVIC_MO_GREAT_BRITAIN_SPLENDID_ISOLATION" TargetKind="KIND_MODIFIER" TargetType="MOD_MO_SETTLEMENT_CAP_INCREASE" UnlockDepth="1"/>
	</ProgressionTreeNodeUnlocks>
	<ProgressionTreePrereqs>
		<!--Great Britain-->
		<Row Node="NODE_CIVIC_MO_GREAT_BRITAIN_SOCIETY_OF_ANTIQUARIES" PrereqNode="NODE_CIVIC_MO_GREAT_BRITAIN_PAX_BRITANNICA"/>
		<Row Node="NODE_CIVIC_MO_GREAT_BRITAIN_CHARTERED_COMPANIES" PrereqNode="NODE_CIVIC_MO_GREAT_BRITAIN_SOCIETY_OF_ANTIQUARIES"/>
		<Row Node="NODE_CIVIC_MO_GREAT_BRITAIN_SPLENDID_ISOLATION" PrereqNode="NODE_CIVIC_MO_GREAT_BRITAIN_SOCIETY_OF_ANTIQUARIES"/>
	</ProgressionTreePrereqs>
	<ProgressionTree_Advisories>
		<Row ProgressionTreeNodeType="NODE_CIVIC_MO_GREAT_BRITAIN_PAX_BRITANNICA" AdvisoryClassType="ADVISORY_CLASS_ECONOMIC"/>
		<Row ProgressionTreeNodeType="NODE_CIVIC_MO_GREAT_BRITAIN_SOCIETY_OF_ANTIQUARIES" AdvisoryClassType="ADVISORY_CLASS_CULTURE"/>
		<Row ProgressionTreeNodeType="NODE_CIVIC_MO_GREAT_BRITAIN_CHARTERED_COMPANIES" AdvisoryClassType="ADVISORY_CLASS_ECONOMIC"/>
		<Row ProgressionTreeNodeType="NODE_CIVIC_MO_GREAT_BRITAIN_SPLENDID_ISOLATION" AdvisoryClassType="ADVISORY_CLASS_MILITARY"/>
	</ProgressionTree_Advisories>
</Database>