<?xml version="1.0" encoding="utf-8"?>
<GameEffects xmlns="GameEffects">
	<!-- ==================================================	-->
	<!--	MODERN							-->
	<!-- ==================================================	-->
	<Modifier id="PROCEEDINGS_RESOURCE_AND_GREATWORK_CITY_CULTURE_AND_SCIENCE" collection="COLLECTION_PLAYER_CITIES" effect="EFFECT_CITY_ADJUST_YIELD">
		<SubjectRequirements>
			<Requirement type="REQUIREMENT_CITY_IS_CITY"/>
			<Requirement type="REQUIREMENT_CITY_HAS_GREAT_WORK"/>
			<Requirement type="REQUIREMENT_CITY_HAS_X_RESOURCES_ASSIGNED">
				<Argument name="Amount">1</Argument>
			</Requirement>
		</SubjectRequirements>
		<Argument name="YieldType">YIELD_SCIENCE, YIELD_CULTURE</Argument>
		<Argument name="Amount">4</Argument>
		<Argument name="Tooltip">LOC_TRADITION_PROCEEDINGS_NAME</Argument>
		<String context="Description">LOC_TRADITION_PROCEEDINGS_DESCRIPTION</String>
	</Modifier>
	<Modifier id="EAST_INDIA_COMPANY_GOLD_TOWN_BUILDINGS" collection="COLLECTION_PLAYER_CITIES" effect="EFFECT_CITY_ADJUST_CONSTRUCTIBLE_YIELD">
		<SubjectRequirements>
			<Requirement type="REQUIREMENT_CITY_IS_TOWN"/>
		</SubjectRequirements>
		<Argument name="YieldType">YIELD_GOLD</Argument>
		<Argument name="ConstructibleClass">BUILDING</Argument>
		<Argument name="Amount">3</Argument>
		<Argument name="Tooltip">LOC_TRADITION_EAST_INDIA_COMPANY_NAME</Argument>
		<String context="Description">LOC_TRADITION_EAST_INDIA_COMPANY_DESCRIPTION</String>
	</Modifier>
	<Modifier id="NO_ETERNAL_ALLIES_POSITIVE_GOLD" collection="COLLECTION_PLAYER_CITIES" effect="EFFECT_CITY_ADJUST_YIELD">
		<SubjectRequirements>
			<Requirement type="REQUIREMENT_CITY_IS_TOWN"/>
		</SubjectRequirements>
		<Argument name="YieldType">YIELD_FOOD, YIELD_GOLD</Argument>
		<Argument name="Percent">10</Argument>
		<Argument name="Tooltip">LOC_TRADITION_NO_ETERNAL_ALLIES_NAME</Argument>
	</Modifier>
	<Modifier id="NO_ETERNAL_ALLIES_NEGATIVE_GOLD" collection="COLLECTION_PLAYER_CAPITAL_CITY" effect="EFFECT_DIPLOMACY_ADJUST_CITY_YIELD_PER_PLAYER_RELATIONSHIP">
		<Argument name="UseAlliances">true</Argument>
		<Argument name="YieldType">YIELD_GOLD</Argument>
		<Argument name="Percent">-5</Argument>
		<Argument name="Tooltip">LOC_TRADITION_NO_ETERNAL_ALLIES_NAME</Argument>
		<String context="Description">LOC_TRADITION_NO_ETERNAL_ALLIES_DESCRIPTION</String>
	</Modifier>
</GameEffects>