<?xml version="1.0" encoding="utf-8"?>
<Database>
	<Kinds>
		<InsertOrIgnore Kind="KIND_TRAIT"/>
	</Kinds>
	<Types>
		<Row Type="LEADER_ASHOKA_ALT" Kind="KIND_LEADER"/>
		<Row Type="LEADER_HIMIKO_ALT" Kind="KIND_LEADER"/>
		<Row Type="TRAIT_LEADER_ASHOKA_ALT_ABILITY" Kind="KIND_TRAIT"/>
		<Row Type="TRAIT_LEADER_HIMIKO_ALT_ABILITY" Kind="KIND_TRAIT"/>
	</Types>
	<Leaders>
		<Row LeaderType="LEADER_ASHOKA_ALT" Name="LOC_LEADER_ASHOKA_ALT_NAME" IsMajorLeader="true" InheritFrom="LEADER_DEFAULT" BasePersonaType="LEADER_ASHOKA"/>
		<Row LeaderType="LEADER_HIMIKO_ALT" Name="LOC_LEADER_HIMIKO_ALT_NAME" IsMajorLeader="true" InheritFrom="LEADER_DEFAULT" BasePersonaType="LEADER_HIMIKO"/>
	</Leaders>
	<LeaderQuotes>
	</LeaderQuotes>
	<AiFavoredItems>
	</AiFavoredItems>
	<Traits>
		<Row TraitType="TRAIT_LEADER_ASHOKA_ALT_ABILITY" InternalOnly="true" Name="LOC_TRAIT_LEADER_ASHOKA_ALT_ABILITY_NAME" Description="LOC_TRAIT_LEADER_ASHOKA_ALT_ABILITY_DESCRIPTION"/>
		<Row TraitType="TRAIT_LEADER_HIMIKO_ALT_ABILITY" InternalOnly="true" Name="LOC_TRAIT_LEADER_HIMIKO_ALT_ABILITY_NAME" Description="LOC_TRAIT_LEADER_HIMIKO_ALT_ABILITY_DESCRIPTION"/>
	</Traits>
	<LeaderTraits>
		<Row LeaderType="LEADER_ASHOKA_ALT" TraitType="TRAIT_LEADER_ASHOKA_ALT_ABILITY"/>
		<Row LeaderType="LEADER_ASHOKA_ALT" TraitType="TRAIT_LEADER_ATTRIBUTE_POLITICAL"/>
		<Row LeaderType="LEADER_ASHOKA_ALT" TraitType="TRAIT_LEADER_ATTRIBUTE_MILITARISTIC"/>
		<Row LeaderType="LEADER_ASHOKA_ALT" TraitType="TRAIT_AQ_MILITARY_VICTORY"/>
		<Row LeaderType="LEADER_ASHOKA_ALT" TraitType="TRAIT_EX_CULTURE_VICTORY"/>
		<Row LeaderType="LEADER_ASHOKA_ALT" TraitType="TRAIT_MO_MILITARY_VICTORY"/>
		<Row LeaderType="LEADER_HIMIKO_ALT" TraitType="TRAIT_LEADER_HIMIKO_ALT_ABILITY"/>
		<Row LeaderType="LEADER_HIMIKO_ALT" TraitType="TRAIT_LEADER_ATTRIBUTE_POLITICAL"/>
		<Row LeaderType="LEADER_HIMIKO_ALT" TraitType="TRAIT_LEADER_ATTRIBUTE_CULTURAL"/>
		<Row LeaderType="LEADER_HIMIKO_ALT" TraitType="TRAIT_AQ_CULTURE_VICTORY"/>
		<Row LeaderType="LEADER_HIMIKO_ALT" TraitType="TRAIT_EX_SCIENCE_VICTORY"/>
		<Row LeaderType="LEADER_HIMIKO_ALT" TraitType="TRAIT_MO_CULTURE_VICTORY"/>
	</LeaderTraits>
	<TraitModifiers>
		<Row TraitType="TRAIT_LEADER_ASHOKA_ALT_ABILITY" ModifierId="ASHOKA_ALT_MOD_HAPPINESS_PRODUCTION"/>
		<Row TraitType="TRAIT_LEADER_ASHOKA_ALT_ABILITY" ModifierId="ASHOKA_ALT_MOD_CAPTURED_SETTLEMENT_PRODUCTION"/>
		<Row TraitType="TRAIT_LEADER_ASHOKA_ALT_ABILITY" ModifierId="ASHOKA_ALT_MOD_WAR_CELEBRATION"/>
		<Row TraitType="TRAIT_LEADER_ASHOKA_ALT_ABILITY" ModifierId="ASHOKA_ALT_MOD_CONQUEROR_ABILITY"/>
		<Row TraitType="TRAIT_LEADER_ASHOKA_ALT_ABILITY" ModifierId="ASHOKA_ALT_MOD_AGENDA_WITHOUT_REGRET"/>
		<Row TraitType="TRAIT_LEADER_HIMIKO_ALT_ABILITY" ModifierId="HIMIKO_ALT_MOD_HAPPINESS_BUILDING_HAPPINESS"/>
		<Row TraitType="TRAIT_LEADER_HIMIKO_ALT_ABILITY" ModifierId="HIMIKO_ALT_MOD_DIPLOMACY_BUILDING_HAPPINESS"/>
		<Row TraitType="TRAIT_LEADER_HIMIKO_ALT_ABILITY" ModifierId="HIMIKO_ALT_MOD_HAPPINESS_BUILDING_PRODUCTION_RATE"/>
		<Row TraitType="TRAIT_LEADER_HIMIKO_ALT_ABILITY" ModifierId="HIMIKO_ALT_MOD_DIPLOMACY_BUILDING_PRODUCTION_RATE"/>
		<Row TraitType="TRAIT_LEADER_HIMIKO_ALT_ABILITY" ModifierId="HIMIKO_ALT_MOD_CULTURE_BOOST"/>
		<Row TraitType="TRAIT_LEADER_HIMIKO_ALT_ABILITY" ModifierId="HIMIKO_ALT_MOD_SCIENCE_PENALTY"/>
		<Row TraitType="TRAIT_LEADER_HIMIKO_ALT_ABILITY" ModifierId="HIMIKO_ALT_MOD_CULTURE_BOOST_CELEBRATION"/>
		<Row TraitType="TRAIT_LEADER_HIMIKO_ALT_ABILITY" ModifierId="HIMIKO_ALT_MOD_SCIENCE_PENALTY_CELEBRATION"/>
		<Row TraitType="TRAIT_LEADER_HIMIKO_ALT_ABILITY" ModifierId="HIMIKO_ALT_MOD_AGENDA_SHAMAN_QUEEN"/>
	</TraitModifiers>
	<TypeQuotes>
		<Row Type="LEADER_ASHOKA_ALT" Quote="LOC_MAIN_CHAR_SELECT_LEADER_ASHOKA_ALT_ANY"/>
		<Row Type="LEADER_HIMIKO_ALT" Quote="LOC_MAIN_CHAR_SELECT_LEADER_HIMIKO_ALT_ANY"/>
	</TypeQuotes>
</Database>