<?xml version="1.0" encoding="utf-8"?>
<Database>
	<Types>
		<Row Type="MEMENTO_ASHOKA_CONQUEROR_CHANDA_MAHASENA" Kind="KIND_MEMENTOS"/>
		<Row Type="MEMENTO_ASHOKA_CONQUEROR_SILK_UTTARIYA" Kind="KIND_MEMENTOS"/>
		<Row Type="MEMENTO_ASHOKA_CONQUEROR_LION_CAPITAL" Kind="KIND_MEMENTOS"/>

		<Row Type="MEMENTO_HIMIKO_SHAMAN_SAKAKI_BRANCH" Kind="KIND_MEMENTOS"/>
		<Row Type="MEMENTO_HIMIKO_SHAMAN_YATA_NO_KAGAMI" Kind="KIND_MEMENTOS"/>
		<Row Type="MEMENTO_HIMIKO_SHAMAN_KUSANAGI_NO_TSURUGI" Kind="KIND_MEMENTOS"/>
	</Types>
	<Mementos>
		<Row MementoType="MEMENTO_ASHOKA_CONQUEROR_CHANDA_MAHASENA" Name="LOC_MEMENTO_ASHOKA_CONQUEROR_CHANDA_MAHASENA_NAME" Tag="Military" Region="Unrestricted" Tier="1" Description="LOC_MEMENTO_ASHOKA_CONQUEROR_CHANDA_MAHASENA_DESCRIPTION" FunctionalDescription="LOC_MEMENTO_ASHOKA_CONQUEROR_CHANDA_MAHASENA_FUNCTIONAL_DESCRIPTION"/>
		<Row MementoType="MEMENTO_ASHOKA_CONQUEROR_SILK_UTTARIYA" Name="LOC_MEMENTO_ASHOKA_CONQUEROR_SILK_UTTARIYA_NAME" Tag="Expansionist" Region="Unrestricted" Tier="1" Description="LOC_MEMENTO_ASHOKA_CONQUEROR_SILK_UTTARIYA_DESCRIPTION" FunctionalDescription="LOC_MEMENTO_ASHOKA_CONQUEROR_SILK_UTTARIYA_FUNCTIONAL_DESCRIPTION"/>
		<Row MementoType="MEMENTO_ASHOKA_CONQUEROR_LION_CAPITAL" Name="LOC_MEMENTO_ASHOKA_CONQUEROR_LION_CAPITAL_NAME" Tag="Military" Region="Unrestricted" Tier="1" Description="LOC_MEMENTO_ASHOKA_CONQUEROR_LION_CAPITAL_DESCRIPTION" FunctionalDescription="LOC_MEMENTO_ASHOKA_CONQUEROR_LION_CAPITAL_FUNCTIONAL_DESCRIPTION"/>

		<Row MementoType="MEMENTO_HIMIKO_SHAMAN_SAKAKI_BRANCH" Name="LOC_MEMENTO_HIMIKO_SHAMAN_SAKAKI_BRANCH_NAME" Tag="Military" Region="Unrestricted" Tier="1" Description="LOC_MEMENTO_HIMIKO_SHAMAN_SAKAKI_BRANCH_DESCRIPTION" FunctionalDescription="LOC_MEMENTO_HIMIKO_SHAMAN_SAKAKI_BRANCH_FUNCTIONAL_DESCRIPTION"/>
		<Row MementoType="MEMENTO_HIMIKO_SHAMAN_YATA_NO_KAGAMI" Name="LOC_MEMENTO_HIMIKO_SHAMAN_YATA_NO_KAGAMI_NAME" Tag="Military" Region="Unrestricted" Tier="1" Description="LOC_MEMENTO_HIMIKO_SHAMAN_YATA_NO_KAGAMI_DESCRIPTION" FunctionalDescription="LOC_MEMENTO_HIMIKO_SHAMAN_YATA_NO_KAGAMI_FUNCTIONAL_DESCRIPTION"/>
		<Row MementoType="MEMENTO_HIMIKO_SHAMAN_KUSANAGI_NO_TSURUGI" Name="LOC_MEMENTO_HIMIKO_SHAMAN_KUSANAGI_NO_TSURUGI_NAME" Tag="Military" Region="Unrestricted" Tier="1" Description="LOC_MEMENTO_HIMIKO_SHAMAN_KUSANAGI_NO_TSURUGI_DESCRIPTION" FunctionalDescription="LOC_MEMENTO_HIMIKO_SHAMAN_KUSANAGI_NO_TSURUGI_FUNCTIONAL_DESCRIPTION"/>
	</Mementos>
	<MementoModifiers>
		<Row MementoType="MEMENTO_ASHOKA_CONQUEROR_CHANDA_MAHASENA" ModifierId="MEMENTO_ASHOKA_CONQUEROR_CHANDA_MAHASENA_MODIFIER_1"/>
		<Row MementoType="MEMENTO_ASHOKA_CONQUEROR_SILK_UTTARIYA" ModifierId="MEMENTO_ASHOKA_CONQUEROR_SILK_UTTARIYA_MODIFIER"/>
		<Row MementoType="MEMENTO_ASHOKA_CONQUEROR_LION_CAPITAL" ModifierId="MEMENTO_ASHOKA_CONQUEROR_LION_CAPITAL_MODIFIER"/>

		<Row MementoType="MEMENTO_HIMIKO_SHAMAN_SAKAKI_BRANCH" ModifierId="MEMENTO_HIMIKO_SHAMAN_SAKAKI_BRANCH_MODIFIER"/>
		<Row MementoType="MEMENTO_HIMIKO_SHAMAN_YATA_NO_KAGAMI" ModifierId="MEMENTO_HIMIKO_SHAMAN_YATA_NO_KAGAMI_MODIFIER"/>
		<Row MementoType="MEMENTO_HIMIKO_SHAMAN_KUSANAGI_NO_TSURUGI" ModifierId="MEMENTO_HIMIKO_SHAMAN_KUSANAGI_NO_TSURUGI_MODIFIER_1"/>
		<Row MementoType="MEMENTO_HIMIKO_SHAMAN_KUSANAGI_NO_TSURUGI" ModifierId="MEMENTO_HIMIKO_SHAMAN_KUSANAGI_NO_TSURUGI_MODIFIER_2"/>
	</MementoModifiers>
</Database>