<?xml version="1.0" encoding="utf-8"?>
<Database>
	<MetaprogressionModifiers>
		<Row ModifierId="CHALLENGE_ASHOKA_ALT_MILITARY_VICTORY_ANTIQUITY_PROGRESS" RequiredLeaderType="LEADER_ASHOKA_ALT" />
		<Row ModifierId="CHALLENGE_ASHOKA_ALT_MILITARY_VICTORY_EXPLORATION_PROGRESS" RequiredLeaderType="LEADER_ASHOKA_ALT" />
		<Row ModifierId="CHALLENGE_ASHOKA_ALT_MILITARY_VICTORY_MODERN_PROGRESS" RequiredLeaderType="LEADER_ASHOKA_ALT" />
		<Row ModifierId="CHALLENGE_ASHOKA_ALT_ECONOMIC_VICTORY_ANTIQUITY_PROGRESS" RequiredLeaderType="LEADER_ASHOKA_ALT" />
		<Row ModifierId="CHALLENGE_ASHOKA_ALT_ECONOMIC_VICTORY_EXPLORATION_PROGRESS" RequiredLeaderType="LEADER_ASHOKA_ALT" />
		<Row ModifierId="CHALLENGE_ASHOKA_ALT_ECONOMIC_VICTORY_MODERN_PROGRESS" RequiredLeaderType="LEADER_ASHOKA_ALT" />
		<Row ModifierId="CHALLENGE_HIMIKO_ALT_MILITARY_VICTORY_ANTIQUITY_PROGRESS" RequiredLeaderType="LEADER_HIMIKO_ALT" />
		<Row ModifierId="CHALLENGE_HIMIKO_ALT_MILITARY_VICTORY_EXPLORATION_PROGRESS" RequiredLeaderType="LEADER_HIMIKO_ALT" />
		<Row ModifierId="CHALLENGE_HIMIKO_ALT_MILITARY_VICTORY_MODERN_PROGRESS" RequiredLeaderType="LEADER_HIMIKO_ALT" />
		<Row ModifierId="CHALLENGE_HIMIKO_ALT_ECONOMIC_VICTORY_ANTIQUITY_PROGRESS" RequiredLeaderType="LEADER_HIMIKO_ALT" />
		<Row ModifierId="CHALLENGE_HIMIKO_ALT_ECONOMIC_VICTORY_EXPLORATION_PROGRESS" RequiredLeaderType="LEADER_HIMIKO_ALT" />
		<Row ModifierId="CHALLENGE_HIMIKO_ALT_ECONOMIC_VICTORY_MODERN_PROGRESS" RequiredLeaderType="LEADER_HIMIKO_ALT" />
		<Row ModifierId="CHALLENGE_ASHOKA_ALT_SCIENCE_VICTORY_ANTIQUITY_COMPLETE" RequiredLeaderType="LEADER_ASHOKA_ALT" />
		<Row ModifierId="CHALLENGE_ASHOKA_ALT_SCIENCE_VICTORY_EXPLORATION_COMPLETE" RequiredLeaderType="LEADER_ASHOKA_ALT" />
		<Row ModifierId="CHALLENGE_ASHOKA_ALT_SCIENCE_VICTORY_MODERN_COMPLETE" RequiredLeaderType="LEADER_ASHOKA_ALT" />
		<Row ModifierId="CHALLENGE_ASHOKA_ALT_CULTURE_VICTORY_ANTIQUITY_COMPLETE" RequiredLeaderType="LEADER_ASHOKA_ALT" />
		<Row ModifierId="CHALLENGE_ASHOKA_ALT_CULTURE_VICTORY_EXPLORATION_COMPLETE" RequiredLeaderType="LEADER_ASHOKA_ALT" />
		<Row ModifierId="CHALLENGE_ASHOKA_ALT_CULTURE_VICTORY_MODERN_COMPLETE" RequiredLeaderType="LEADER_ASHOKA_ALT" />
		<Row ModifierId="CHALLENGE_HIMIKO_ALT_SCIENCE_VICTORY_ANTIQUITY_COMPLETE" RequiredLeaderType="LEADER_HIMIKO_ALT" />
		<Row ModifierId="CHALLENGE_HIMIKO_ALT_SCIENCE_VICTORY_EXPLORATION_COMPLETE" RequiredLeaderType="LEADER_HIMIKO_ALT" />
		<Row ModifierId="CHALLENGE_HIMIKO_ALT_SCIENCE_VICTORY_MODERN_COMPLETE" RequiredLeaderType="LEADER_HIMIKO_ALT" />
		<Row ModifierId="CHALLENGE_HIMIKO_ALT_CULTURE_VICTORY_ANTIQUITY_COMPLETE" RequiredLeaderType="LEADER_HIMIKO_ALT" />
		<Row ModifierId="CHALLENGE_HIMIKO_ALT_CULTURE_VICTORY_EXPLORATION_COMPLETE" RequiredLeaderType="LEADER_HIMIKO_ALT" />
		<Row ModifierId="CHALLENGE_HIMIKO_ALT_CULTURE_VICTORY_MODERN_COMPLETE" RequiredLeaderType="LEADER_HIMIKO_ALT" />
		<Row ModifierId="CHALLENGE_ASHOKA_ALT_FLAWLESS_VICTORY_ANTIQUITY_COMPLETE" RequiredLeaderType="LEADER_ASHOKA_ALT" />
		<Row ModifierId="CHALLENGE_ASHOKA_ALT_FLAWLESS_VICTORY_EXPLORATION_COMPLETE" RequiredLeaderType="LEADER_ASHOKA_ALT" />
		<Row ModifierId="CHALLENGE_ASHOKA_ALT_FLAWLESS_VICTORY_MODERN_COMPLETE" RequiredLeaderType="LEADER_ASHOKA_ALT" />
		<Row ModifierId="CHALLENGE_ASHOKA_ALT_QUEST_A_ANTIQUITY_ACHIEVED" RequiredLeaderType="LEADER_ASHOKA_ALT" />
		<Row ModifierId="CHALLENGE_ASHOKA_ALT_QUEST_B_ANTIQUITY_ACHIEVED" RequiredLeaderType="LEADER_ASHOKA_ALT" />
		<Row ModifierId="CHALLENGE_ASHOKA_ALT_QUEST_A_EXPLORATION_ACHIEVED" RequiredLeaderType="LEADER_ASHOKA_ALT" />
		<Row ModifierId="CHALLENGE_ASHOKA_ALT_QUEST_B_EXPLORATION_ACHIEVED" RequiredLeaderType="LEADER_ASHOKA_ALT" />
		<Row ModifierId="CHALLENGE_ASHOKA_ALT_QUEST_A_MODERN_ACHIEVED" RequiredLeaderType="LEADER_ASHOKA_ALT" />
		<Row ModifierId="CHALLENGE_ASHOKA_ALT_QUEST_B_MODERN_ACHIEVED" RequiredLeaderType="LEADER_ASHOKA_ALT" />
		<Row ModifierId="CHALLENGE_HIMIKO_ALT_FLAWLESS_VICTORY_ANTIQUITY_COMPLETE" RequiredLeaderType="LEADER_HIMIKO_ALT" />
		<Row ModifierId="CHALLENGE_HIMIKO_ALT_FLAWLESS_VICTORY_EXPLORATION_COMPLETE" RequiredLeaderType="LEADER_HIMIKO_ALT" />
		<Row ModifierId="CHALLENGE_HIMIKO_ALT_FLAWLESS_VICTORY_MODERN_COMPLETE" RequiredLeaderType="LEADER_HIMIKO_ALT" />
		<Row ModifierId="CHALLENGE_HIMIKO_ALT_QUEST_A_ANTIQUITY_ACHIEVED" RequiredLeaderType="LEADER_HIMIKO_ALT" />
		<Row ModifierId="CHALLENGE_HIMIKO_ALT_QUEST_B_ANTIQUITY_ACHIEVED" RequiredLeaderType="LEADER_HIMIKO_ALT" />
		<Row ModifierId="CHALLENGE_HIMIKO_ALT_QUEST_A_EXPLORATION_ACHIEVED" RequiredLeaderType="LEADER_HIMIKO_ALT" />
		<Row ModifierId="CHALLENGE_HIMIKO_ALT_QUEST_B_EXPLORATION_ACHIEVED" RequiredLeaderType="LEADER_HIMIKO_ALT" />
		<Row ModifierId="CHALLENGE_HIMIKO_ALT_QUEST_A_MODERN_ACHIEVED" RequiredLeaderType="LEADER_HIMIKO_ALT" />
		<Row ModifierId="CHALLENGE_HIMIKO_ALT_QUEST_B_MODERN_ACHIEVED" RequiredLeaderType="LEADER_HIMIKO_ALT" />
		<Row ModifierId="CHALLENGE_HIMIKO_ALT_UNLOCKED_STRATEGYCARDS_EXPLORATION_ACHIEVED" RequiredLeaderType="LEADER_HIMIKO_ALT" />
		<Row ModifierId="CHALLENGE_HIMIKO_ALT_UNLOCKED_STRATEGYCARDS_MODERN_ACHIEVED" RequiredLeaderType="LEADER_HIMIKO_ALT" />
		<Row ModifierId="CHALLENGE_ASHOKA_ALT_UNLOCKED_STRATEGYCARDS_EXPLORATION_ACHIEVED" RequiredLeaderType="LEADER_ASHOKA_ALT" />
		<Row ModifierId="CHALLENGE_ASHOKA_ALT_UNLOCKED_STRATEGYCARDS_MODERN_ACHIEVED" RequiredLeaderType="LEADER_ASHOKA_ALT" />
	</MetaprogressionModifiers>
</Database>