<?xml version="1.0" encoding="utf-8"?>
<GameEffects xmlns="GameEffects">
    <Modifier id="LEADER_CHAIN_1018F_NARRATIVE_MODIFIER" collection="COLLECTION_OWNER" effect="EFFECT_PLAYER_ATTRIBUTE" run-once="false" permanent="true">
        <Argument name="AttributeType">ATTRIBUTE_MILITARISTIC</Argument>
        <Argument name="Amount">1</Argument>
    </Modifier>
    <Modifier id="LEADER_CHAIN_1018G_NARRATIVE_MODIFIER" collection="COLLECTION_OWNER" effect="EFFECT_PLAYER_ATTRIBUTE" run-once="false" permanent="true">
        <Argument name="AttributeType">ATTRIBUTE_MILITARISTIC</Argument>
        <Argument name="Amount">1</Argument>
    </Modifier>
    <Modifier id="LEADER_CHAIN_1018G_NARRATIVE_MODIFIER2" collection="COLLECTION_OWNER" effect="EFFECT_PLAYER_GRANT_GOLDEN_AGE" run-once="true" permanent="true">
    </Modifier>
    <Modifier id="LEADER_CHAIN_1109F_NARRATIVE_MODIFIER" collection="COLLECTION_OWNER" effect="EFFECT_PLAYER_ATTRIBUTE" run-once="false" permanent="true">
        <Argument name="AttributeType">ATTRIBUTE_CULTURAL</Argument>
        <Argument name="Amount">1</Argument>
    </Modifier>
    <Modifier id="LEADER_CHAIN_1109G_NARRATIVE_MODIFIER" collection="COLLECTION_OWNER" effect="EFFECT_PLAYER_ATTRIBUTE" run-once="false" permanent="true">
        <Argument name="AttributeType">ATTRIBUTE_CULTURAL</Argument>
        <Argument name="Amount">1</Argument>
    </Modifier>
    <Modifier id="LEADER_CHAIN_1109G_NARRATIVE_MODIFIER2" collection="COLLECTION_OWNER" effect="EFFECT_PLAYER_GRANT_GOLDEN_AGE" run-once="true" permanent="true">
    </Modifier>
    <RequirementSet id="REQSET_LEADER_CHAIN_1018E_NARRATIVE_REQUISITE">
        <Requirement xref="REQ_STORY_LEADER_ASHOKA_ALT_ONLY"/>
    </RequirementSet>
    <RequirementSet id="REQSET_LEADER_CHAIN_1018F_NARRATIVE_REQUISITE">
        <Requirement xref="REQ_STORY_LEADER_ASHOKA_ALT_ONLY"/>
        <Requirement type="REQUIREMENT_PLAYER_HAS_AT_LEAST_NUM_NARRATIVE_TAGS" inverse="true">
            <Argument name="NarrativeTagType">NARRATIVE_TAG_LEADER_CHAIN_A</Argument>
            <Argument name="Amount">4</Argument>
        </Requirement>
    </RequirementSet>
    <RequirementSet id="REQSET_LEADER_CHAIN_1018G_NARRATIVE_REQUISITE">
        <Requirement xref="REQ_STORY_LEADER_ASHOKA_ALT_ONLY"/>
        <Requirement type="REQUIREMENT_PLAYER_HAS_AT_LEAST_NUM_NARRATIVE_TAGS">
            <Argument name="NarrativeTagType">NARRATIVE_TAG_LEADER_CHAIN_A</Argument>
            <Argument name="Amount">4</Argument>
        </Requirement>
    </RequirementSet>
    <RequirementSet id="REQSET_LEADER_CHAIN_1019E_NARRATIVE_REQUISITE">
        <Requirement xref="REQ_STORY_LEADER_ASHOKA_ALT_ONLY"/>
    </RequirementSet>
    <RequirementSet id="REQSET_LEADER_CHAIN_1019F_NARRATIVE_REQUISITE">
        <Requirement xref="REQ_STORY_LEADER_ASHOKA_ALT_ONLY"/>
        <Requirement type="REQUIREMENT_PLAYER_HAS_AT_LEAST_NUM_NARRATIVE_TAGS" inverse="true">
            <Argument name="NarrativeTagType">NARRATIVE_TAG_LEADER_CHAIN_B</Argument>
            <Argument name="Amount">4</Argument>
        </Requirement>
    </RequirementSet>
    <RequirementSet id="REQSET_LEADER_CHAIN_1019G_NARRATIVE_REQUISITE">
        <Requirement xref="REQ_STORY_LEADER_ASHOKA_ALT_ONLY"/>
        <Requirement type="REQUIREMENT_PLAYER_HAS_AT_LEAST_NUM_NARRATIVE_TAGS">
            <Argument name="NarrativeTagType">NARRATIVE_TAG_LEADER_CHAIN_B</Argument>
            <Argument name="Amount">4</Argument>
        </Requirement>
    </RequirementSet>
    <RequirementSet id="REQSET_LEADER_CHAIN_1108E_NARRATIVE_REQUISITE">
        <Requirement xref="REQ_STORY_LEADER_HIMIKO_ALT_ONLY"/>
    </RequirementSet>
    <RequirementSet id="REQSET_LEADER_CHAIN_1108F_NARRATIVE_REQUISITE">
        <Requirement xref="REQ_STORY_LEADER_HIMIKO_ALT_ONLY"/>
        <Requirement type="REQUIREMENT_PLAYER_HAS_AT_LEAST_NUM_NARRATIVE_TAGS" inverse="true">
            <Argument name="NarrativeTagType">NARRATIVE_TAG_LEADER_CHAIN_A</Argument>
            <Argument name="Amount">4</Argument>
        </Requirement>
    </RequirementSet>
    <RequirementSet id="REQSET_LEADER_CHAIN_1108G_NARRATIVE_REQUISITE">
        <Requirement xref="REQ_STORY_LEADER_HIMIKO_ALT_ONLY"/>
        <Requirement type="REQUIREMENT_PLAYER_HAS_AT_LEAST_NUM_NARRATIVE_TAGS">
            <Argument name="NarrativeTagType">NARRATIVE_TAG_LEADER_CHAIN_A</Argument>
            <Argument name="Amount">4</Argument>
        </Requirement>
    </RequirementSet>
    <RequirementSet id="REQSET_LEADER_CHAIN_1109E_NARRATIVE_REQUISITE">
        <Requirement xref="REQ_STORY_LEADER_HIMIKO_ALT_ONLY"/>
    </RequirementSet>
    <RequirementSet id="REQSET_LEADER_CHAIN_1109F_NARRATIVE_REQUISITE">
        <Requirement xref="REQ_STORY_LEADER_HIMIKO_ALT_ONLY"/>
        <Requirement type="REQUIREMENT_PLAYER_HAS_AT_LEAST_NUM_NARRATIVE_TAGS" inverse="true">
            <Argument name="NarrativeTagType">NARRATIVE_TAG_LEADER_CHAIN_B</Argument>
            <Argument name="Amount">4</Argument>
        </Requirement>
    </RequirementSet>
    <RequirementSet id="REQSET_LEADER_CHAIN_1109G_NARRATIVE_REQUISITE">
        <Requirement xref="REQ_STORY_LEADER_HIMIKO_ALT_ONLY"/>
        <Requirement type="REQUIREMENT_PLAYER_HAS_AT_LEAST_NUM_NARRATIVE_TAGS">
            <Argument name="NarrativeTagType">NARRATIVE_TAG_LEADER_CHAIN_B</Argument>
            <Argument name="Amount">4</Argument>
        </Requirement>
    </RequirementSet>
</GameEffects>
