<?xml version="1.0" encoding="utf-8"?>
<GameEffects xmlns="GameEffects">
    <Modifier id="LEADER_CHAIN_1014D_NARRATIVE_MODIFIER" collection="COLLECTION_OWNER" effect="EFFECT_PLAYER_ATTRIBUTE" run-once="false" permanent="true">
        <Argument name="AttributeType">ATTRIBUTE_MILITARISTIC</Argument>
        <Argument name="Amount">1</Argument>
    </Modifier>
    <Modifier id="LEADER_CHAIN_1106D_NARRATIVE_MODIFIER" collection="COLLECTION_OWNER" effect="EFFECT_PLAYER_ATTRIBUTE" run-once="false" permanent="true">
        <Argument name="AttributeType">ATTRIBUTE_CULTURAL</Argument>
        <Argument name="Amount">1</Argument>
    </Modifier>
    <Modifier id="LEADER_CHAIN_1014D_NARRATIVE_MODIFIER2" collection="COLLECTION_OWNER" effect="EFFECT_PLAYER_GRANT_NARRATIVE_TAG" run-once="false" permanent="true">
        <Argument name="Amount">1</Argument>
        <Argument name="NarrativeTagType">NARRATIVE_TAG_LEADER_CHAIN_A</Argument>
    </Modifier>
    <Modifier id="LEADER_CHAIN_1106D_NARRATIVE_MODIFIER2" collection="COLLECTION_OWNER" effect="EFFECT_PLAYER_GRANT_NARRATIVE_TAG" run-once="false" permanent="true">
        <Argument name="Amount">1</Argument>
        <Argument name="NarrativeTagType">NARRATIVE_TAG_LEADER_CHAIN_B</Argument>
    </Modifier>
    <RequirementSet id="REQSET_LEADER_CHAIN_1013D_NARRATIVE_REQUISITE">
        <Requirement xref="REQ_STORY_LEADER_ASHOKA_ALT_ONLY"/>
    </RequirementSet>
    <RequirementSet id="REQSET_LEADER_CHAIN_1013E_NARRATIVE_REQUISITE">
        <Requirement xref="REQ_STORY_LEADER_ASHOKA_ALT_ONLY"/>
    </RequirementSet>
    <RequirementSet id="REQSET_LEADER_CHAIN_1014D_NARRATIVE_REQUISITE">
        <Requirement xref="REQ_STORY_LEADER_ASHOKA_ALT_ONLY"/>
    </RequirementSet>
    <RequirementSet id="REQSET_LEADER_CHAIN_1014E_NARRATIVE_REQUISITE">
        <Requirement xref="REQ_STORY_LEADER_ASHOKA_ALT_ONLY"/>
    </RequirementSet>
    <RequirementSet id="REQSET_LEADER_CHAIN_1015C_NARRATIVE_REQUISITE">
        <Requirement xref="REQ_STORY_LEADER_ASHOKA_ALT_ONLY"/>
    </RequirementSet>
    <RequirementSet id="REQSET_LEADER_CHAIN_1016D_NARRATIVE_REQUISITE">
        <Requirement xref="REQ_STORY_LEADER_ASHOKA_ALT_ONLY"/>
    </RequirementSet>
    <RequirementSet id="REQSET_LEADER_CHAIN_1016E_NARRATIVE_REQUISITE">
        <Requirement xref="REQ_STORY_LEADER_ASHOKA_ALT_ONLY"/>
    </RequirementSet>
    <RequirementSet id="REQSET_LEADER_CHAIN_1017C_NARRATIVE_REQUISITE">
        <Requirement xref="REQ_STORY_LEADER_ASHOKA_ALT_ONLY"/>
    </RequirementSet>
    <RequirementSet id="REQSET_LEADER_CHAIN_1103D_NARRATIVE_REQUISITE">
        <Requirement xref="REQ_STORY_LEADER_HIMIKO_ALT_ONLY"/>
    </RequirementSet>
    <RequirementSet id="REQSET_LEADER_CHAIN_1103E_NARRATIVE_REQUISITE">
        <Requirement xref="REQ_STORY_LEADER_HIMIKO_ALT_ONLY"/>
    </RequirementSet>
    <RequirementSet id="REQSET_LEADER_CHAIN_1104D_NARRATIVE_REQUISITE">
        <Requirement xref="REQ_STORY_LEADER_HIMIKO_ALT_ONLY"/>
    </RequirementSet>
    <RequirementSet id="REQSET_LEADER_CHAIN_1104E_NARRATIVE_REQUISITE">
        <Requirement xref="REQ_STORY_LEADER_HIMIKO_ALT_ONLY"/>
    </RequirementSet>
    <RequirementSet id="REQSET_LEADER_CHAIN_1105C_NARRATIVE_REQUISITE">
        <Requirement xref="REQ_STORY_LEADER_HIMIKO_ALT_ONLY"/>
    </RequirementSet>
    <RequirementSet id="REQSET_LEADER_CHAIN_1106D_NARRATIVE_REQUISITE">
        <Requirement xref="REQ_STORY_LEADER_HIMIKO_ALT_ONLY"/>
    </RequirementSet>
    <RequirementSet id="REQSET_LEADER_CHAIN_1106E_NARRATIVE_REQUISITE">
        <Requirement xref="REQ_STORY_LEADER_HIMIKO_ALT_ONLY"/>
    </RequirementSet>
    <RequirementSet id="REQSET_LEADER_CHAIN_1107C_NARRATIVE_REQUISITE">
        <Requirement xref="REQ_STORY_LEADER_HIMIKO_ALT_ONLY"/>
    </RequirementSet>
</GameEffects>
