﻿<?xml version="1.0" encoding="utf-8"?>
<Database>
    <Types>
        <Row Type="LEADER_CHAIN_1010E" Kind="KIND_NARRATIVE_STORY"/>
        <Row Type="LEADER_CHAIN_1010F" Kind="KIND_NARRATIVE_STORY"/>
        <Row Type="LEADER_CHAIN_1010D" Kind="KIND_NARRATIVE_STORY"/>
        <Row Type="LEADER_CHAIN_1011D" Kind="KIND_NARRATIVE_STORY"/>
        <Row Type="LEADER_CHAIN_1011E" Kind="KIND_NARRATIVE_STORY"/>
        <Row Type="LEADER_CHAIN_1012D" Kind="KIND_NARRATIVE_STORY"/>
        <Row Type="LEADER_CHAIN_1012E" Kind="KIND_NARRATIVE_STORY"/>
        <Row Type="LEADER_CHAIN_1100E" Kind="KIND_NARRATIVE_STORY"/>
        <Row Type="LEADER_CHAIN_1100F" Kind="KIND_NARRATIVE_STORY"/>
        <Row Type="LEADER_CHAIN_1100G" Kind="KIND_NARRATIVE_STORY"/>
        <Row Type="LEADER_CHAIN_1101D" Kind="KIND_NARRATIVE_STORY"/>
        <Row Type="LEADER_CHAIN_1101E" Kind="KIND_NARRATIVE_STORY"/>
        <Row Type="LEADER_CHAIN_1102D" Kind="KIND_NARRATIVE_STORY"/>
        <Row Type="LEADER_CHAIN_1102E" Kind="KIND_NARRATIVE_STORY"/>
    </Types>
    <NarrativeStories>
        <Row NarrativeStoryType="LEADER_CHAIN_1010E" Name="LOC_LEADER_CHAIN_1010E_NAME" Description="LOC_LEADER_CHAIN_1010E_DESCRIPTION" Completion="LOC_LEADER_CHAIN_1010E_COMPLETION" StoryTitle="LOC_LEADER_CHAIN_1010E_STORYTITLE" Age="AGE_ANTIQUITY" Activation="LINKED_REQUISITE" Imperative="LOC_LEADER_CHAIN_1010E_IMPERATIVE" IsQuest="TRUE" ShowProgress="TRUE" RequirementSetId="REQSET_LEADER_CHAIN_1010B_NARRATIVE" ActivationRequirementSetId="REQSET_LEADER_CHAIN_1010E_NARRATIVE_REQUISITE" UIActivation="STANDARD"/>
        <Row NarrativeStoryType="LEADER_CHAIN_1010F" Name="LOC_LEADER_CHAIN_1010F_NAME" Description="LOC_LEADER_CHAIN_1010F_DESCRIPTION" Completion="LOC_LEADER_CHAIN_1010F_COMPLETION" StoryTitle="LOC_LEADER_CHAIN_1010F_STORYTITLE" Age="AGE_ANTIQUITY" Activation="LINKED_REQUISITE" Imperative="LOC_LEADER_CHAIN_1010F_IMPERATIVE" IsQuest="TRUE" RequirementSetId="REQSET_LEADER_CHAIN_1010C_NARRATIVE" ActivationRequirementSetId="REQSET_LEADER_CHAIN_1010F_NARRATIVE_REQUISITE" UIActivation="STANDARD"/>
        <Row NarrativeStoryType="LEADER_CHAIN_1010D" Name="LOC_LEADER_CHAIN_1010D_NAME" Description="LOC_LEADER_CHAIN_1010D_DESCRIPTION" Completion="LOC_LEADER_CHAIN_1010D_COMPLETION" StoryTitle="LOC_LEADER_CHAIN_1010D_STORYTITLE" Age="AGE_ANTIQUITY" Activation="LINKED" Hidden="TRUE" RequirementSetId="Met" UIActivation="STANDARD"/>
        <Row NarrativeStoryType="LEADER_CHAIN_1011D" Name="LOC_LEADER_CHAIN_1011D_NAME" Description="LOC_LEADER_CHAIN_1011D_DESCRIPTION" Completion="LOC_LEADER_CHAIN_1011D_COMPLETION" StoryTitle="LOC_LEADER_CHAIN_1011D_STORYTITLE" Age="AGE_ANTIQUITY" Activation="LINKED_REQUISITE" Imperative="LOC_LEADER_CHAIN_1011D_IMPERATIVE" IsQuest="TRUE" ShowProgress="TRUE" RequirementSetId="REQSET_LEADER_CHAIN_1011B_NARRATIVE" ActivationRequirementSetId="REQSET_LEADER_CHAIN_1011D_NARRATIVE_REQUISITE" UIActivation="STANDARD"/>
        <Row NarrativeStoryType="LEADER_CHAIN_1011E" Name="LOC_LEADER_CHAIN_1011E_NAME" Description="LOC_LEADER_CHAIN_1011E_DESCRIPTION" Completion="LOC_LEADER_CHAIN_1011E_COMPLETION" StoryTitle="LOC_LEADER_CHAIN_1011E_STORYTITLE" Age="AGE_ANTIQUITY" Activation="LINKED_REQUISITE" Hidden="TRUE" RequirementSetId="Met" ActivationRequirementSetId="REQSET_LEADER_CHAIN_1011E_NARRATIVE_REQUISITE" UIActivation="STANDARD"/>
        <Row NarrativeStoryType="LEADER_CHAIN_1012D" Name="LOC_LEADER_CHAIN_1012D_NAME" Description="LOC_LEADER_CHAIN_1012D_DESCRIPTION" Completion="LOC_LEADER_CHAIN_1012D_COMPLETION" StoryTitle="LOC_LEADER_CHAIN_1012D_STORYTITLE" Age="AGE_ANTIQUITY" Activation="LINKED_REQUISITE" Imperative="LOC_LEADER_CHAIN_1012D_IMPERATIVE" IsQuest="TRUE" ShowProgress="TRUE" RequirementSetId="REQSET_LEADER_CHAIN_1012B_NARRATIVE" ActivationRequirementSetId="REQSET_LEADER_CHAIN_1012D_NARRATIVE_REQUISITE" UIActivation="STANDARD"/>
        <Row NarrativeStoryType="LEADER_CHAIN_1012E" Name="LOC_LEADER_CHAIN_1012E_NAME" Description="LOC_LEADER_CHAIN_1012E_DESCRIPTION" Completion="LOC_LEADER_CHAIN_1012E_COMPLETION" StoryTitle="LOC_LEADER_CHAIN_1012E_STORYTITLE" Age="AGE_ANTIQUITY" Activation="LINKED_REQUISITE" Hidden="TRUE" RequirementSetId="Met" ActivationRequirementSetId="REQSET_LEADER_CHAIN_1012E_NARRATIVE_REQUISITE" UIActivation="STANDARD"/>
        <Row NarrativeStoryType="LEADER_CHAIN_1100E" Name="LOC_LEADER_CHAIN_1100E_NAME" Description="LOC_LEADER_CHAIN_1100E_DESCRIPTION" Completion="LOC_LEADER_CHAIN_1100E_COMPLETION" StoryTitle="LOC_LEADER_CHAIN_1100E_STORYTITLE" Age="AGE_ANTIQUITY" Activation="LINKED_REQUISITE" Imperative="LOC_LEADER_CHAIN_1100E_IMPERATIVE" IsQuest="TRUE" RequirementSetId="REQSET_LEADER_CHAIN_1100B_NARRATIVE" ActivationRequirementSetId="REQSET_LEADER_CHAIN_1100E_NARRATIVE_REQUISITE" UIActivation="STANDARD"/>
        <Row NarrativeStoryType="LEADER_CHAIN_1100F" Name="LOC_LEADER_CHAIN_1100F_NAME" Description="LOC_LEADER_CHAIN_1100F_DESCRIPTION" Completion="LOC_LEADER_CHAIN_1100F_COMPLETION" StoryTitle="LOC_LEADER_CHAIN_1100F_STORYTITLE" Age="AGE_ANTIQUITY" Activation="LINKED_REQUISITE" Imperative="LOC_LEADER_CHAIN_1100F_IMPERATIVE" IsQuest="TRUE" ShowProgress="TRUE" RequirementSetId="REQSET_LEADER_CHAIN_1100C_NARRATIVE" ActivationRequirementSetId="REQSET_LEADER_CHAIN_1100F_NARRATIVE_REQUISITE" UIActivation="STANDARD"/>
        <Row NarrativeStoryType="LEADER_CHAIN_1100G" Name="LOC_LEADER_CHAIN_1100G_NAME" Description="LOC_LEADER_CHAIN_1100G_DESCRIPTION" Completion="LOC_LEADER_CHAIN_1100G_COMPLETION" StoryTitle="LOC_LEADER_CHAIN_1100G_STORYTITLE" Age="AGE_ANTIQUITY" Activation="LINKED_REQUISITE" Hidden="TRUE" RequirementSetId="Met" ActivationRequirementSetId="REQSET_LEADER_CHAIN_1100G_NARRATIVE_REQUISITE" UIActivation="STANDARD"/>
        <Row NarrativeStoryType="LEADER_CHAIN_1101D" Name="LOC_LEADER_CHAIN_1101D_NAME" Description="LOC_LEADER_CHAIN_1101D_DESCRIPTION" Completion="LOC_LEADER_CHAIN_1101D_COMPLETION" StoryTitle="LOC_LEADER_CHAIN_1101D_STORYTITLE" Age="AGE_ANTIQUITY" Activation="LINKED_REQUISITE" Imperative="LOC_LEADER_CHAIN_1101D_IMPERATIVE" IsQuest="TRUE" ShowProgress="TRUE" RequirementSetId="REQSET_LEADER_CHAIN_1101B_NARRATIVE" ActivationRequirementSetId="REQSET_LEADER_CHAIN_1101D_NARRATIVE_REQUISITE" UIActivation="STANDARD"/>
        <Row NarrativeStoryType="LEADER_CHAIN_1101E" Name="LOC_LEADER_CHAIN_1101E_NAME" Description="LOC_LEADER_CHAIN_1101E_DESCRIPTION" Completion="LOC_LEADER_CHAIN_1101E_COMPLETION" StoryTitle="LOC_LEADER_CHAIN_1101E_STORYTITLE" Age="AGE_ANTIQUITY" Activation="LINKED_REQUISITE" Hidden="TRUE" RequirementSetId="Met" ActivationRequirementSetId="REQSET_LEADER_CHAIN_1101E_NARRATIVE_REQUISITE" UIActivation="STANDARD"/>
        <Row NarrativeStoryType="LEADER_CHAIN_1102D" Name="LOC_LEADER_CHAIN_1102D_NAME" Description="LOC_LEADER_CHAIN_1102D_DESCRIPTION" Completion="LOC_LEADER_CHAIN_1102D_COMPLETION" StoryTitle="LOC_LEADER_CHAIN_1102D_STORYTITLE" Age="AGE_ANTIQUITY" Activation="LINKED_REQUISITE" Imperative="LOC_LEADER_CHAIN_1102D_IMPERATIVE" IsQuest="TRUE" ShowProgress="TRUE" RequirementSetId="REQSET_LEADER_CHAIN_1102B_NARRATIVE" ActivationRequirementSetId="REQSET_LEADER_CHAIN_1102D_NARRATIVE_REQUISITE" UIActivation="STANDARD"/>
        <Row NarrativeStoryType="LEADER_CHAIN_1102E" Name="LOC_LEADER_CHAIN_1102E_NAME" Description="LOC_LEADER_CHAIN_1102E_DESCRIPTION" Completion="LOC_LEADER_CHAIN_1102E_COMPLETION" StoryTitle="LOC_LEADER_CHAIN_1102E_STORYTITLE" Age="AGE_ANTIQUITY" Activation="LINKED_REQUISITE" Hidden="TRUE" RequirementSetId="Met" ActivationRequirementSetId="REQSET_LEADER_CHAIN_1102E_NARRATIVE_REQUISITE" UIActivation="STANDARD"/>
    </NarrativeStories>
    <NarrativeRewards>
        <Row NarrativeRewardType="LEADER_CHAIN_1010D_REWARD" ModifierID="LEADER_CHAIN_1010D_NARRATIVE_MODIFIER"/>
        <Row NarrativeRewardType="LEADER_CHAIN_1011D_REWARD" ModifierID="LEADER_CHAIN_1011D_NARRATIVE_MODIFIER"/>
        <Row NarrativeRewardType="LEADER_CHAIN_1011D_REWARD2" ModifierID="LEADER_CHAIN_1011D_NARRATIVE_MODIFIER2"/>
        <Row NarrativeRewardType="LEADER_CHAIN_1012D_REWARD" ModifierID="LEADER_CHAIN_1012D_NARRATIVE_MODIFIER"/>
        <Row NarrativeRewardType="LEADER_CHAIN_1012D_REWARD2" ModifierID="LEADER_CHAIN_1012D_NARRATIVE_MODIFIER2"/>
        <Row NarrativeRewardType="LEADER_CHAIN_1102D_REWARD" ModifierID="LEADER_CHAIN_1102D_NARRATIVE_MODIFIER"/>
        <Row NarrativeRewardType="LEADER_CHAIN_1102D_REWARD2" ModifierID="LEADER_CHAIN_1102D_NARRATIVE_MODIFIER2"/>
    </NarrativeRewards>
    <NarrativeStory_Rewards>
        <Row NarrativeStoryType="LEADER_CHAIN_1010E" NarrativeRewardType="LEADER_CHAIN_1010B_REWARD" Activation="COMPLETE"/>
        <Row NarrativeStoryType="LEADER_CHAIN_1010E" NarrativeRewardType="LEADER_CHAIN_1010B_REWARD2" Activation="COMPLETE"/>
        <Row NarrativeStoryType="LEADER_CHAIN_1010F" NarrativeRewardType="LEADER_CHAIN_1010C_REWARD" Activation="COMPLETE"/>
        <Row NarrativeStoryType="LEADER_CHAIN_1010F" NarrativeRewardType="LEADER_CHAIN_1010C_REWARD2" Activation="COMPLETE"/>
        <Row NarrativeStoryType="LEADER_CHAIN_1010D" NarrativeRewardType="LEADER_CHAIN_1010D_REWARD" Activation="START"/>
        <Row NarrativeStoryType="LEADER_CHAIN_1011D" NarrativeRewardType="LEADER_CHAIN_1011D_REWARD" Activation="COMPLETE" BonusEligible="FALSE"/>
        <Row NarrativeStoryType="LEADER_CHAIN_1011D" NarrativeRewardType="LEADER_CHAIN_1011D_REWARD2" Activation="COMPLETE"/>
        <Row NarrativeStoryType="LEADER_CHAIN_1011E" NarrativeRewardType="LEADER_CHAIN_1011C_REWARD" Activation="START"/>
        <Row NarrativeStoryType="LEADER_CHAIN_1012D" NarrativeRewardType="LEADER_CHAIN_1012D_REWARD" Activation="COMPLETE" BonusEligible="FALSE"/>
        <Row NarrativeStoryType="LEADER_CHAIN_1012D" NarrativeRewardType="LEADER_CHAIN_1012D_REWARD2" Activation="COMPLETE"/>
        <Row NarrativeStoryType="LEADER_CHAIN_1012E" NarrativeRewardType="LEADER_CHAIN_1012C_REWARD" Activation="START"/>
        <Row NarrativeStoryType="LEADER_CHAIN_1100E" NarrativeRewardType="LEADER_CHAIN_1100B_REWARD" Activation="COMPLETE"/>
        <Row NarrativeStoryType="LEADER_CHAIN_1100E" NarrativeRewardType="LEADER_CHAIN_1100B_REWARD2" Activation="COMPLETE"/>
        <Row NarrativeStoryType="LEADER_CHAIN_1100F" NarrativeRewardType="LEADER_CHAIN_1100C_REWARD" Activation="COMPLETE"/>
        <Row NarrativeStoryType="LEADER_CHAIN_1100F" NarrativeRewardType="LEADER_CHAIN_1100C_REWARD2" Activation="COMPLETE"/>
        <Row NarrativeStoryType="LEADER_CHAIN_1100G" NarrativeRewardType="LEADER_CHAIN_1100D_REWARD" Activation="START"/>
        <Row NarrativeStoryType="LEADER_CHAIN_1101D" NarrativeRewardType="LEADER_CHAIN_1101B_REWARD" Activation="COMPLETE"/>
        <Row NarrativeStoryType="LEADER_CHAIN_1101D" NarrativeRewardType="LEADER_CHAIN_1101B_REWARD2" Activation="COMPLETE"/>
        <Row NarrativeStoryType="LEADER_CHAIN_1101E" NarrativeRewardType="LEADER_CHAIN_1101C_REWARD" Activation="START"/>
        <Row NarrativeStoryType="LEADER_CHAIN_1102D" NarrativeRewardType="LEADER_CHAIN_1102D_REWARD" Activation="COMPLETE" BonusEligible="FALSE"/>
        <Row NarrativeStoryType="LEADER_CHAIN_1102D" NarrativeRewardType="LEADER_CHAIN_1102D_REWARD2" Activation="COMPLETE"/>
        <Row NarrativeStoryType="LEADER_CHAIN_1102E" NarrativeRewardType="LEADER_CHAIN_1102C_REWARD" Activation="START"/>
    </NarrativeStory_Rewards>
    <NarrativeStoryOverrides>
        <Row NarrativeStoryType="LEADER_CHAIN_1010E" OverriddenStoryType="LEADER_CHAIN_1010B"/>
        <Row NarrativeStoryType="LEADER_CHAIN_1010F" OverriddenStoryType="LEADER_CHAIN_1010C"/>
        <Row NarrativeStoryType="LEADER_CHAIN_1011D" OverriddenStoryType="LEADER_CHAIN_1011B"/>
        <Row NarrativeStoryType="LEADER_CHAIN_1011E" OverriddenStoryType="LEADER_CHAIN_1011C"/>
        <Row NarrativeStoryType="LEADER_CHAIN_1012D" OverriddenStoryType="LEADER_CHAIN_1012B"/>
        <Row NarrativeStoryType="LEADER_CHAIN_1012E" OverriddenStoryType="LEADER_CHAIN_1012C"/>
        <Row NarrativeStoryType="LEADER_CHAIN_1100E" OverriddenStoryType="LEADER_CHAIN_1100B"/>
        <Row NarrativeStoryType="LEADER_CHAIN_1100F" OverriddenStoryType="LEADER_CHAIN_1100C"/>
        <Row NarrativeStoryType="LEADER_CHAIN_1100G" OverriddenStoryType="LEADER_CHAIN_1100D"/>
        <Row NarrativeStoryType="LEADER_CHAIN_1101D" OverriddenStoryType="LEADER_CHAIN_1101B"/>
        <Row NarrativeStoryType="LEADER_CHAIN_1101E" OverriddenStoryType="LEADER_CHAIN_1101C"/>
        <Row NarrativeStoryType="LEADER_CHAIN_1102D" OverriddenStoryType="LEADER_CHAIN_1102B"/>
        <Row NarrativeStoryType="LEADER_CHAIN_1102E" OverriddenStoryType="LEADER_CHAIN_1102C"/>
    </NarrativeStoryOverrides>
    <NarrativeVariations>
    </NarrativeVariations>
    <NarrativeRewardIcons>
        <Row NarrativeStoryType="LEADER_CHAIN_1010E" RewardIconType="QUEST"/>
        <Row NarrativeStoryType="LEADER_CHAIN_1010E" RewardIconType="YIELD_HAPPINESS"/>
        <Row NarrativeStoryType="LEADER_CHAIN_1010F" RewardIconType="QUEST"/>
        <Row NarrativeStoryType="LEADER_CHAIN_1010F" RewardIconType="YIELD_CULTURE"/>
        <Row NarrativeStoryType="LEADER_CHAIN_1011D" RewardIconType="QUEST"/>
        <Row NarrativeStoryType="LEADER_CHAIN_1012D" RewardIconType="QUEST"/>
        <Row NarrativeStoryType="LEADER_CHAIN_1100E" RewardIconType="QUEST"/>
        <Row NarrativeStoryType="LEADER_CHAIN_1100E" RewardIconType="YIELD_SCIENCE"/>
        <Row NarrativeStoryType="LEADER_CHAIN_1100F" RewardIconType="QUEST"/>
        <Row NarrativeStoryType="LEADER_CHAIN_1100F" RewardIconType="YIELD_CULTURE"/>
        <Row NarrativeStoryType="LEADER_CHAIN_1101D" RewardIconType="QUEST"/>
        <Row NarrativeStoryType="LEADER_CHAIN_1101D" RewardIconType="ATTRIBUTE_POLITICAL"/>
        <Row NarrativeStoryType="LEADER_CHAIN_1102D" RewardIconType="QUEST"/>
        <Row NarrativeStoryType="LEADER_CHAIN_1010D" RewardIconType="YIELD_SCIENCE"/>
        <Row NarrativeStoryType="LEADER_CHAIN_1011D" RewardIconType="ATTRIBUTE_MILITARISTIC"/>
        <Row NarrativeStoryType="LEADER_CHAIN_1012D" RewardIconType="ATTRIBUTE_EXPANSIONIST"/>
        <Row NarrativeStoryType="LEADER_CHAIN_1102D" RewardIconType="ATTRIBUTE_CULTURAL"/>
    </NarrativeRewardIcons>
    <NarrativeStory_TextReplacements>
        <Row NarrativeStoryType="LEADER_CHAIN_1010E" NarrativeStoryTextType="REWARD" NarrativeTextReplacementType="REWARD" Priority="1"/>
        <Row NarrativeStoryType="LEADER_CHAIN_1010F" NarrativeStoryTextType="REWARD" NarrativeTextReplacementType="REWARD" Priority="1"/>
        <Row NarrativeStoryType="LEADER_CHAIN_1010D" NarrativeStoryTextType="REWARD" NarrativeTextReplacementType="REWARD" Priority="1"/>
        <Row NarrativeStoryType="LEADER_CHAIN_1011D" NarrativeStoryTextType="REWARD" NarrativeTextReplacementType="REWARD" Priority="1"/>
        <Row NarrativeStoryType="LEADER_CHAIN_1011E" NarrativeStoryTextType="REWARD" NarrativeTextReplacementType="REWARD" Priority="1"/>
        <Row NarrativeStoryType="LEADER_CHAIN_1012D" NarrativeStoryTextType="REWARD" NarrativeTextReplacementType="REWARD" Priority="1"/>
        <Row NarrativeStoryType="LEADER_CHAIN_1012E" NarrativeStoryTextType="REWARD" NarrativeTextReplacementType="REWARD" Priority="1"/>
        <Row NarrativeStoryType="LEADER_CHAIN_1100E" NarrativeStoryTextType="REWARD" NarrativeTextReplacementType="REWARD" Priority="1"/>
        <Row NarrativeStoryType="LEADER_CHAIN_1100F" NarrativeStoryTextType="REWARD" NarrativeTextReplacementType="REWARD" Priority="1"/>
        <Row NarrativeStoryType="LEADER_CHAIN_1100G" NarrativeStoryTextType="REWARD" NarrativeTextReplacementType="REWARD" Priority="1"/>
        <Row NarrativeStoryType="LEADER_CHAIN_1101D" NarrativeStoryTextType="REWARD" NarrativeTextReplacementType="REWARD" Priority="1"/>
        <Row NarrativeStoryType="LEADER_CHAIN_1101E" NarrativeStoryTextType="REWARD" NarrativeTextReplacementType="REWARD" Priority="1"/>
        <Row NarrativeStoryType="LEADER_CHAIN_1101E" NarrativeStoryTextType="REWARD" NarrativeTextReplacementType="CAPITAL" Priority="2"/>
        <Row NarrativeStoryType="LEADER_CHAIN_1102D" NarrativeStoryTextType="REWARD" NarrativeTextReplacementType="REWARD" Priority="1"/>
        <Row NarrativeStoryType="LEADER_CHAIN_1102E" NarrativeStoryTextType="REWARD" NarrativeTextReplacementType="REWARD" Priority="1"/>
        <Row NarrativeStoryType="LEADER_CHAIN_1102E" NarrativeStoryTextType="REWARD" NarrativeTextReplacementType="CAPITAL" Priority="2"/>
    </NarrativeStory_TextReplacements>
    <NarrativeStory_Links>
        <Row FromNarrativeStoryType="LEADER_CHAIN_1010A" ToNarrativeStoryType="LEADER_CHAIN_1010E" Priority="2" Name="LOC_LEADER_CHAIN_1010E_NAME" Description="LOC_LEADER_CHAIN_1010E_DESCRIPTION" Imperative="LOC_LEADER_CHAIN_1010E_IMPERATIVE"/>
        <Row FromNarrativeStoryType="LEADER_CHAIN_1010A" ToNarrativeStoryType="LEADER_CHAIN_1010F" Priority="3" Name="LOC_LEADER_CHAIN_1010F_NAME" Description="LOC_LEADER_CHAIN_1010F_DESCRIPTION" Imperative="LOC_LEADER_CHAIN_1010F_IMPERATIVE"/>
        <Row FromNarrativeStoryType="LEADER_CHAIN_1010A" ToNarrativeStoryType="LEADER_CHAIN_1010D" Priority="4" Name="LOC_LEADER_CHAIN_1010D_NAME" Description="LOC_LEADER_CHAIN_1010D_DESCRIPTION"/>
        <Row FromNarrativeStoryType="LEADER_CHAIN_1011A" ToNarrativeStoryType="LEADER_CHAIN_1011D" Priority="2" Name="LOC_LEADER_CHAIN_1011D_NAME" Description="LOC_LEADER_CHAIN_1011D_DESCRIPTION" Imperative="LOC_LEADER_CHAIN_1011D_IMPERATIVE"/>
        <Row FromNarrativeStoryType="LEADER_CHAIN_1011A" ToNarrativeStoryType="LEADER_CHAIN_1011E" Priority="3" Name="LOC_LEADER_CHAIN_1011E_NAME" Description="LOC_LEADER_CHAIN_1011E_DESCRIPTION"/>
        <Row FromNarrativeStoryType="LEADER_CHAIN_1012A" ToNarrativeStoryType="LEADER_CHAIN_1012D" Priority="2" Name="LOC_LEADER_CHAIN_1012D_NAME" Description="LOC_LEADER_CHAIN_1012D_DESCRIPTION" Imperative="LOC_LEADER_CHAIN_1012D_IMPERATIVE"/>
        <Row FromNarrativeStoryType="LEADER_CHAIN_1012A" ToNarrativeStoryType="LEADER_CHAIN_1012E" Priority="3" Name="LOC_LEADER_CHAIN_1012E_NAME" Description="LOC_LEADER_CHAIN_1012E_DESCRIPTION"/>
        <Row FromNarrativeStoryType="LEADER_CHAIN_1100A" ToNarrativeStoryType="LEADER_CHAIN_1100E" Priority="0" Name="LOC_LEADER_CHAIN_1100E_NAME" Description="LOC_LEADER_CHAIN_1100E_DESCRIPTION" Imperative="LOC_LEADER_CHAIN_1100E_IMPERATIVE"/>
        <Row FromNarrativeStoryType="LEADER_CHAIN_1100A" ToNarrativeStoryType="LEADER_CHAIN_1100F" Priority="0" Name="LOC_LEADER_CHAIN_1100F_NAME" Description="LOC_LEADER_CHAIN_1100F_DESCRIPTION" Imperative="LOC_LEADER_CHAIN_1100F_IMPERATIVE"/>
        <Row FromNarrativeStoryType="LEADER_CHAIN_1100A" ToNarrativeStoryType="LEADER_CHAIN_1100G" Priority="0" Name="LOC_LEADER_CHAIN_1100G_NAME" Description="LOC_LEADER_CHAIN_1100G_DESCRIPTION"/>
        <Row FromNarrativeStoryType="LEADER_CHAIN_1101A" ToNarrativeStoryType="LEADER_CHAIN_1101D" Priority="0" Name="LOC_LEADER_CHAIN_1101D_NAME" Description="LOC_LEADER_CHAIN_1101D_DESCRIPTION" Imperative="LOC_LEADER_CHAIN_1101D_IMPERATIVE"/>
        <Row FromNarrativeStoryType="LEADER_CHAIN_1101A" ToNarrativeStoryType="LEADER_CHAIN_1101E" Priority="0" Name="LOC_LEADER_CHAIN_1101E_NAME" Description="LOC_LEADER_CHAIN_1101E_DESCRIPTION"/>
        <Row FromNarrativeStoryType="LEADER_CHAIN_1102A" ToNarrativeStoryType="LEADER_CHAIN_1102D" Priority="0" Name="LOC_LEADER_CHAIN_1102D_NAME" Description="LOC_LEADER_CHAIN_1102D_DESCRIPTION" Imperative="LOC_LEADER_CHAIN_1102D_IMPERATIVE"/>
        <Row FromNarrativeStoryType="LEADER_CHAIN_1102A" ToNarrativeStoryType="LEADER_CHAIN_1102E" Priority="0" Name="LOC_LEADER_CHAIN_1102E_NAME" Description="LOC_LEADER_CHAIN_1102E_DESCRIPTION"/>
    </NarrativeStory_Links>
</Database>
