<?xml version="1.0" encoding="UTF-8" standalone="yes"?>
<Database>
	<PlayerColors>
		<Row>
			<Type>LEADER_ASHOKA_ALT</Type>
			<Usage>Unique</Usage>
			<PrimaryColor>COLOR_STANDARD_AQUA_LT</PrimaryColor>
			<SecondaryColor>COLOR_STANDARD_PURPLE_DK</SecondaryColor>
			<Alt1PrimaryColor>COLOR_STANDARD_PURPLE_DK</Alt1PrimaryColor>
			<Alt1SecondaryColor>COLOR_STANDARD_AQUA_LT</Alt1SecondaryColor>
			<Alt2PrimaryColor>COLOR_STANDARD_AQUA_MD</Alt2PrimaryColor>
			<Alt2SecondaryColor>COLOR_STANDARD_MAGENTA_DK</Alt2SecondaryColor>
			<Alt3PrimaryColor>COLOR_STANDARD_MAGENTA_DK</Alt3PrimaryColor>
			<Alt3SecondaryColor>COLOR_STANDARD_AQUA_MD</Alt3SecondaryColor>
		</Row>
		<Row>
			<Type>LEADER_HIMIKO_ALT</Type>
			<Usage>Unique</Usage>
			<PrimaryColor>COLOR_STANDARD_WHITE_LT</PrimaryColor>
			<SecondaryColor>COLOR_STANDARD_RED_MD</SecondaryColor>
			<Alt1PrimaryColor>COLOR_STANDARD_RED_MD</Alt1PrimaryColor>
			<Alt1SecondaryColor>COLOR_STANDARD_WHITE_LT</Alt1SecondaryColor>
			<Alt2PrimaryColor>COLOR_STANDARD_WHITE_LT</Alt2PrimaryColor>
			<Alt2SecondaryColor>COLOR_STANDARD_BLUE_MD</Alt2SecondaryColor>
			<Alt3PrimaryColor>COLOR_STANDARD_BLUE_MD</Alt3PrimaryColor>
			<Alt3SecondaryColor>COLOR_STANDARD_WHITE_LT</Alt3SecondaryColor>
		</Row>
	</PlayerColors>
</Database>