<?xml version="1.0" encoding="utf-8"?>
<Database>
	<Kinds>
		<InsertOrIgnore Kind="KIND_UNLOCK"/>
	</Kinds>
	<Types>
		<InsertOrIgnore Type="UNLOCK_LEGEND_LEVEL_4_ASHOKA_CONQUEROR" Kind="KIND_UNLOCK"/>
		<InsertOrIgnore Type="UNLOCK_LEGEND_LEVEL_8_ASHOKA_CONQUEROR" Kind="KIND_UNLOCK"/>

		<InsertOrIgnore Type="UNLOCK_LEGEND_LEVEL_4_HIMIKO_SHAMAN" Kind="KIND_UNLOCK"/>
		<InsertOrIgnore Type="UNLOCK_LEGEND_LEVEL_8_HIMIKO_SHAMAN" Kind="KIND_UNLOCK"/>
	</Types>
	<Unlocks>
		<InsertOrIgnore UnlockType="UNLOCK_LEGEND_LEVEL_4_ASHOKA_CONQUEROR"/>
		<InsertOrIgnore UnlockType="UNLOCK_LEGEND_LEVEL_8_ASHOKA_CONQUEROR"/>

		<InsertOrIgnore UnlockType="UNLOCK_LEGEND_LEVEL_4_HIMIKO_SHAMAN"/>
		<InsertOrIgnore UnlockType="UNLOCK_LEGEND_LEVEL_8_HIMIKO_SHAMAN"/>
	</Unlocks>
	<UnlockRewards>
		<InsertOrIgnore UnlockType="UNLOCK_LEGEND_LEVEL_4_ASHOKA_CONQUEROR" Name="LOC_CARD_AT_EXP_LEGEND_ASHOKA_CONQUEROR_1_NAME" Description="LOC_CARD_AT_EXP_LEGEND_ASHOKA_CONQUEROR_1_DESCRIPTION" Icon="LEADER_ASHOKA_ALT"/>
		<InsertOrIgnore UnlockType="UNLOCK_LEGEND_LEVEL_4_ASHOKA_CONQUEROR" Name="LOC_CARD_AT_EXP_LEGEND_ASHOKA_CONQUEROR_2_NAME" Description="LOC_CARD_AT_EXP_LEGEND_ASHOKA_CONQUEROR_2_DESCRIPTION" Icon="LEADER_ASHOKA_ALT"/>
		<InsertOrIgnore UnlockType="UNLOCK_LEGEND_LEVEL_4_HIMIKO_SHAMAN" Name="LOC_CARD_AT_EXP_LEGEND_HIMIKO_SHAMAN_1_NAME" Description="LOC_CARD_AT_EXP_LEGEND_HIMIKO_SHAMAN_1_DESCRIPTION" Icon="LEADER_HIMIKO_ALT"/>
		<InsertOrIgnore UnlockType="UNLOCK_LEGEND_LEVEL_4_HIMIKO_SHAMAN" Name="LOC_CARD_AT_EXP_LEGEND_HIMIKO_SHAMAN_2_NAME" Description="LOC_CARD_AT_EXP_LEGEND_HIMIKO_SHAMAN_2_DESCRIPTION" Icon="LEADER_HIMIKO_ALT"/>

		<InsertOrIgnore UnlockType="UNLOCK_LEGEND_LEVEL_8_ASHOKA_CONQUEROR" Name="LOC_CARD_AT_MOD_LEGEND_ASHOKA_CONQUEROR_1_NAME" Description="LOC_CARD_AT_MOD_LEGEND_ASHOKA_CONQUEROR_1_DESCRIPTION" Icon="LEADER_ASHOKA_ALT"/>
		<InsertOrIgnore UnlockType="UNLOCK_LEGEND_LEVEL_8_ASHOKA_CONQUEROR" Name="LOC_CARD_AT_MOD_LEGEND_ASHOKA_CONQUEROR_2_NAME" Description="LOC_CARD_AT_MOD_LEGEND_ASHOKA_CONQUEROR_2_DESCRIPTION" Icon="LEADER_ASHOKA_ALT"/>
		<InsertOrIgnore UnlockType="UNLOCK_LEGEND_LEVEL_8_HIMIKO_SHAMAN" Name="LOC_CARD_AT_MOD_LEGEND_HIMIKO_SHAMAN_1_NAME" Description="LOC_CARD_AT_MOD_LEGEND_HIMIKO_SHAMAN_1_DESCRIPTION" Icon="LEADER_HIMIKO_ALT"/>
		<InsertOrIgnore UnlockType="UNLOCK_LEGEND_LEVEL_8_HIMIKO_SHAMAN" Name="LOC_CARD_AT_MOD_LEGEND_HIMIKO_SHAMAN_2_NAME" Description="LOC_CARD_AT_MOD_LEGEND_HIMIKO_SHAMAN_2_DESCRIPTION" Icon="LEADER_HIMIKO_ALT"/>
	</UnlockRewards>
	<RequirementSets>
		<Row RequirementSetId="REQSET_LEADER_IS_ASHOKA_ALT" RequirementSetType="REQUIREMENTSET_TEST_ALL"/>
		<Row RequirementSetId="REQSET_LEADER_IS_HIMIKO_ALT" RequirementSetType="REQUIREMENTSET_TEST_ALL"/>

		<Row RequirementSetId="REQSET_LEGEND_LEVEL_4_ASHOKA_CONQUEROR" RequirementSetType="REQUIREMENTSET_TEST_ALL"/>
		<Row RequirementSetId="REQSET_LEGEND_LEVEL_8_ASHOKA_CONQUEROR" RequirementSetType="REQUIREMENTSET_TEST_ALL"/>

		<Row RequirementSetId="REQSET_LEGEND_LEVEL_4_HIMIKO_SHAMAN" RequirementSetType="REQUIREMENTSET_TEST_ALL"/>
		<Row RequirementSetId="REQSET_LEGEND_LEVEL_8_HIMIKO_SHAMAN" RequirementSetType="REQUIREMENTSET_TEST_ALL"/>
	</RequirementSets>
	<Requirements>
		<Row RequirementId="REQ_LEADER_IS_ASHOKA_ALT" RequirementType="REQUIREMENT_PLAYER_LEADER_TYPE_MATCHES"/>
		<Row RequirementId="REQ_LEADER_IS_HIMIKO_ALT" RequirementType="REQUIREMENT_PLAYER_LEADER_TYPE_MATCHES"/>

		<Row RequirementId="REQ_LEGEND_LEVEL_4_ASHOKA_CONQUEROR" RequirementType="REQUIREMENT_METAPROGRESSION_LEGEND_PATH_LEVEL"/>
		<Row RequirementId="REQ_LEGEND_LEVEL_8_ASHOKA_CONQUEROR" RequirementType="REQUIREMENT_METAPROGRESSION_LEGEND_PATH_LEVEL"/>

		<Row RequirementId="REQ_LEGEND_LEVEL_4_HIMIKO_SHAMAN" RequirementType="REQUIREMENT_METAPROGRESSION_LEGEND_PATH_LEVEL"/>
		<Row RequirementId="REQ_LEGEND_LEVEL_8_HIMIKO_SHAMAN" RequirementType="REQUIREMENT_METAPROGRESSION_LEGEND_PATH_LEVEL"/>
	</Requirements>
	<RequirementArguments>
		<Row RequirementId="REQ_LEADER_IS_ASHOKA_ALT" Name="LeaderType" Value="LEADER_ASHOKA_ALT"/>
		<Row RequirementId="REQ_LEADER_IS_HIMIKO_ALT" Name="LeaderType" Value="LEADER_HIMIKO_ALT"/>

		<Row RequirementId="REQ_LEGEND_LEVEL_4_ASHOKA_CONQUEROR" Name="LegendPaths" Value="LEGEND_PATH_ASHOKA_ALT"/>
		<Row RequirementId="REQ_LEGEND_LEVEL_4_ASHOKA_CONQUEROR" Name="LevelThreshold" Value="4"/>
		<Row RequirementId="REQ_LEGEND_LEVEL_4_ASHOKA_CONQUEROR" Name="Amount" Value="1"/>
		<Row RequirementId="REQ_LEGEND_LEVEL_8_ASHOKA_CONQUEROR" Name="LegendPaths" Value="LEGEND_PATH_ASHOKA_ALT"/>
		<Row RequirementId="REQ_LEGEND_LEVEL_8_ASHOKA_CONQUEROR" Name="LevelThreshold" Value="8"/>
		<Row RequirementId="REQ_LEGEND_LEVEL_8_ASHOKA_CONQUEROR" Name="Amount" Value="1"/>

		<Row RequirementId="REQ_LEGEND_LEVEL_4_HIMIKO_SHAMAN" Name="LegendPaths" Value="LEGEND_PATH_HIMIKO_ALT"/>
		<Row RequirementId="REQ_LEGEND_LEVEL_4_HIMIKO_SHAMAN" Name="LevelThreshold" Value="4"/>
		<Row RequirementId="REQ_LEGEND_LEVEL_4_HIMIKO_SHAMAN" Name="Amount" Value="1"/>
		<Row RequirementId="REQ_LEGEND_LEVEL_8_HIMIKO_SHAMAN" Name="LegendPaths" Value="LEGEND_PATH_HIMIKO_ALT"/>
		<Row RequirementId="REQ_LEGEND_LEVEL_8_HIMIKO_SHAMAN" Name="LevelThreshold" Value="8"/>
		<Row RequirementId="REQ_LEGEND_LEVEL_8_HIMIKO_SHAMAN" Name="Amount" Value="1"/>
	</RequirementArguments>
	<RequirementSetRequirements>
		<Row RequirementSetId="REQSET_LEADER_IS_ASHOKA_ALT" RequirementId="REQ_LEADER_IS_ASHOKA_ALT"/>
		<Row RequirementSetId="REQSET_LEADER_IS_HIMIKO_ALT" RequirementId="REQ_LEADER_IS_HIMIKO_ALT"/>

		<Row RequirementSetId="REQSET_LEGEND_LEVEL_4_ASHOKA_CONQUEROR" RequirementId="REQ_LEADER_IS_ASHOKA_ALT"/>
		<Row RequirementSetId="REQSET_LEGEND_LEVEL_4_ASHOKA_CONQUEROR" RequirementId="REQ_LEGEND_LEVEL_4_ASHOKA_CONQUEROR"/>
		<Row RequirementSetId="REQSET_LEGEND_LEVEL_8_ASHOKA_CONQUEROR" RequirementId="REQ_LEADER_IS_ASHOKA_ALT"/>
		<Row RequirementSetId="REQSET_LEGEND_LEVEL_8_ASHOKA_CONQUEROR" RequirementId="REQ_LEGEND_LEVEL_8_ASHOKA_CONQUEROR"/>

		<Row RequirementSetId="REQSET_LEGEND_LEVEL_4_HIMIKO_SHAMAN" RequirementId="REQ_LEADER_IS_HIMIKO_ALT"/>
		<Row RequirementSetId="REQSET_LEGEND_LEVEL_4_HIMIKO_SHAMAN" RequirementId="REQ_LEGEND_LEVEL_4_HIMIKO_SHAMAN"/>
		<Row RequirementSetId="REQSET_LEGEND_LEVEL_8_HIMIKO_SHAMAN" RequirementId="REQ_LEADER_IS_HIMIKO_ALT"/>
		<Row RequirementSetId="REQSET_LEGEND_LEVEL_8_HIMIKO_SHAMAN" RequirementId="REQ_LEGEND_LEVEL_8_HIMIKO_SHAMAN"/>
	</RequirementSetRequirements>
	<UnlockRequirements>
		<InsertOrIgnore UnlockType="UNLOCK_CIVILIZATION_CHOLA" RequirementSetId="REQSET_LEADER_IS_ASHOKA_ALT" Description="LOC_UNLOCK_PLAY_AS_ASHOKA_ALT_DESCRIPTION" Tooltip="LOC_UNLOCK_PLAY_AS_ASHOKA_ALT_CHOLA_TOOLTIP"/>
		<InsertOrIgnore UnlockType="UNLOCK_CIVILIZATION_HAWAII" RequirementSetId="REQSET_LEADER_IS_ASHOKA_ALT" Description="LOC_UNLOCK_PLAY_AS_ASHOKA_ALT_DESCRIPTION" Tooltip="LOC_UNLOCK_PLAY_AS_ASHOKA_ALT_HAWAII_TOOLTIP"/>
		<InsertOrIgnore UnlockType="UNLOCK_CIVILIZATION_MUGHAL" RequirementSetId="REQSET_LEADER_IS_ASHOKA_ALT" Description="LOC_UNLOCK_PLAY_AS_ASHOKA_ALT_DESCRIPTION" Tooltip="LOC_UNLOCK_PLAY_AS_ASHOKA_ALT_MUGHAL_TOOLTIP"/>
		<InsertOrIgnore UnlockType="UNLOCK_CIVILIZATION_SIAM" RequirementSetId="REQSET_LEADER_IS_ASHOKA_ALT" Description="LOC_UNLOCK_PLAY_AS_ASHOKA_ALT_DESCRIPTION" Tooltip="LOC_UNLOCK_PLAY_AS_ASHOKA_ALT_SIAM_TOOLTIP"/>
		<InsertOrIgnore UnlockType="UNLOCK_CIVILIZATION_HAWAII" RequirementSetId="REQSET_LEADER_IS_HIMIKO_ALT" Description="LOC_UNLOCK_PLAY_AS_HIMIKO_ALT_DESCRIPTION" Tooltip="LOC_UNLOCK_PLAY_AS_HIMIKO_ALT_HAWAII_TOOLTIP"/>
		<InsertOrIgnore UnlockType="UNLOCK_CIVILIZATION_MAJAPAHIT" RequirementSetId="REQSET_LEADER_IS_HIMIKO_ALT" Description="LOC_UNLOCK_PLAY_AS_HIMIKO_ALT_DESCRIPTION" Tooltip="LOC_UNLOCK_PLAY_AS_HIMIKO_ALT_MAJAPAHIT_TOOLTIP"/>
		<InsertOrIgnore UnlockType="UNLOCK_CIVILIZATION_MEIJI" RequirementSetId="REQSET_LEADER_IS_HIMIKO_ALT" Description="LOC_UNLOCK_PLAY_AS_HIMIKO_ALT_DESCRIPTION" Tooltip="LOC_UNLOCK_PLAY_AS_HIMIKO_ALT_MEIJI_TOOLTIP"/>
		<InsertOrIgnore UnlockType="UNLOCK_CIVILIZATION_SIAM" RequirementSetId="REQSET_LEADER_IS_HIMIKO_ALT" Description="LOC_UNLOCK_PLAY_AS_HIMIKO_ALT_DESCRIPTION" Tooltip="LOC_UNLOCK_PLAY_AS_HIMIKO_ALT_SIAM_TOOLTIP"/>

		<InsertOrIgnore UnlockType="UNLOCK_LEGEND_LEVEL_4_ASHOKA_CONQUEROR" RequirementSetId="REQSET_LEGEND_LEVEL_4_ASHOKA_CONQUEROR" Description=""/>
		<InsertOrIgnore UnlockType="UNLOCK_LEGEND_LEVEL_4_HIMIKO_SHAMAN" RequirementSetId="REQSET_LEGEND_LEVEL_4_HIMIKO_SHAMAN" Description=""/>
		<InsertOrIgnore UnlockType="UNLOCK_LEGEND_LEVEL_8_ASHOKA_CONQUEROR" RequirementSetId="REQSET_LEGEND_LEVEL_8_ASHOKA_CONQUEROR" Description=""/>
		<InsertOrIgnore UnlockType="UNLOCK_LEGEND_LEVEL_8_HIMIKO_SHAMAN" RequirementSetId="REQSET_LEGEND_LEVEL_8_HIMIKO_SHAMAN" Description=""/>
	</UnlockRequirements>
</Database>
