<?xml version="1.0" encoding="utf-8"?>
<metaprogression xmlns="Metaprogression">
	<legendPath id="LEGEND_PATH_XERXES_ALT" type="CHALLENGE_CLASS_LEADER">
		<sortIndex>40</sortIndex>
		<level level="2">
			<reward reward="MEMENTO_XERXES_ACHAEMENID_INCENSE_CENSER"/>
		</level>
		<level level="3">
			<reward reward="NODE_ATTRIBUTE_CULTURAL_LEGEND_XERXES_ALT_L1"/>
		</level>
		<level level="4">
			<reward reward="STRATEGYCARD_XERXES_ACHAEMENID_EXPLORATION_1"/>
			<reward reward="STRATEGYCARD_XERXES_ACHAEMENID_EXPLORATION_2"/>
		</level>
		<level level="5">
			<reward reward="MEMENTO_XERXES_ACHAEMENID_GOLD_FLUTED_PHIALE"/>
		</level>
		<level level="6">
			<reward reward="BANNER_XERXES_ACHAEMENID"/>
			<reward reward="BADGE_XERXES_ACHAEMENID"/>
		</level>
		<level level="7">
			<reward reward="NODE_ATTRIBUTE_ECONOMIC_LEGEND_XERXES_ALT_L2"/>
		</level>
		<level level="8">
			<reward reward="STRATEGYCARD_XERXES_ACHAEMENID_MODERN_1"/>
			<reward reward="STRATEGYCARD_XERXES_ACHAEMENID_MODERN_2"/>
		</level>
		<level level="9">
			<reward reward="MEMENTO_XERXES_ACHAEMENID_CHALCEDONY_SEAL"/>
		</level>
		<level level="10">
			<reward reward="TITLE_XERXES_ACHAEMENID"/>
			<reward reward="BADGE_XERXES_ACHAEMENID_P"/>
		</level>
	</legendPath>
	<challengeEvents>
		<event id="CHALLENGE_EVENT_LEADER_XERXES_ALT_AGE_ENDED" />
		<event id="CHALLENGE_EVENT_LEADER_XERXES_ALT_VICTORY_ACHIEVED" />
		<event id="CHALLENGE_EVENT_LEADER_XERXES_ALT_FLAWLESS_VICTORY_ACHIEVED" />
		<event id="CHALLENGE_EVENT_LEADER_XERXES_ALT_LEGACY_PATH_MILESTONE_COMPLETED" />
	</challengeEvents>
	<statistics>
		<statistic id="CHALLENGE_STATISTIC_LEADER_XERXES_ALT_LEGACY_PATH_MILESTONE_COMPLETED" event="CHALLENGE_EVENT_LEADER_XERXES_ALT_LEGACY_PATH_MILESTONE_COMPLETED"/>
		<statistic id="CHALLENGE_STATISTIC_LEADER_XERXES_ALT_MILITARY_VICTORY_ANTIQUITY" event="CHALLENGE_EVENT_LEADER_XERXES_ALT_VICTORY_ACHIEVED">
			<rules>
				<rule type="and">
					<rule type="equals" var="victoryType">VICTORY_CLASS_MILITARY</rule>
					<rule type="equals" var="age">AGE_ANTIQUITY</rule>
				</rule>
			</rules>
		</statistic>
		<statistic id="CHALLENGE_STATISTIC_LEADER_XERXES_ALT_MILITARY_VICTORY_EXPLORATION" event="CHALLENGE_EVENT_LEADER_XERXES_ALT_VICTORY_ACHIEVED">
			<rules>
				<rule type="and">
					<rule type="equals" var="victoryType">VICTORY_CLASS_MILITARY</rule>
					<rule type="equals" var="age">AGE_EXPLORATION</rule>
				</rule>
			</rules>
		</statistic>
		<statistic id="CHALLENGE_STATISTIC_LEADER_XERXES_ALT_MILITARY_VICTORY_MODERN" event="CHALLENGE_EVENT_LEADER_XERXES_ALT_VICTORY_ACHIEVED">
			<rules>
				<rule type="and">
					<rule type="equals" var="victoryType">VICTORY_CLASS_MILITARY</rule>
					<rule type="equals" var="age">AGE_MODERN</rule>
				</rule>
			</rules>
		</statistic>
		<statistic id="CHALLENGE_STATISTIC_LEADER_XERXES_ALT_ECONOMIC_VICTORY_ANTIQUITY" event="CHALLENGE_EVENT_LEADER_XERXES_ALT_VICTORY_ACHIEVED">
			<rules>
				<rule type="and">
					<rule type="equals" var="victoryType">VICTORY_CLASS_ECONOMIC</rule>
					<rule type="equals" var="age">AGE_ANTIQUITY</rule>
				</rule>
			</rules>
		</statistic>
		<statistic id="CHALLENGE_STATISTIC_LEADER_XERXES_ALT_ECONOMIC_VICTORY_EXPLORATION" event="CHALLENGE_EVENT_LEADER_XERXES_ALT_VICTORY_ACHIEVED">
			<rules>
				<rule type="and">
					<rule type="equals" var="victoryType">VICTORY_CLASS_ECONOMIC</rule>
					<rule type="equals" var="age">AGE_EXPLORATION</rule>
				</rule>
			</rules>
		</statistic>
		<statistic id="CHALLENGE_STATISTIC_LEADER_XERXES_ALT_ECONOMIC_VICTORY_MODERN" event="CHALLENGE_EVENT_LEADER_XERXES_ALT_VICTORY_ACHIEVED">
			<rules>
				<rule type="and">
					<rule type="equals" var="victoryType">VICTORY_CLASS_ECONOMIC</rule>
					<rule type="equals" var="age">AGE_MODERN</rule>
				</rule>
			</rules>
		</statistic>
		<statistic id="CHALLENGE_STATISTIC_LEADER_XERXES_ALT_SCIENCE_VICTORY_ANTIQUITY" event="CHALLENGE_EVENT_LEADER_XERXES_ALT_VICTORY_ACHIEVED">
			<rules>
				<rule type="and">
					<rule type="equals" var="victoryType">VICTORY_CLASS_SCIENCE</rule>
					<rule type="equals" var="age">AGE_ANTIQUITY</rule>
				</rule>
			</rules>
		</statistic>
		<statistic id="CHALLENGE_STATISTIC_LEADER_XERXES_ALT_SCIENCE_VICTORY_EXPLORATION" event="CHALLENGE_EVENT_LEADER_XERXES_ALT_VICTORY_ACHIEVED">
			<rules>
				<rule type="and">
					<rule type="equals" var="victoryType">VICTORY_CLASS_SCIENCE</rule>
					<rule type="equals" var="age">AGE_EXPLORATION</rule>
				</rule>
			</rules>
		</statistic>
		<statistic id="CHALLENGE_STATISTIC_LEADER_XERXES_ALT_SCIENCE_VICTORY_MODERN" event="CHALLENGE_EVENT_LEADER_XERXES_ALT_VICTORY_ACHIEVED">
			<rules>
				<rule type="and">
					<rule type="equals" var="victoryType">VICTORY_CLASS_SCIENCE</rule>
					<rule type="equals" var="age">AGE_MODERN</rule>
				</rule>
			</rules>
		</statistic>
		<statistic id="CHALLENGE_STATISTIC_LEADER_XERXES_ALT_CULTURE_VICTORY_ANTIQUITY" event="CHALLENGE_EVENT_LEADER_XERXES_ALT_VICTORY_ACHIEVED">
			<rules>
				<rule type="and">
					<rule type="equals" var="victoryType">VICTORY_CLASS_CULTURE</rule>
					<rule type="equals" var="age">AGE_ANTIQUITY</rule>
				</rule>
			</rules>
		</statistic>
		<statistic id="CHALLENGE_STATISTIC_LEADER_XERXES_ALT_CULTURE_VICTORY_EXPLORATION" event="CHALLENGE_EVENT_LEADER_XERXES_ALT_VICTORY_ACHIEVED">
			<rules>
				<rule type="and">
					<rule type="equals" var="victoryType">VICTORY_CLASS_CULTURE</rule>
					<rule type="equals" var="age">AGE_EXPLORATION</rule>
				</rule>
			</rules>
		</statistic>
		<statistic id="CHALLENGE_STATISTIC_LEADER_XERXES_ALT_CULTURE_VICTORY_MODERN" event="CHALLENGE_EVENT_LEADER_XERXES_ALT_VICTORY_ACHIEVED">
			<rules>
				<rule type="and">
					<rule type="equals" var="victoryType">VICTORY_CLASS_CULTURE</rule>
					<rule type="equals" var="age">AGE_MODERN</rule>
				</rule>
			</rules>
		</statistic>
		<statistic id="CHALLENGE_STATISTIC_LEADER_XERXES_ALT_ANTIQUITY_AGES_COMPLETED" event="CHALLENGE_EVENT_LEADER_XERXES_ALT_AGE_ENDED">
			<rules>
				<rule type="equals" var="age">AGE_ANTIQUITY</rule>
			</rules>
		</statistic>
		<statistic id="CHALLENGE_STATISTIC_LEADER_XERXES_ALT_EXPLORATION_AGES_COMPLETED" event="CHALLENGE_EVENT_LEADER_XERXES_ALT_AGE_ENDED">
			<rules>
				<rule type="equals" var="age">AGE_EXPLORATION</rule>
			</rules>
		</statistic>
		<statistic id="CHALLENGE_STATISTIC_LEADER_XERXES_ALT_MODERN_AGES_COMPLETED" event="CHALLENGE_EVENT_LEADER_XERXES_ALT_AGE_ENDED">
			<rules>
				<rule type="equals" var="age">AGE_MODERN</rule>
			</rules>
		</statistic>
	</statistics>
	<challengeCategoryData>
		<challengeCategory id="CHALLENGE_CATEGORY_LEADER_XERXES_ALT" locName="LOC_LEADER_XERXES_ALT_NAME" sortIndex="45000"/>
	</challengeCategoryData>
	<challenges class="CHALLENGE_CLASS_LEADER" category="CHALLENGE_CATEGORY_LEADER_XERXES_ALT" legendPath="LEGEND_PATH_XERXES_ALT">
		<challenge id="CHALLENGE_XERXES_ALT_MILITARY_VICTORY_ANTIQUITY" scope="Career" difficulty="3">
			<l10n>
				<name>Pax Imperatoria</name>
				<description>As Xerxes, the Achaemenid, complete the Pax Imperatoria Legacy Path.</description>
			</l10n>
			<sortIndex>102500</sortIndex>
			<careerConfig statistic="CHALLENGE_STATISTIC_LEADER_XERXES_ALT_MILITARY_VICTORY_ANTIQUITY" threshold="1" />
			<reward type="XP" reward="50" />
		</challenge>
		<challenge id="CHALLENGE_XERXES_ALT_MILITARY_VICTORY_ANTIQUITY_2" scope="Career" difficulty="3">
			<l10n>
				<name>Pax Imperatoria 2</name>
				<description>As Xerxes, the Achaemenid, complete the Pax Imperatoria Legacy Path twice.</description>
			</l10n>
			<sortIndex>102510</sortIndex>
			<careerConfig statistic="CHALLENGE_STATISTIC_LEADER_XERXES_ALT_MILITARY_VICTORY_ANTIQUITY" threshold="2" />
			<reward type="XP" reward="25" />
		</challenge>
		<challenge id="CHALLENGE_XERXES_ALT_MILITARY_VICTORY_ANTIQUITY_3" scope="Career" difficulty="3">
			<l10n>
				<name>Pax Imperatoria 3</name>
				<description>As Xerxes, the Achaemenid, complete the Pax Imperatoria Legacy Path thrice.</description>
			</l10n>
			<sortIndex>102520</sortIndex>
			<careerConfig statistic="CHALLENGE_STATISTIC_LEADER_XERXES_ALT_MILITARY_VICTORY_ANTIQUITY" threshold="3" />
			<reward type="XP" reward="25" />
		</challenge>
		<challenge id="CHALLENGE_XERXES_ALT_ECONOMIC_VICTORY_ANTIQUITY" scope="Career" difficulty="3">
			<l10n>
				<name>Silk Roads</name>
				<description>As Xerxes, the Achaemenid, complete the Silk Roads Legacy Path.</description>
			</l10n>
			<sortIndex>102700</sortIndex>
			<careerConfig statistic="CHALLENGE_STATISTIC_LEADER_XERXES_ALT_ECONOMIC_VICTORY_ANTIQUITY" threshold="1" />
			<reward type="XP" reward="50" />
		</challenge>
		<challenge id="CHALLENGE_XERXES_ALT_ECONOMIC_VICTORY_ANTIQUITY_2" scope="Career" difficulty="3">
			<l10n>
				<name>Silk Roads 2</name>
				<description>As Xerxes, the Achaemenid, complete the Silk Roads Legacy Path twice.</description>
			</l10n>
			<sortIndex>102710</sortIndex>
			<careerConfig statistic="CHALLENGE_STATISTIC_LEADER_XERXES_ALT_ECONOMIC_VICTORY_ANTIQUITY" threshold="2" />
			<reward type="XP" reward="25" />
		</challenge>
		<challenge id="CHALLENGE_XERXES_ALT_ECONOMIC_VICTORY_ANTIQUITY_3" scope="Career" difficulty="3">
			<l10n>
				<name>Silk Roads 3</name>
				<description>As Xerxes, the Achaemenid, complete the Silk Roads Legacy Path thrice.</description>
			</l10n>
			<sortIndex>102720</sortIndex>
			<careerConfig statistic="CHALLENGE_STATISTIC_LEADER_XERXES_ALT_ECONOMIC_VICTORY_ANTIQUITY" threshold="3" />
			<reward type="XP" reward="25" />
		</challenge>
		<challenge id="CHALLENGE_XERXES_ALT_MILITARY_VICTORY_EXPLORATION" scope="Career" difficulty="3">
			<l10n>
				<name>Non Sufficit Orbis</name>
				<description>As Xerxes, the Achaemenid, complete the Non Sufficit Orbis Legacy Path.</description>
			</l10n>
			<sortIndex>103100</sortIndex>
			<careerConfig statistic="CHALLENGE_STATISTIC_LEADER_XERXES_ALT_MILITARY_VICTORY_EXPLORATION" threshold="1" />
			<reward type="XP" reward="50" />
		</challenge>
		<challenge id="CHALLENGE_XERXES_ALT_MILITARY_VICTORY_EXPLORATION_2" scope="Career" difficulty="3">
			<l10n>
				<name>Non Sufficit Orbis 2</name>
				<description>As Xerxes, the Achaemenid, complete the Non Sufficit Orbis Legacy Path twice.</description>
			</l10n>
			<sortIndex>103110</sortIndex>
			<careerConfig statistic="CHALLENGE_STATISTIC_LEADER_XERXES_ALT_MILITARY_VICTORY_EXPLORATION" threshold="2" />
			<reward type="XP" reward="25" />
		</challenge>
		<challenge id="CHALLENGE_XERXES_ALT_MILITARY_VICTORY_EXPLORATION_3" scope="Career" difficulty="3">
			<l10n>
				<name>Non Sufficit Orbis 3</name>
				<description>As Xerxes, the Achaemenid, complete the Non Sufficit Orbis Legacy Path thrice.</description>
			</l10n>
			<sortIndex>103120</sortIndex>
			<careerConfig statistic="CHALLENGE_STATISTIC_LEADER_XERXES_ALT_MILITARY_VICTORY_EXPLORATION" threshold="3" />
			<reward type="XP" reward="25" />
		</challenge>
		<challenge id="CHALLENGE_XERXES_ALT_ECONOMIC_VICTORY_EXPLORATION" scope="Career" difficulty="3">
			<l10n>
				<name>Treasure Fleet</name>
				<description>As Xerxes, the Achaemenid, complete the Treasure Fleet Legacy Path.</description>
			</l10n>
			<sortIndex>102900</sortIndex>
			<careerConfig statistic="CHALLENGE_STATISTIC_LEADER_XERXES_ALT_ECONOMIC_VICTORY_EXPLORATION" threshold="1" />
			<reward type="XP" reward="50" />
		</challenge>
		<challenge id="CHALLENGE_XERXES_ALT_ECONOMIC_VICTORY_EXPLORATION_2" scope="Career" difficulty="3">
			<l10n>
				<name>Treasure Fleet 2</name>
				<description>As Xerxes, the Achaemenid, complete the Treasure Fleet Legacy Path twice.</description>
			</l10n>
			<sortIndex>102910</sortIndex>
			<careerConfig statistic="CHALLENGE_STATISTIC_LEADER_XERXES_ALT_ECONOMIC_VICTORY_EXPLORATION" threshold="2" />
			<reward type="XP" reward="25" />
		</challenge>
		<challenge id="CHALLENGE_XERXES_ALT_ECONOMIC_VICTORY_EXPLORATION_3" scope="Career" difficulty="3">
			<l10n>
				<name>Treasure Fleet 3</name>
				<description>As Xerxes, the Achaemenid, complete the Treasure Fleet Legacy Path thrice.</description>
			</l10n>
			<sortIndex>102920</sortIndex>
			<careerConfig statistic="CHALLENGE_STATISTIC_LEADER_XERXES_ALT_ECONOMIC_VICTORY_EXPLORATION" threshold="3" />
			<reward type="XP" reward="25" />
		</challenge>
		<challenge id="CHALLENGE_XERXES_ALT_MILITARY_VICTORY_MODERN" scope="Career" difficulty="3">
			<l10n>
				<name>Ideology</name>
				<description>As Xerxes, the Achaemenid, complete the Ideology Legacy Path.</description>
			</l10n>
			<sortIndex>103700</sortIndex>
			<careerConfig statistic="CHALLENGE_STATISTIC_LEADER_XERXES_ALT_MILITARY_VICTORY_MODERN" threshold="1" />
			<reward type="XP" reward="50" />
		</challenge>
		<challenge id="CHALLENGE_XERXES_ALT_MILITARY_VICTORY_MODERN_2" scope="Career" difficulty="3">
			<l10n>
				<name>Ideology 2</name>
				<description>As Xerxes, the Achaemenid, complete the Ideology Legacy Path twice.</description>
			</l10n>
			<sortIndex>103710</sortIndex>
			<careerConfig statistic="CHALLENGE_STATISTIC_LEADER_XERXES_ALT_MILITARY_VICTORY_MODERN" threshold="2" />
			<reward type="XP" reward="25" />
		</challenge>
		<challenge id="CHALLENGE_XERXES_ALT_MILITARY_VICTORY_MODERN_3" scope="Career" difficulty="3">
			<l10n>
				<name>Ideology 3</name>
				<description>As Xerxes, the Achaemenid, complete the Ideology Legacy Path thrice.</description>
			</l10n>
			<sortIndex>103720</sortIndex>
			<careerConfig statistic="CHALLENGE_STATISTIC_LEADER_XERXES_ALT_MILITARY_VICTORY_MODERN" threshold="3" />
			<reward type="XP" reward="25" />
		</challenge>
		<challenge id="CHALLENGE_XERXES_ALT_ECONOMIC_VICTORY_MODERN" scope="Career" difficulty="3">
			<l10n>
				<name>Railroad Tycoon</name>
				<description>As Xerxes, the Achaemenid, complete the Railroad Tycoon Legacy Path.</description>
			</l10n>
			<sortIndex>103600</sortIndex>
			<careerConfig statistic="CHALLENGE_STATISTIC_LEADER_XERXES_ALT_ECONOMIC_VICTORY_MODERN" threshold="1" />
			<reward type="XP" reward="50" />
		</challenge>
		<challenge id="CHALLENGE_XERXES_ALT_ECONOMIC_VICTORY_MODERN_2" scope="Career" difficulty="3">
			<l10n>
				<name>Railroad Tycoon 2</name>
				<description>As Xerxes, the Achaemenid, complete the Railroad Tycoon Legacy Path twice.</description>
			</l10n>
			<sortIndex>103610</sortIndex>
			<careerConfig statistic="CHALLENGE_STATISTIC_LEADER_XERXES_ALT_ECONOMIC_VICTORY_MODERN" threshold="2" />
			<reward type="XP" reward="25" />
		</challenge>
		<challenge id="CHALLENGE_XERXES_ALT_ECONOMIC_VICTORY_MODERN_3" scope="Career" difficulty="3">
			<l10n>
				<name>Railroad Tycoon 3</name>
				<description>As Xerxes, the Achaemenid, complete the Railroad Tycoon Legacy Path thrice.</description>
			</l10n>
			<sortIndex>103620</sortIndex>
			<careerConfig statistic="CHALLENGE_STATISTIC_LEADER_XERXES_ALT_ECONOMIC_VICTORY_MODERN" threshold="3" />
			<reward type="XP" reward="25" />
		</challenge>
		<challenge id="CHALLENGE_XERXES_ALT_AGE_COMPLETED_ANTIQUITY" scope="Career" difficulty="2">
			<l10n>
				<name>Antiquity Complete</name>
				<description>As Xerxes, the Achaemenid, finish the Antiquity Age.</description>
			</l10n>
			<sortIndex>102300</sortIndex>
			<careerConfig statistic="CHALLENGE_STATISTIC_LEADER_XERXES_ALT_ANTIQUITY_AGES_COMPLETED" threshold="1" />
			<reward type="XP" reward="25" />
		</challenge>
		<challenge id="CHALLENGE_XERXES_ALT_AGE_COMPLETED_ANTIQUITY_2" scope="Career" difficulty="2">
			<l10n>
				<name>Antiquity Complete 2</name>
				<description>As Xerxes, the Achaemenid, finish the Antiquity Age twice.</description>
			</l10n>
			<sortIndex>102310</sortIndex>
			<careerConfig statistic="CHALLENGE_STATISTIC_LEADER_XERXES_ALT_ANTIQUITY_AGES_COMPLETED" threshold="2" />
			<reward type="XP" reward="25" />
		</challenge>
		<challenge id="CHALLENGE_XERXES_ALT_AGE_COMPLETED_ANTIQUITY_3" scope="Career" difficulty="2">
			<l10n>
				<name>Antiquity Complete 3</name>
				<description>As Xerxes, the Achaemenid, finish the Antiquity Age thrice.</description>
			</l10n>
			<sortIndex>102320</sortIndex>
			<careerConfig statistic="CHALLENGE_STATISTIC_LEADER_XERXES_ALT_ANTIQUITY_AGES_COMPLETED" threshold="3" />
			<reward type="XP" reward="25" />
		</challenge>
		<challenge id="CHALLENGE_XERXES_ALT_AGE_COMPLETED_EXPLORATION" scope="Career" difficulty="3">
			<l10n>
				<name>Exploration Complete</name>
				<description>As Xerxes, the Achaemenid, finish the Exploration Age.</description>
			</l10n>
			<sortIndex>102900</sortIndex>
			<careerConfig statistic="CHALLENGE_STATISTIC_LEADER_XERXES_ALT_EXPLORATION_AGES_COMPLETED" threshold="1" />
			<reward type="XP" reward="25" />
		</challenge>
		<challenge id="CHALLENGE_XERXES_ALT_AGE_COMPLETED_EXPLORATION_2" scope="Career" difficulty="3">
			<l10n>
				<name>Exploration Complete 2</name>
				<description>As Xerxes, the Achaemenid, finish the Exploration Age twice.</description>
			</l10n>
			<sortIndex>102910</sortIndex>
			<careerConfig statistic="CHALLENGE_STATISTIC_LEADER_XERXES_ALT_EXPLORATION_AGES_COMPLETED" threshold="2" />
			<reward type="XP" reward="25" />
		</challenge>
		<challenge id="CHALLENGE_XERXES_ALT_AGE_COMPLETED_EXPLORATION_3" scope="Career" difficulty="3">
			<l10n>
				<name>Exploration Complete 3</name>
				<description>As Xerxes, the Achaemenid, finish the Exploration Age thrice.</description>
			</l10n>
			<sortIndex>102920</sortIndex>
			<careerConfig statistic="CHALLENGE_STATISTIC_LEADER_XERXES_ALT_EXPLORATION_AGES_COMPLETED" threshold="3" />
			<reward type="XP" reward="25" />
		</challenge>
		<challenge id="CHALLENGE_XERXES_ALT_AGE_COMPLETED_MODERN" scope="Career" difficulty="2">
			<l10n>
				<name>Modern Complete</name>
				<description>As Xerxes, the Achaemenid, finish the Modern Age.</description>
			</l10n>
			<sortIndex>103500</sortIndex>
			<careerConfig statistic="CHALLENGE_STATISTIC_LEADER_XERXES_ALT_MODERN_AGES_COMPLETED" threshold="1" />
			<reward type="XP" reward="25" />
		</challenge>
		<challenge id="CHALLENGE_XERXES_ALT_AGE_COMPLETED_MODERN_2" scope="Career" difficulty="2">
			<l10n>
				<name>Modern Complete 2</name>
				<description>As Xerxes, the Achaemenid, finish the Modern Age twice.</description>
			</l10n>
			<sortIndex>103510</sortIndex>
			<careerConfig statistic="CHALLENGE_STATISTIC_LEADER_XERXES_ALT_MODERN_AGES_COMPLETED" threshold="2" />
			<reward type="XP" reward="25" />
		</challenge>
		<challenge id="CHALLENGE_XERXES_ALT_AGE_COMPLETED_MODERN_3" scope="Career" difficulty="2">
			<l10n>
				<name>Modern Complete 3</name>
				<description>As Xerxes, the Achaemenid, finish the Modern Age thrice.</description>
			</l10n>
			<sortIndex>103520</sortIndex>
			<careerConfig statistic="CHALLENGE_STATISTIC_LEADER_XERXES_ALT_MODERN_AGES_COMPLETED" threshold="3" />
			<reward type="XP" reward="25" />
		</challenge>
		<challenge id="CHALLENGE_XERXES_ALT_PLAY_GAMES_1" scope="Career" difficulty="1">
			<l10n>
				<name>Play Game 1</name>
				<description>As Xerxes, the Achaemenid, reach at least 1 Legacy Path Milestone.</description>
			</l10n>
			<sortIndex>104100</sortIndex>
			<careerConfig statistic="CHALLENGE_STATISTIC_LEADER_XERXES_ALT_LEGACY_PATH_MILESTONE_COMPLETED" threshold="1" />
			<reward type="XP" reward="25" />
		</challenge>
		<challenge id="CHALLENGE_XERXES_ALT_PLAY_GAMES_2" scope="Career" difficulty="1">
			<l10n>
				<name>Play Game 2</name>
				<description>As Xerxes, the Achaemenid, reach at least 2 Legacy Path Milestones.</description>
			</l10n>
			<sortIndex>104200</sortIndex>
			<careerConfig statistic="CHALLENGE_STATISTIC_LEADER_XERXES_ALT_LEGACY_PATH_MILESTONE_COMPLETED" threshold="2" />
			<reward type="XP" reward="25" />
		</challenge>
		<challenge id="CHALLENGE_XERXES_ALT_PLAY_GAMES_3" scope="Career" difficulty="1">
			<l10n>
				<name>Play Game 3</name>
				<description>As Xerxes, the Achaemenid, reach at least 3 Legacy Path Milestones.</description>
			</l10n>
			<sortIndex>104300</sortIndex>
			<careerConfig statistic="CHALLENGE_STATISTIC_LEADER_XERXES_ALT_LEGACY_PATH_MILESTONE_COMPLETED" threshold="3" />
			<reward type="XP" reward="25" />
		</challenge>
		<challenge id="CHALLENGE_XERXES_ALT_SCIENCE_VICTORY_ANTIQUITY" scope="Career" difficulty="3">
			<l10n>
				<name>Great Library</name>
				<description>As Xerxes, the Achaemenid, complete the Great Library Legacy Path.</description>
			</l10n>
			<sortIndex>102600</sortIndex>
			<careerConfig statistic="CHALLENGE_STATISTIC_LEADER_XERXES_ALT_SCIENCE_VICTORY_ANTIQUITY" threshold="1" />
			<reward type="XP" reward="50" />
		</challenge>
		<challenge id="CHALLENGE_XERXES_ALT_SCIENCE_VICTORY_ANTIQUITY_2" scope="Career" difficulty="3">
			<l10n>
				<name>Great Library 2</name>
				<description>As Xerxes, the Achaemenid, complete the Great Library Legacy Path twice.</description>
			</l10n>
			<sortIndex>102610</sortIndex>
			<careerConfig statistic="CHALLENGE_STATISTIC_LEADER_XERXES_ALT_SCIENCE_VICTORY_ANTIQUITY" threshold="2" />
			<reward type="XP" reward="25" />
		</challenge>
		<challenge id="CHALLENGE_XERXES_ALT_SCIENCE_VICTORY_ANTIQUITY_3" scope="Career" difficulty="3">
			<l10n>
				<name>Great Library 3</name>
				<description>As Xerxes, the Achaemenid, complete the Great Library Legacy Path thrice.</description>
			</l10n>
			<sortIndex>102620</sortIndex>
			<careerConfig statistic="CHALLENGE_STATISTIC_LEADER_XERXES_ALT_SCIENCE_VICTORY_ANTIQUITY" threshold="3" />
			<reward type="XP" reward="25" />
		</challenge>
		<challenge id="CHALLENGE_XERXES_ALT_SCIENCE_VICTORY_EXPLORATION" scope="Career" difficulty="3">
			<l10n>
				<name>Enlightenment</name>
				<description>As Xerxes, the Achaemenid, complete the Enlightenment Legacy Path.</description>
			</l10n>
			<sortIndex>103200</sortIndex>
			<careerConfig statistic="CHALLENGE_STATISTIC_LEADER_XERXES_ALT_SCIENCE_VICTORY_EXPLORATION" threshold="1" />
			<reward type="XP" reward="50" />
		</challenge>
		<challenge id="CHALLENGE_XERXES_ALT_SCIENCE_VICTORY_EXPLORATION_2" scope="Career" difficulty="3">
			<l10n>
				<name>Enlightenment 2</name>
				<description>As Xerxes, the Achaemenid, complete the Enlightenment Legacy Path twice.</description>
			</l10n>
			<sortIndex>103210</sortIndex>
			<careerConfig statistic="CHALLENGE_STATISTIC_LEADER_XERXES_ALT_SCIENCE_VICTORY_EXPLORATION" threshold="2" />
			<reward type="XP" reward="25" />
		</challenge>
		<challenge id="CHALLENGE_XERXES_ALT_SCIENCE_VICTORY_EXPLORATION_3" scope="Career" difficulty="3">
			<l10n>
				<name>Enlightenment 3</name>
				<description>As Xerxes, the Achaemenid, complete the Enlightenment Legacy Path thrice.</description>
			</l10n>
			<sortIndex>103220</sortIndex>
			<careerConfig statistic="CHALLENGE_STATISTIC_LEADER_XERXES_ALT_SCIENCE_VICTORY_EXPLORATION" threshold="3" />
			<reward type="XP" reward="25" />
		</challenge>
		<challenge id="CHALLENGE_XERXES_ALT_SCIENCE_VICTORY_MODERN" scope="Career" difficulty="3">
			<l10n>
				<name>Space Race</name>
				<description>As Xerxes, the Achaemenid, complete the Space Race Legacy Path.</description>
			</l10n>
			<sortIndex>103800</sortIndex>
			<careerConfig statistic="CHALLENGE_STATISTIC_LEADER_XERXES_ALT_SCIENCE_VICTORY_MODERN" threshold="1" />
			<reward type="XP" reward="50" />
		</challenge>
		<challenge id="CHALLENGE_XERXES_ALT_SCIENCE_VICTORY_MODERN_2" scope="Career" difficulty="3">
			<l10n>
				<name>Space Race 2</name>
				<description>As Xerxes, the Achaemenid, complete the Space Race Legacy Path twice.</description>
			</l10n>
			<sortIndex>103810</sortIndex>
			<careerConfig statistic="CHALLENGE_STATISTIC_LEADER_XERXES_ALT_SCIENCE_VICTORY_MODERN" threshold="2" />
			<reward type="XP" reward="25" />
		</challenge>
		<challenge id="CHALLENGE_XERXES_ALT_SCIENCE_VICTORY_MODERN_3" scope="Career" difficulty="3">
			<l10n>
				<name>Space Race 3</name>
				<description>As Xerxes, the Achaemenid, complete the Space Race Legacy Path thrice.</description>
			</l10n>
			<sortIndex>103820</sortIndex>
			<careerConfig statistic="CHALLENGE_STATISTIC_LEADER_XERXES_ALT_SCIENCE_VICTORY_MODERN" threshold="3" />
			<reward type="XP" reward="25" />
		</challenge>
		<challenge id="CHALLENGE_XERXES_ALT_CULTURE_VICTORY_ANTIQUITY" scope="Career" difficulty="3">
			<l10n>
				<name>Wonders of the Ancient World</name>
				<description>As Xerxes, the Achaemenid, complete the Wonders of the Ancient World Legacy Path.</description>
			</l10n>
			<sortIndex>102400</sortIndex>
			<careerConfig statistic="CHALLENGE_STATISTIC_LEADER_XERXES_ALT_CULTURE_VICTORY_ANTIQUITY" threshold="1" />
			<reward type="XP" reward="50" />
		</challenge>
		<challenge id="CHALLENGE_XERXES_ALT_CULTURE_VICTORY_ANTIQUITY_2" scope="Career" difficulty="3">
			<l10n>
				<name>Wonders of the Ancient World 2</name>
				<description>As Xerxes, the Achaemenid, complete the Wonders of the Ancient World Legacy Path twice.</description>
			</l10n>
			<sortIndex>102410</sortIndex>
			<careerConfig statistic="CHALLENGE_STATISTIC_LEADER_XERXES_ALT_CULTURE_VICTORY_ANTIQUITY" threshold="2" />
			<reward type="XP" reward="25" />
		</challenge>
		<challenge id="CHALLENGE_XERXES_ALT_CULTURE_VICTORY_ANTIQUITY_3" scope="Career" difficulty="3">
			<l10n>
				<name>Wonders of the Ancient World 3</name>
				<description>As Xerxes, the Achaemenid, complete the Wonders of the Ancient World Legacy Path thrice.</description>
			</l10n>
			<sortIndex>102420</sortIndex>
			<careerConfig statistic="CHALLENGE_STATISTIC_LEADER_XERXES_ALT_CULTURE_VICTORY_ANTIQUITY" threshold="3" />
			<reward type="XP" reward="25" />
		</challenge>
		<challenge id="CHALLENGE_XERXES_ALT_CULTURE_VICTORY_EXPLORATION" scope="Career" difficulty="3">
			<l10n>
				<name>Toshakhana</name>
				<description>As Xerxes, the Achaemenid, complete the Toshakhana Legacy Path.</description>
			</l10n>
			<sortIndex>103000</sortIndex>
			<careerConfig statistic="CHALLENGE_STATISTIC_LEADER_XERXES_ALT_CULTURE_VICTORY_EXPLORATION" threshold="1" />
			<reward type="XP" reward="50" />
		</challenge>
		<challenge id="CHALLENGE_XERXES_ALT_CULTURE_VICTORY_EXPLORATION_2" scope="Career" difficulty="3">
			<l10n>
				<name>Toshakhana 2</name>
				<description>As Xerxes, the Achaemenid, complete the Toshakhana Legacy Path twice.</description>
			</l10n>
			<sortIndex>103010</sortIndex>
			<careerConfig statistic="CHALLENGE_STATISTIC_LEADER_XERXES_ALT_CULTURE_VICTORY_EXPLORATION" threshold="2" />
			<reward type="XP" reward="25" />
		</challenge>
		<challenge id="CHALLENGE_XERXES_ALT_CULTURE_VICTORY_EXPLORATION_3" scope="Career" difficulty="3">
			<l10n>
				<name>Toshakhana 3</name>
				<description>As Xerxes, the Achaemenid, complete the Toshakhana Legacy Path thrice.</description>
			</l10n>
			<sortIndex>103020</sortIndex>
			<careerConfig statistic="CHALLENGE_STATISTIC_LEADER_XERXES_ALT_CULTURE_VICTORY_EXPLORATION" threshold="3" />
			<reward type="XP" reward="25" />
		</challenge>
		<challenge id="CHALLENGE_XERXES_ALT_CULTURE_VICTORY_MODERN" scope="Career" difficulty="3">
			<l10n>
				<name>Geographic Society</name>
				<description>As Xerxes, the Achaemenid, complete the Geographic Society Legacy Path.</description>
			</l10n>
			<sortIndex>103900</sortIndex>
			<careerConfig statistic="CHALLENGE_STATISTIC_LEADER_XERXES_ALT_CULTURE_VICTORY_MODERN" threshold="1" />
			<reward type="XP" reward="50" />
		</challenge>
		<challenge id="CHALLENGE_XERXES_ALT_CULTURE_VICTORY_MODERN_2" scope="Career" difficulty="3">
			<l10n>
				<name>Geographic Society 2</name>
				<description>As Xerxes, the Achaemenid, complete the Geographic Society Legacy Path twice.</description>
			</l10n>
			<sortIndex>103910</sortIndex>
			<careerConfig statistic="CHALLENGE_STATISTIC_LEADER_XERXES_ALT_CULTURE_VICTORY_MODERN" threshold="2" />
			<reward type="XP" reward="25" />
		</challenge>
		<challenge id="CHALLENGE_XERXES_ALT_CULTURE_VICTORY_MODERN_3" scope="Career" difficulty="3">
			<l10n>
				<name>Geographic Society 3</name>
				<description>As Xerxes, the Achaemenid, complete the Geographic Society Legacy Path thrice.</description>
			</l10n>
			<sortIndex>103920</sortIndex>
			<careerConfig statistic="CHALLENGE_STATISTIC_LEADER_XERXES_ALT_CULTURE_VICTORY_MODERN" threshold="3" />
			<reward type="XP" reward="25" />
		</challenge>
		<challenge id="CHALLENGE_XERXES_ALT_FLAWLESS_VICTORY_ANTIQUITY" scope="Campaign" difficulty="4">
			<l10n>
				<name>Dual Legacies, Antiquity</name>
				<description>As Xerxes, the Achaemenid, complete 2 Legacy Paths in a single Antiquity Age.</description>
			</l10n>
			<sortIndex>102800</sortIndex>
			<campaignConfig event="CHALLENGE_EVENT_LEADER_XERXES_ALT_FLAWLESS_VICTORY_ACHIEVED" />
			<rules>
				<rule type="and">
					<rule type="equals" var="legacyPathCount">2</rule>
					<rule type="equals" var="age">AGE_ANTIQUITY</rule>
				</rule>
			</rules>
			<reward type="XP" reward="50" />
		</challenge>
		<challenge id="CHALLENGE_XERXES_ALT_FLAWLESS_VICTORY_EXPLORATION" scope="Campaign" difficulty="4">
			<l10n>
				<name>Dual Legacies, Exploration</name>
				<description>As Xerxes, the Achaemenid, complete 2 Legacy Paths in a single Exploration Age.</description>
			</l10n>
			<sortIndex>103400</sortIndex>
			<campaignConfig event="CHALLENGE_EVENT_LEADER_XERXES_ALT_FLAWLESS_VICTORY_ACHIEVED" />
			<rules>
				<rule type="and">
					<rule type="equals" var="legacyPathCount">2</rule>
					<rule type="equals" var="age">AGE_EXPLORATION</rule>
				</rule>
			</rules>
			<reward type="XP" reward="50" />
		</challenge>
		<challenge id="CHALLENGE_XERXES_ALT_FLAWLESS_VICTORY_MODERN" scope="Campaign" difficulty="4">
			<l10n>
				<name>Dual Legacies, Modern</name>
				<description>As Xerxes, the Achaemenid, complete 2 Legacy Paths in a single Modern Age.</description>
			</l10n>
			<sortIndex>104000</sortIndex>
			<campaignConfig event="CHALLENGE_EVENT_LEADER_XERXES_ALT_FLAWLESS_VICTORY_ACHIEVED" />
			<rules>
				<rule type="and">
					<rule type="equals" var="legacyPathCount">2</rule>
					<rule type="equals" var="age">AGE_MODERN</rule>
				</rule>
			</rules>
			<reward type="XP" reward="50" />
		</challenge>
		<challenge id="CHALLENGE_XERXES_ALT_QUEST_A_ANTIQUITY" scope="Campaign" difficulty="2">
			<l10n>
				<name>Axis Mundi</name>
				<description>As Xerxes, the Achaemenid, in Antiquity, complete a quest to spread authority through trade.</description>
			</l10n>
			<sortIndex>104305</sortIndex>
			<reward type="XP" reward="50" />
		</challenge>
		<challenge id="CHALLENGE_XERXES_ALT_QUEST_B_ANTIQUITY" scope="Campaign" difficulty="2">
			<l10n>
				<name>Ahura Mazda</name>
				<description>As Xerxes, the Achaemenid, in Antiquity, complete a quest to ignite the fires of war.</description>
			</l10n>
			<sortIndex>104310</sortIndex>
			<reward type="XP" reward="50" />
		</challenge>
		<challenge id="CHALLENGE_XERXES_ALT_QUEST_A_EXPLORATION" scope="Campaign" difficulty="2">
			<l10n>
				<name>Rules of the Court</name>
				<description>As Xerxes, the Achaemenid, in Exploration, complete a quest to inspire a new career in far-off lands.</description>
			</l10n>
			<sortIndex>104315</sortIndex>
			<reward type="XP" reward="50" />
		</challenge>
		<challenge id="CHALLENGE_XERXES_ALT_QUEST_B_EXPLORATION" scope="Campaign" difficulty="2">
			<l10n>
				<name>Flames of War</name>
				<description>As Xerxes, the Achaemenid, in Exploration, complete a quest to spread the flame of Ahura Mazda.</description>
			</l10n>
			<sortIndex>104320</sortIndex>
			<reward type="XP" reward="50" />
		</challenge>
		<challenge id="CHALLENGE_XERXES_ALT_QUEST_A_MODERN" scope="Campaign" difficulty="2">
			<l10n>
				<name>The Order of the Universe</name>
				<description>As Xerxes, the Achaemenid, in Modern, complete a quest to command history.</description>
			</l10n>
			<sortIndex>104325</sortIndex>
			<reward type="XP" reward="50" />
		</challenge>
		<challenge id="CHALLENGE_XERXES_ALT_QUEST_B_MODERN" scope="Campaign" difficulty="2">
			<l10n>
				<name>A New Order</name>
				<description>As Xerxes, the Achaemenid, in Modern, complete a quest to topple empires.</description>
			</l10n>
			<sortIndex>104330</sortIndex>
			<reward type="XP" reward="50" />
		</challenge>
		<challenge id="CHALLENGE_XERXES_ALT_UNLOCKED_STRATEGYCARDS_EXPLORATION" scope="Campaign" difficulty="1" hidden="true" allowRewardWhenHidden="true">
			<l10n>
				<name>Age Transition Card Exploration</name>
				<description>As Xerxes, the Achaemenid, unlock age transition legend strategycards for exploration age.</description>
			</l10n>
			<sortIndex>104001</sortIndex>
			<reward type="UnlockableReward" reward="STRATEGYCARD_AS_XERXES_ACHAEMENID_EXPLORATION_1" />
			<reward type="UnlockableReward" reward="STRATEGYCARD_AS_XERXES_ACHAEMENID_EXPLORATION_2" />
		</challenge>
		<challenge id="CHALLENGE_XERXES_ALT_UNLOCKED_STRATEGYCARDS_MODERN" scope="Campaign" difficulty="1" hidden="true" allowRewardWhenHidden="true">
			<l10n>
				<name>Age Transition Card Modern</name>
				<description>As Xerxes, the Achaemenid, unlock age transition legend strategycards for modern age.</description>
			</l10n>
			<sortIndex>104002</sortIndex>
			<reward type="UnlockableReward" reward="STRATEGYCARD_AS_XERXES_ACHAEMENID_MODERN_1" />
			<reward type="UnlockableReward" reward="STRATEGYCARD_AS_XERXES_ACHAEMENID_MODERN_2" />
		</challenge>
	</challenges>
</metaprogression>