<?xml version="1.0" encoding="utf-8"?>
<Database>
	<EnglishText>
		<Row Tag="LOC_CARD_AT_MOD_LEGEND_FRIEDRICH_BAROQUE_1_NAME">
			<Text>Friedrich Modern Legend Cultural</Text>
		</Row>
		<Row Tag="LOC_CARD_AT_MOD_LEGEND_FRIEDRICH_BAROQUE_1_DESCRIPTION">
			<Text>For this Age, gain +15% CULTURE[icon:YIELD_CULTURE] at the cost of -10% Science[icon:YIELD_Science]</Text>
		</Row>

		<Row Tag="LOC_CARD_AT_MOD_LEGEND_FRIEDRICH_BAROQUE_2_NAME">
			<Text>Friedrich Modern Legend Militaristic</Text>
		</Row>
		<Row Tag="LOC_CARD_AT_MOD_LEGEND_FRIEDRICH_BAROQUE_2_DESCRIPTION">
			<Text>For this Age, +3 Combat Strength for your Air Units at the cost of -10% Influence[icon:YIELD_DIPLOMACY]</Text>
		</Row>

		<Row Tag="LOC_CARD_AT_MOD_LEGEND_XERXES_ACHAEMENID_1_NAME">
			<Text>Xerxes Modern Legend Cultural</Text>
		</Row>
		<Row Tag="LOC_CARD_AT_MOD_LEGEND_XERXES_ACHAEMENID_1_DESCRIPTION">
			<Text>For this Age, gain +15% CULTURE[icon:YIELD_CULTURE] at the cost of -10% Science[icon:YIELD_Science]</Text>
		</Row>

		<Row Tag="LOC_CARD_AT_MOD_LEGEND_XERXES_ACHAEMENID_2_NAME">
			<Text>Xerxes Modern Legend Economic</Text>
		</Row>
		<Row Tag="LOC_CARD_AT_MOD_LEGEND_XERXES_ACHAEMENID_2_DESCRIPTION">
			<Text>For this Age, gain +15% Gold[icon:YIELD_GOLD] at the cost of -10% Food[icon:YIELD_FOOD]</Text>
		</Row>
	</EnglishText>
</Database>