<?xml version="1.0" encoding="utf-8"?>
<!-- !! DO NOT EDIT THIS FILE !! -->
<!-- This file was automatically generated via the metaprogression generation workflow. -->
<Database>
    <EnglishText>
		<!-- Challenges -->
		<Row Tag="LOC_METAPROGRESSION_CHALLENGE_FRIEDRICH_ALT_MILITARY_VICTORY_ANTIQUITY_NAME">
			<Text>Pax Imperatoria</Text>
		</Row>
		<Row Tag="LOC_METAPROGRESSION_CHALLENGE_FRIEDRICH_ALT_MILITARY_VICTORY_ANTIQUITY_DESC">
			<Text>As Friedrich, Baroque, complete the Pax Imperatoria Legacy Path.</Text>
		</Row>
		<Row Tag="LOC_METAPROGRESSION_CHALLENGE_FRIEDRICH_ALT_MILITARY_VICTORY_ANTIQUITY_2_NAME">
			<Text>Pax Imperatoria 2</Text>
		</Row>
		<Row Tag="LOC_METAPROGRESSION_CHALLENGE_FRIEDRICH_ALT_MILITARY_VICTORY_ANTIQUITY_2_DESC">
			<Text>As Friedrich, Baroque, complete the Pax Imperatoria Legacy Path twice.</Text>
		</Row>
		<Row Tag="LOC_METAPROGRESSION_CHALLENGE_FRIEDRICH_ALT_MILITARY_VICTORY_ANTIQUITY_3_NAME">
			<Text>Pax Imperatoria 3</Text>
		</Row>
		<Row Tag="LOC_METAPROGRESSION_CHALLENGE_FRIEDRICH_ALT_MILITARY_VICTORY_ANTIQUITY_3_DESC">
			<Text>As Friedrich, Baroque, complete the Pax Imperatoria Legacy Path thrice.</Text>
		</Row>
		<Row Tag="LOC_METAPROGRESSION_CHALLENGE_FRIEDRICH_ALT_ECONOMIC_VICTORY_ANTIQUITY_NAME">
			<Text>Silk Roads</Text>
		</Row>
		<Row Tag="LOC_METAPROGRESSION_CHALLENGE_FRIEDRICH_ALT_ECONOMIC_VICTORY_ANTIQUITY_DESC">
			<Text>As Friedrich, Baroque, complete the Silk Roads Legacy Path.</Text>
		</Row>
		<Row Tag="LOC_METAPROGRESSION_CHALLENGE_FRIEDRICH_ALT_ECONOMIC_VICTORY_ANTIQUITY_2_NAME">
			<Text>Silk Roads 2</Text>
		</Row>
		<Row Tag="LOC_METAPROGRESSION_CHALLENGE_FRIEDRICH_ALT_ECONOMIC_VICTORY_ANTIQUITY_2_DESC">
			<Text>As Friedrich, Baroque, complete the Silk Roads Legacy Path twice.</Text>
		</Row>
		<Row Tag="LOC_METAPROGRESSION_CHALLENGE_FRIEDRICH_ALT_ECONOMIC_VICTORY_ANTIQUITY_3_NAME">
			<Text>Silk Roads 3</Text>
		</Row>
		<Row Tag="LOC_METAPROGRESSION_CHALLENGE_FRIEDRICH_ALT_ECONOMIC_VICTORY_ANTIQUITY_3_DESC">
			<Text>As Friedrich, Baroque, complete the Silk Roads Legacy Path thrice.</Text>
		</Row>
		<Row Tag="LOC_METAPROGRESSION_CHALLENGE_FRIEDRICH_ALT_MILITARY_VICTORY_EXPLORATION_NAME">
			<Text>Non Sufficit Orbis</Text>
		</Row>
		<Row Tag="LOC_METAPROGRESSION_CHALLENGE_FRIEDRICH_ALT_MILITARY_VICTORY_EXPLORATION_DESC">
			<Text>As Friedrich, Baroque, complete the Non Sufficit Orbis Legacy Path.</Text>
		</Row>
		<Row Tag="LOC_METAPROGRESSION_CHALLENGE_FRIEDRICH_ALT_MILITARY_VICTORY_EXPLORATION_2_NAME">
			<Text>Non Sufficit Orbis 2</Text>
		</Row>
		<Row Tag="LOC_METAPROGRESSION_CHALLENGE_FRIEDRICH_ALT_MILITARY_VICTORY_EXPLORATION_2_DESC">
			<Text>As Friedrich, Baroque, complete the Non Sufficit Orbis Legacy Path twice.</Text>
		</Row>
		<Row Tag="LOC_METAPROGRESSION_CHALLENGE_FRIEDRICH_ALT_MILITARY_VICTORY_EXPLORATION_3_NAME">
			<Text>Non Sufficit Orbis 3</Text>
		</Row>
		<Row Tag="LOC_METAPROGRESSION_CHALLENGE_FRIEDRICH_ALT_MILITARY_VICTORY_EXPLORATION_3_DESC">
			<Text>As Friedrich, Baroque, complete the Non Sufficit Orbis Legacy Path thrice.</Text>
		</Row>
		<Row Tag="LOC_METAPROGRESSION_CHALLENGE_FRIEDRICH_ALT_ECONOMIC_VICTORY_EXPLORATION_NAME">
			<Text>Treasure Fleet</Text>
		</Row>
		<Row Tag="LOC_METAPROGRESSION_CHALLENGE_FRIEDRICH_ALT_ECONOMIC_VICTORY_EXPLORATION_DESC">
			<Text>As Friedrich, Baroque, complete the Treasure Fleet Legacy Path.</Text>
		</Row>
		<Row Tag="LOC_METAPROGRESSION_CHALLENGE_FRIEDRICH_ALT_ECONOMIC_VICTORY_EXPLORATION_2_NAME">
			<Text>Treasure Fleet 2</Text>
		</Row>
		<Row Tag="LOC_METAPROGRESSION_CHALLENGE_FRIEDRICH_ALT_ECONOMIC_VICTORY_EXPLORATION_2_DESC">
			<Text>As Friedrich, Baroque, complete the Treasure Fleet Legacy Path twice.</Text>
		</Row>
		<Row Tag="LOC_METAPROGRESSION_CHALLENGE_FRIEDRICH_ALT_ECONOMIC_VICTORY_EXPLORATION_3_NAME">
			<Text>Treasure Fleet 3</Text>
		</Row>
		<Row Tag="LOC_METAPROGRESSION_CHALLENGE_FRIEDRICH_ALT_ECONOMIC_VICTORY_EXPLORATION_3_DESC">
			<Text>As Friedrich, Baroque, complete the Treasure Fleet Legacy Path thrice.</Text>
		</Row>
		<Row Tag="LOC_METAPROGRESSION_CHALLENGE_FRIEDRICH_ALT_MILITARY_VICTORY_MODERN_NAME">
			<Text>Ideology</Text>
		</Row>
		<Row Tag="LOC_METAPROGRESSION_CHALLENGE_FRIEDRICH_ALT_MILITARY_VICTORY_MODERN_DESC">
			<Text>As Friedrich, Baroque, complete the Ideology Legacy Path.</Text>
		</Row>
		<Row Tag="LOC_METAPROGRESSION_CHALLENGE_FRIEDRICH_ALT_MILITARY_VICTORY_MODERN_2_NAME">
			<Text>Ideology 2</Text>
		</Row>
		<Row Tag="LOC_METAPROGRESSION_CHALLENGE_FRIEDRICH_ALT_MILITARY_VICTORY_MODERN_2_DESC">
			<Text>As Friedrich, Baroque, complete the Ideology Legacy Path twice.</Text>
		</Row>
		<Row Tag="LOC_METAPROGRESSION_CHALLENGE_FRIEDRICH_ALT_MILITARY_VICTORY_MODERN_3_NAME">
			<Text>Ideology 3</Text>
		</Row>
		<Row Tag="LOC_METAPROGRESSION_CHALLENGE_FRIEDRICH_ALT_MILITARY_VICTORY_MODERN_3_DESC">
			<Text>As Friedrich, Baroque, complete the Ideology Legacy Path thrice.</Text>
		</Row>
		<Row Tag="LOC_METAPROGRESSION_CHALLENGE_FRIEDRICH_ALT_ECONOMIC_VICTORY_MODERN_NAME">
			<Text>Railroad Tycoon</Text>
		</Row>
		<Row Tag="LOC_METAPROGRESSION_CHALLENGE_FRIEDRICH_ALT_ECONOMIC_VICTORY_MODERN_DESC">
			<Text>As Friedrich, Baroque, complete the Railroad Tycoon Legacy Path.</Text>
		</Row>
		<Row Tag="LOC_METAPROGRESSION_CHALLENGE_FRIEDRICH_ALT_ECONOMIC_VICTORY_MODERN_2_NAME">
			<Text>Railroad Tycoon 2</Text>
		</Row>
		<Row Tag="LOC_METAPROGRESSION_CHALLENGE_FRIEDRICH_ALT_ECONOMIC_VICTORY_MODERN_2_DESC">
			<Text>As Friedrich, Baroque, complete the Railroad Tycoon Legacy Path twice.</Text>
		</Row>
		<Row Tag="LOC_METAPROGRESSION_CHALLENGE_FRIEDRICH_ALT_ECONOMIC_VICTORY_MODERN_3_NAME">
			<Text>Railroad Tycoon 3</Text>
		</Row>
		<Row Tag="LOC_METAPROGRESSION_CHALLENGE_FRIEDRICH_ALT_ECONOMIC_VICTORY_MODERN_3_DESC">
			<Text>As Friedrich, Baroque, complete the Railroad Tycoon Legacy Path thrice.</Text>
		</Row>
		<Row Tag="LOC_METAPROGRESSION_CHALLENGE_FRIEDRICH_ALT_AGE_COMPLETED_ANTIQUITY_NAME">
			<Text>Antiquity Complete</Text>
		</Row>
		<Row Tag="LOC_METAPROGRESSION_CHALLENGE_FRIEDRICH_ALT_AGE_COMPLETED_ANTIQUITY_DESC">
			<Text>As Friedrich, Baroque, finish the Antiquity Age.</Text>
		</Row>
		<Row Tag="LOC_METAPROGRESSION_CHALLENGE_FRIEDRICH_ALT_AGE_COMPLETED_ANTIQUITY_2_NAME">
			<Text>Antiquity Complete 2</Text>
		</Row>
		<Row Tag="LOC_METAPROGRESSION_CHALLENGE_FRIEDRICH_ALT_AGE_COMPLETED_ANTIQUITY_2_DESC">
			<Text>As Friedrich, Baroque, finish the Antiquity Age twice.</Text>
		</Row>
		<Row Tag="LOC_METAPROGRESSION_CHALLENGE_FRIEDRICH_ALT_AGE_COMPLETED_ANTIQUITY_3_NAME">
			<Text>Antiquity Complete 3</Text>
		</Row>
		<Row Tag="LOC_METAPROGRESSION_CHALLENGE_FRIEDRICH_ALT_AGE_COMPLETED_ANTIQUITY_3_DESC">
			<Text>As Friedrich, Baroque, finish the Antiquity Age thrice.</Text>
		</Row>
		<Row Tag="LOC_METAPROGRESSION_CHALLENGE_FRIEDRICH_ALT_AGE_COMPLETED_EXPLORATION_NAME">
			<Text>Exploration Complete</Text>
		</Row>
		<Row Tag="LOC_METAPROGRESSION_CHALLENGE_FRIEDRICH_ALT_AGE_COMPLETED_EXPLORATION_DESC">
			<Text>As Friedrich, Baroque, finish the Exploration Age.</Text>
		</Row>
		<Row Tag="LOC_METAPROGRESSION_CHALLENGE_FRIEDRICH_ALT_AGE_COMPLETED_EXPLORATION_2_NAME">
			<Text>Exploration Complete 2</Text>
		</Row>
		<Row Tag="LOC_METAPROGRESSION_CHALLENGE_FRIEDRICH_ALT_AGE_COMPLETED_EXPLORATION_2_DESC">
			<Text>As Friedrich, Baroque, finish the Exploration Age twice.</Text>
		</Row>
		<Row Tag="LOC_METAPROGRESSION_CHALLENGE_FRIEDRICH_ALT_AGE_COMPLETED_EXPLORATION_3_NAME">
			<Text>Exploration Complete 3</Text>
		</Row>
		<Row Tag="LOC_METAPROGRESSION_CHALLENGE_FRIEDRICH_ALT_AGE_COMPLETED_EXPLORATION_3_DESC">
			<Text>As Friedrich, Baroque, finish the Exploration Age thrice.</Text>
		</Row>
		<Row Tag="LOC_METAPROGRESSION_CHALLENGE_FRIEDRICH_ALT_AGE_COMPLETED_MODERN_NAME">
			<Text>Modern Complete</Text>
		</Row>
		<Row Tag="LOC_METAPROGRESSION_CHALLENGE_FRIEDRICH_ALT_AGE_COMPLETED_MODERN_DESC">
			<Text>As Friedrich, Baroque, finish the Modern Age.</Text>
		</Row>
		<Row Tag="LOC_METAPROGRESSION_CHALLENGE_FRIEDRICH_ALT_AGE_COMPLETED_MODERN_2_NAME">
			<Text>Modern Complete 2</Text>
		</Row>
		<Row Tag="LOC_METAPROGRESSION_CHALLENGE_FRIEDRICH_ALT_AGE_COMPLETED_MODERN_2_DESC">
			<Text>As Friedrich, Baroque, finish the Modern Age twice.</Text>
		</Row>
		<Row Tag="LOC_METAPROGRESSION_CHALLENGE_FRIEDRICH_ALT_AGE_COMPLETED_MODERN_3_NAME">
			<Text>Modern Complete 3</Text>
		</Row>
		<Row Tag="LOC_METAPROGRESSION_CHALLENGE_FRIEDRICH_ALT_AGE_COMPLETED_MODERN_3_DESC">
			<Text>As Friedrich, Baroque, finish the Modern Age thrice.</Text>
		</Row>
		<Row Tag="LOC_METAPROGRESSION_CHALLENGE_FRIEDRICH_ALT_PLAY_GAMES_1_NAME">
			<Text>Play Game 1</Text>
		</Row>
		<Row Tag="LOC_METAPROGRESSION_CHALLENGE_FRIEDRICH_ALT_PLAY_GAMES_1_DESC">
			<Text>As Friedrich, Baroque, reach at least 1 Legacy Path Milestone.</Text>
		</Row>
		<Row Tag="LOC_METAPROGRESSION_CHALLENGE_FRIEDRICH_ALT_PLAY_GAMES_2_NAME">
			<Text>Play Game 2</Text>
		</Row>
		<Row Tag="LOC_METAPROGRESSION_CHALLENGE_FRIEDRICH_ALT_PLAY_GAMES_2_DESC">
			<Text>As Friedrich, Baroque, reach at least 2 Legacy Path Milestones.</Text>
		</Row>
		<Row Tag="LOC_METAPROGRESSION_CHALLENGE_FRIEDRICH_ALT_PLAY_GAMES_3_NAME">
			<Text>Play Game 3</Text>
		</Row>
		<Row Tag="LOC_METAPROGRESSION_CHALLENGE_FRIEDRICH_ALT_PLAY_GAMES_3_DESC">
			<Text>As Friedrich, Baroque, reach at least 3 Legacy Path Milestones.</Text>
		</Row>
		<Row Tag="LOC_METAPROGRESSION_CHALLENGE_FRIEDRICH_ALT_SCIENCE_VICTORY_ANTIQUITY_NAME">
			<Text>Great Library</Text>
		</Row>
		<Row Tag="LOC_METAPROGRESSION_CHALLENGE_FRIEDRICH_ALT_SCIENCE_VICTORY_ANTIQUITY_DESC">
			<Text>As Friedrich, Baroque, complete the Great Library Legacy Path.</Text>
		</Row>
		<Row Tag="LOC_METAPROGRESSION_CHALLENGE_FRIEDRICH_ALT_SCIENCE_VICTORY_ANTIQUITY_2_NAME">
			<Text>Great Library 2</Text>
		</Row>
		<Row Tag="LOC_METAPROGRESSION_CHALLENGE_FRIEDRICH_ALT_SCIENCE_VICTORY_ANTIQUITY_2_DESC">
			<Text>As Friedrich, Baroque, complete the Great Library Legacy Path twice.</Text>
		</Row>
		<Row Tag="LOC_METAPROGRESSION_CHALLENGE_FRIEDRICH_ALT_SCIENCE_VICTORY_ANTIQUITY_3_NAME">
			<Text>Great Library 3</Text>
		</Row>
		<Row Tag="LOC_METAPROGRESSION_CHALLENGE_FRIEDRICH_ALT_SCIENCE_VICTORY_ANTIQUITY_3_DESC">
			<Text>As Friedrich, Baroque, complete the Great Library Legacy Path thrice.</Text>
		</Row>
		<Row Tag="LOC_METAPROGRESSION_CHALLENGE_FRIEDRICH_ALT_SCIENCE_VICTORY_EXPLORATION_NAME">
			<Text>Enlightenment</Text>
		</Row>
		<Row Tag="LOC_METAPROGRESSION_CHALLENGE_FRIEDRICH_ALT_SCIENCE_VICTORY_EXPLORATION_DESC">
			<Text>As Friedrich, Baroque, complete the Enlightenment Legacy Path.</Text>
		</Row>
		<Row Tag="LOC_METAPROGRESSION_CHALLENGE_FRIEDRICH_ALT_SCIENCE_VICTORY_EXPLORATION_2_NAME">
			<Text>Enlightenment 2</Text>
		</Row>
		<Row Tag="LOC_METAPROGRESSION_CHALLENGE_FRIEDRICH_ALT_SCIENCE_VICTORY_EXPLORATION_2_DESC">
			<Text>As Friedrich, Baroque, complete the Enlightenment Legacy Path twice.</Text>
		</Row>
		<Row Tag="LOC_METAPROGRESSION_CHALLENGE_FRIEDRICH_ALT_SCIENCE_VICTORY_EXPLORATION_3_NAME">
			<Text>Enlightenment 3</Text>
		</Row>
		<Row Tag="LOC_METAPROGRESSION_CHALLENGE_FRIEDRICH_ALT_SCIENCE_VICTORY_EXPLORATION_3_DESC">
			<Text>As Friedrich, Baroque, complete the Enlightenment Legacy Path thrice.</Text>
		</Row>
		<Row Tag="LOC_METAPROGRESSION_CHALLENGE_FRIEDRICH_ALT_SCIENCE_VICTORY_MODERN_NAME">
			<Text>Space Race</Text>
		</Row>
		<Row Tag="LOC_METAPROGRESSION_CHALLENGE_FRIEDRICH_ALT_SCIENCE_VICTORY_MODERN_DESC">
			<Text>As Friedrich, Baroque, complete the Space Race Legacy Path.</Text>
		</Row>
		<Row Tag="LOC_METAPROGRESSION_CHALLENGE_FRIEDRICH_ALT_SCIENCE_VICTORY_MODERN_2_NAME">
			<Text>Space Race 2</Text>
		</Row>
		<Row Tag="LOC_METAPROGRESSION_CHALLENGE_FRIEDRICH_ALT_SCIENCE_VICTORY_MODERN_2_DESC">
			<Text>As Friedrich, Baroque, complete the Space Race Legacy Path twice.</Text>
		</Row>
		<Row Tag="LOC_METAPROGRESSION_CHALLENGE_FRIEDRICH_ALT_SCIENCE_VICTORY_MODERN_3_NAME">
			<Text>Space Race 3</Text>
		</Row>
		<Row Tag="LOC_METAPROGRESSION_CHALLENGE_FRIEDRICH_ALT_SCIENCE_VICTORY_MODERN_3_DESC">
			<Text>As Friedrich, Baroque, complete the Space Race Legacy Path thrice.</Text>
		</Row>
		<Row Tag="LOC_METAPROGRESSION_CHALLENGE_FRIEDRICH_ALT_CULTURE_VICTORY_ANTIQUITY_NAME">
			<Text>Wonders of the Ancient World</Text>
		</Row>
		<Row Tag="LOC_METAPROGRESSION_CHALLENGE_FRIEDRICH_ALT_CULTURE_VICTORY_ANTIQUITY_DESC">
			<Text>As Friedrich, Baroque, complete the Wonders of the Ancient World Legacy Path.</Text>
		</Row>
		<Row Tag="LOC_METAPROGRESSION_CHALLENGE_FRIEDRICH_ALT_CULTURE_VICTORY_ANTIQUITY_2_NAME">
			<Text>Wonders of the Ancient World 2</Text>
		</Row>
		<Row Tag="LOC_METAPROGRESSION_CHALLENGE_FRIEDRICH_ALT_CULTURE_VICTORY_ANTIQUITY_2_DESC">
			<Text>As Friedrich, Baroque, complete the Wonders of the Ancient World Legacy Path twice.</Text>
		</Row>
		<Row Tag="LOC_METAPROGRESSION_CHALLENGE_FRIEDRICH_ALT_CULTURE_VICTORY_ANTIQUITY_3_NAME">
			<Text>Wonders of the Ancient World 3</Text>
		</Row>
		<Row Tag="LOC_METAPROGRESSION_CHALLENGE_FRIEDRICH_ALT_CULTURE_VICTORY_ANTIQUITY_3_DESC">
			<Text>As Friedrich, Baroque, complete the Wonders of the Ancient World Legacy Path thrice.</Text>
		</Row>
		<Row Tag="LOC_METAPROGRESSION_CHALLENGE_FRIEDRICH_ALT_CULTURE_VICTORY_EXPLORATION_NAME">
			<Text>Toshakhana</Text>
		</Row>
		<Row Tag="LOC_METAPROGRESSION_CHALLENGE_FRIEDRICH_ALT_CULTURE_VICTORY_EXPLORATION_DESC">
			<Text>As Friedrich, Baroque, complete the Toshakhana Legacy Path.</Text>
		</Row>
		<Row Tag="LOC_METAPROGRESSION_CHALLENGE_FRIEDRICH_ALT_CULTURE_VICTORY_EXPLORATION_2_NAME">
			<Text>Toshakhana 2</Text>
		</Row>
		<Row Tag="LOC_METAPROGRESSION_CHALLENGE_FRIEDRICH_ALT_CULTURE_VICTORY_EXPLORATION_2_DESC">
			<Text>As Friedrich, Baroque, complete the Toshakhana Legacy Path twice.</Text>
		</Row>
		<Row Tag="LOC_METAPROGRESSION_CHALLENGE_FRIEDRICH_ALT_CULTURE_VICTORY_EXPLORATION_3_NAME">
			<Text>Toshakhana 3</Text>
		</Row>
		<Row Tag="LOC_METAPROGRESSION_CHALLENGE_FRIEDRICH_ALT_CULTURE_VICTORY_EXPLORATION_3_DESC">
			<Text>As Friedrich, Baroque, complete the Toshakhana Legacy Path thrice.</Text>
		</Row>
		<Row Tag="LOC_METAPROGRESSION_CHALLENGE_FRIEDRICH_ALT_CULTURE_VICTORY_MODERN_NAME">
			<Text>Geographic Society</Text>
		</Row>
		<Row Tag="LOC_METAPROGRESSION_CHALLENGE_FRIEDRICH_ALT_CULTURE_VICTORY_MODERN_DESC">
			<Text>As Friedrich, Baroque, complete the Geographic Society Legacy Path.</Text>
		</Row>
		<Row Tag="LOC_METAPROGRESSION_CHALLENGE_FRIEDRICH_ALT_CULTURE_VICTORY_MODERN_2_NAME">
			<Text>Geographic Society 2</Text>
		</Row>
		<Row Tag="LOC_METAPROGRESSION_CHALLENGE_FRIEDRICH_ALT_CULTURE_VICTORY_MODERN_2_DESC">
			<Text>As Friedrich, Baroque, complete the Geographic Society Legacy Path twice.</Text>
		</Row>
		<Row Tag="LOC_METAPROGRESSION_CHALLENGE_FRIEDRICH_ALT_CULTURE_VICTORY_MODERN_3_NAME">
			<Text>Geographic Society 3</Text>
		</Row>
		<Row Tag="LOC_METAPROGRESSION_CHALLENGE_FRIEDRICH_ALT_CULTURE_VICTORY_MODERN_3_DESC">
			<Text>As Friedrich, Baroque, complete the Geographic Society Legacy Path thrice.</Text>
		</Row>
		<Row Tag="LOC_METAPROGRESSION_CHALLENGE_FRIEDRICH_ALT_FLAWLESS_VICTORY_ANTIQUITY_NAME">
			<Text>Dual Legacies, Antiquity</Text>
		</Row>
		<Row Tag="LOC_METAPROGRESSION_CHALLENGE_FRIEDRICH_ALT_FLAWLESS_VICTORY_ANTIQUITY_DESC">
			<Text>As Friedrich, Baroque, complete 2 Legacy Paths in a single Antiquity Age.</Text>
		</Row>
		<Row Tag="LOC_METAPROGRESSION_CHALLENGE_FRIEDRICH_ALT_FLAWLESS_VICTORY_EXPLORATION_NAME">
			<Text>Dual Legacies, Exploration</Text>
		</Row>
		<Row Tag="LOC_METAPROGRESSION_CHALLENGE_FRIEDRICH_ALT_FLAWLESS_VICTORY_EXPLORATION_DESC">
			<Text>As Friedrich, Baroque, complete 2 Legacy Paths in a single Exploration Age.</Text>
		</Row>
		<Row Tag="LOC_METAPROGRESSION_CHALLENGE_FRIEDRICH_ALT_FLAWLESS_VICTORY_MODERN_NAME">
			<Text>Dual Legacies, Modern</Text>
		</Row>
		<Row Tag="LOC_METAPROGRESSION_CHALLENGE_FRIEDRICH_ALT_FLAWLESS_VICTORY_MODERN_DESC">
			<Text>As Friedrich, Baroque, complete 2 Legacy Paths in a single Modern Age.</Text>
		</Row>
		<Row Tag="LOC_METAPROGRESSION_CHALLENGE_FRIEDRICH_ALT_QUEST_A_ANTIQUITY_NAME">
			<Text>Kriegslieder</Text>
		</Row>
		<Row Tag="LOC_METAPROGRESSION_CHALLENGE_FRIEDRICH_ALT_QUEST_A_ANTIQUITY_DESC">
			<Text>As Friedrich, Baroque, in Antiquity, complete a quest to rouse the orchestra.</Text>
		</Row>
		<Row Tag="LOC_METAPROGRESSION_CHALLENGE_FRIEDRICH_ALT_QUEST_B_ANTIQUITY_NAME">
			<Text>Old Fritz</Text>
		</Row>
		<Row Tag="LOC_METAPROGRESSION_CHALLENGE_FRIEDRICH_ALT_QUEST_B_ANTIQUITY_DESC">
			<Text>As Friedrich, Baroque, in Antiquity, complete a quest to enlighten your people.</Text>
		</Row>
		<Row Tag="LOC_METAPROGRESSION_CHALLENGE_FRIEDRICH_ALT_QUEST_A_EXPLORATION_NAME">
			<Text>Methods of Warfare</Text>
		</Row>
		<Row Tag="LOC_METAPROGRESSION_CHALLENGE_FRIEDRICH_ALT_QUEST_A_EXPLORATION_DESC">
			<Text>As Friedrich, Baroque, in Exploration, complete a quest to conduct a strategic attack.</Text>
		</Row>
		<Row Tag="LOC_METAPROGRESSION_CHALLENGE_FRIEDRICH_ALT_QUEST_B_EXPLORATION_NAME">
			<Text>The Poet King</Text>
		</Row>
		<Row Tag="LOC_METAPROGRESSION_CHALLENGE_FRIEDRICH_ALT_QUEST_B_EXPLORATION_DESC">
			<Text>As Friedrich, Baroque, in Exploration, complete a quest to realize the artist's dream.</Text>
		</Row>
		<Row Tag="LOC_METAPROGRESSION_CHALLENGE_FRIEDRICH_ALT_QUEST_A_MODERN_NAME">
			<Text>A Symphony of Guns</Text>
		</Row>
		<Row Tag="LOC_METAPROGRESSION_CHALLENGE_FRIEDRICH_ALT_QUEST_A_MODERN_DESC">
			<Text>As Friedrich, Baroque, in Modern, complete a quest to compose a new kind of symphony.</Text>
		</Row>
		<Row Tag="LOC_METAPROGRESSION_CHALLENGE_FRIEDRICH_ALT_QUEST_B_MODERN_NAME">
			<Text>The Baroque Age</Text>
		</Row>
		<Row Tag="LOC_METAPROGRESSION_CHALLENGE_FRIEDRICH_ALT_QUEST_B_MODERN_DESC">
			<Text>As Friedrich, Baroque, in Modern, complete a quest to serenade the future.</Text>
		</Row>
		<Row Tag="LOC_METAPROGRESSION_CHALLENGE_XERXES_ALT_MILITARY_VICTORY_ANTIQUITY_NAME">
			<Text>Pax Imperatoria</Text>
		</Row>
		<Row Tag="LOC_METAPROGRESSION_CHALLENGE_XERXES_ALT_MILITARY_VICTORY_ANTIQUITY_DESC">
			<Text>As Xerxes, the Achaemenid, complete the Pax Imperatoria Legacy Path.</Text>
		</Row>
		<Row Tag="LOC_METAPROGRESSION_CHALLENGE_XERXES_ALT_MILITARY_VICTORY_ANTIQUITY_2_NAME">
			<Text>Pax Imperatoria 2</Text>
		</Row>
		<Row Tag="LOC_METAPROGRESSION_CHALLENGE_XERXES_ALT_MILITARY_VICTORY_ANTIQUITY_2_DESC">
			<Text>As Xerxes, the Achaemenid, complete the Pax Imperatoria Legacy Path twice.</Text>
		</Row>
		<Row Tag="LOC_METAPROGRESSION_CHALLENGE_XERXES_ALT_MILITARY_VICTORY_ANTIQUITY_3_NAME">
			<Text>Pax Imperatoria 3</Text>
		</Row>
		<Row Tag="LOC_METAPROGRESSION_CHALLENGE_XERXES_ALT_MILITARY_VICTORY_ANTIQUITY_3_DESC">
			<Text>As Xerxes, the Achaemenid, complete the Pax Imperatoria Legacy Path thrice.</Text>
		</Row>
		<Row Tag="LOC_METAPROGRESSION_CHALLENGE_XERXES_ALT_ECONOMIC_VICTORY_ANTIQUITY_NAME">
			<Text>Silk Roads</Text>
		</Row>
		<Row Tag="LOC_METAPROGRESSION_CHALLENGE_XERXES_ALT_ECONOMIC_VICTORY_ANTIQUITY_DESC">
			<Text>As Xerxes, the Achaemenid, complete the Silk Roads Legacy Path.</Text>
		</Row>
		<Row Tag="LOC_METAPROGRESSION_CHALLENGE_XERXES_ALT_ECONOMIC_VICTORY_ANTIQUITY_2_NAME">
			<Text>Silk Roads 2</Text>
		</Row>
		<Row Tag="LOC_METAPROGRESSION_CHALLENGE_XERXES_ALT_ECONOMIC_VICTORY_ANTIQUITY_2_DESC">
			<Text>As Xerxes, the Achaemenid, complete the Silk Roads Legacy Path twice.</Text>
		</Row>
		<Row Tag="LOC_METAPROGRESSION_CHALLENGE_XERXES_ALT_ECONOMIC_VICTORY_ANTIQUITY_3_NAME">
			<Text>Silk Roads 3</Text>
		</Row>
		<Row Tag="LOC_METAPROGRESSION_CHALLENGE_XERXES_ALT_ECONOMIC_VICTORY_ANTIQUITY_3_DESC">
			<Text>As Xerxes, the Achaemenid, complete the Silk Roads Legacy Path thrice.</Text>
		</Row>
		<Row Tag="LOC_METAPROGRESSION_CHALLENGE_XERXES_ALT_MILITARY_VICTORY_EXPLORATION_NAME">
			<Text>Non Sufficit Orbis</Text>
		</Row>
		<Row Tag="LOC_METAPROGRESSION_CHALLENGE_XERXES_ALT_MILITARY_VICTORY_EXPLORATION_DESC">
			<Text>As Xerxes, the Achaemenid, complete the Non Sufficit Orbis Legacy Path.</Text>
		</Row>
		<Row Tag="LOC_METAPROGRESSION_CHALLENGE_XERXES_ALT_MILITARY_VICTORY_EXPLORATION_2_NAME">
			<Text>Non Sufficit Orbis 2</Text>
		</Row>
		<Row Tag="LOC_METAPROGRESSION_CHALLENGE_XERXES_ALT_MILITARY_VICTORY_EXPLORATION_2_DESC">
			<Text>As Xerxes, the Achaemenid, complete the Non Sufficit Orbis Legacy Path twice.</Text>
		</Row>
		<Row Tag="LOC_METAPROGRESSION_CHALLENGE_XERXES_ALT_MILITARY_VICTORY_EXPLORATION_3_NAME">
			<Text>Non Sufficit Orbis 3</Text>
		</Row>
		<Row Tag="LOC_METAPROGRESSION_CHALLENGE_XERXES_ALT_MILITARY_VICTORY_EXPLORATION_3_DESC">
			<Text>As Xerxes, the Achaemenid, complete the Non Sufficit Orbis Legacy Path thrice.</Text>
		</Row>
		<Row Tag="LOC_METAPROGRESSION_CHALLENGE_XERXES_ALT_ECONOMIC_VICTORY_EXPLORATION_NAME">
			<Text>Treasure Fleet</Text>
		</Row>
		<Row Tag="LOC_METAPROGRESSION_CHALLENGE_XERXES_ALT_ECONOMIC_VICTORY_EXPLORATION_DESC">
			<Text>As Xerxes, the Achaemenid, complete the Treasure Fleet Legacy Path.</Text>
		</Row>
		<Row Tag="LOC_METAPROGRESSION_CHALLENGE_XERXES_ALT_ECONOMIC_VICTORY_EXPLORATION_2_NAME">
			<Text>Treasure Fleet 2</Text>
		</Row>
		<Row Tag="LOC_METAPROGRESSION_CHALLENGE_XERXES_ALT_ECONOMIC_VICTORY_EXPLORATION_2_DESC">
			<Text>As Xerxes, the Achaemenid, complete the Treasure Fleet Legacy Path twice.</Text>
		</Row>
		<Row Tag="LOC_METAPROGRESSION_CHALLENGE_XERXES_ALT_ECONOMIC_VICTORY_EXPLORATION_3_NAME">
			<Text>Treasure Fleet 3</Text>
		</Row>
		<Row Tag="LOC_METAPROGRESSION_CHALLENGE_XERXES_ALT_ECONOMIC_VICTORY_EXPLORATION_3_DESC">
			<Text>As Xerxes, the Achaemenid, complete the Treasure Fleet Legacy Path thrice.</Text>
		</Row>
		<Row Tag="LOC_METAPROGRESSION_CHALLENGE_XERXES_ALT_MILITARY_VICTORY_MODERN_NAME">
			<Text>Ideology</Text>
		</Row>
		<Row Tag="LOC_METAPROGRESSION_CHALLENGE_XERXES_ALT_MILITARY_VICTORY_MODERN_DESC">
			<Text>As Xerxes, the Achaemenid, complete the Ideology Legacy Path.</Text>
		</Row>
		<Row Tag="LOC_METAPROGRESSION_CHALLENGE_XERXES_ALT_MILITARY_VICTORY_MODERN_2_NAME">
			<Text>Ideology 2</Text>
		</Row>
		<Row Tag="LOC_METAPROGRESSION_CHALLENGE_XERXES_ALT_MILITARY_VICTORY_MODERN_2_DESC">
			<Text>As Xerxes, the Achaemenid, complete the Ideology Legacy Path twice.</Text>
		</Row>
		<Row Tag="LOC_METAPROGRESSION_CHALLENGE_XERXES_ALT_MILITARY_VICTORY_MODERN_3_NAME">
			<Text>Ideology 3</Text>
		</Row>
		<Row Tag="LOC_METAPROGRESSION_CHALLENGE_XERXES_ALT_MILITARY_VICTORY_MODERN_3_DESC">
			<Text>As Xerxes, the Achaemenid, complete the Ideology Legacy Path thrice.</Text>
		</Row>
		<Row Tag="LOC_METAPROGRESSION_CHALLENGE_XERXES_ALT_ECONOMIC_VICTORY_MODERN_NAME">
			<Text>Railroad Tycoon</Text>
		</Row>
		<Row Tag="LOC_METAPROGRESSION_CHALLENGE_XERXES_ALT_ECONOMIC_VICTORY_MODERN_DESC">
			<Text>As Xerxes, the Achaemenid, complete the Railroad Tycoon Legacy Path.</Text>
		</Row>
		<Row Tag="LOC_METAPROGRESSION_CHALLENGE_XERXES_ALT_ECONOMIC_VICTORY_MODERN_2_NAME">
			<Text>Railroad Tycoon 2</Text>
		</Row>
		<Row Tag="LOC_METAPROGRESSION_CHALLENGE_XERXES_ALT_ECONOMIC_VICTORY_MODERN_2_DESC">
			<Text>As Xerxes, the Achaemenid, complete the Railroad Tycoon Legacy Path twice.</Text>
		</Row>
		<Row Tag="LOC_METAPROGRESSION_CHALLENGE_XERXES_ALT_ECONOMIC_VICTORY_MODERN_3_NAME">
			<Text>Railroad Tycoon 3</Text>
		</Row>
		<Row Tag="LOC_METAPROGRESSION_CHALLENGE_XERXES_ALT_ECONOMIC_VICTORY_MODERN_3_DESC">
			<Text>As Xerxes, the Achaemenid, complete the Railroad Tycoon Legacy Path thrice.</Text>
		</Row>
		<Row Tag="LOC_METAPROGRESSION_CHALLENGE_XERXES_ALT_AGE_COMPLETED_ANTIQUITY_NAME">
			<Text>Antiquity Complete</Text>
		</Row>
		<Row Tag="LOC_METAPROGRESSION_CHALLENGE_XERXES_ALT_AGE_COMPLETED_ANTIQUITY_DESC">
			<Text>As Xerxes, the Achaemenid, finish the Antiquity Age.</Text>
		</Row>
		<Row Tag="LOC_METAPROGRESSION_CHALLENGE_XERXES_ALT_AGE_COMPLETED_ANTIQUITY_2_NAME">
			<Text>Antiquity Complete 2</Text>
		</Row>
		<Row Tag="LOC_METAPROGRESSION_CHALLENGE_XERXES_ALT_AGE_COMPLETED_ANTIQUITY_2_DESC">
			<Text>As Xerxes, the Achaemenid, finish the Antiquity Age twice.</Text>
		</Row>
		<Row Tag="LOC_METAPROGRESSION_CHALLENGE_XERXES_ALT_AGE_COMPLETED_ANTIQUITY_3_NAME">
			<Text>Antiquity Complete 3</Text>
		</Row>
		<Row Tag="LOC_METAPROGRESSION_CHALLENGE_XERXES_ALT_AGE_COMPLETED_ANTIQUITY_3_DESC">
			<Text>As Xerxes, the Achaemenid, finish the Antiquity Age thrice.</Text>
		</Row>
		<Row Tag="LOC_METAPROGRESSION_CHALLENGE_XERXES_ALT_AGE_COMPLETED_EXPLORATION_NAME">
			<Text>Exploration Complete</Text>
		</Row>
		<Row Tag="LOC_METAPROGRESSION_CHALLENGE_XERXES_ALT_AGE_COMPLETED_EXPLORATION_DESC">
			<Text>As Xerxes, the Achaemenid, finish the Exploration Age.</Text>
		</Row>
		<Row Tag="LOC_METAPROGRESSION_CHALLENGE_XERXES_ALT_AGE_COMPLETED_EXPLORATION_2_NAME">
			<Text>Exploration Complete 2</Text>
		</Row>
		<Row Tag="LOC_METAPROGRESSION_CHALLENGE_XERXES_ALT_AGE_COMPLETED_EXPLORATION_2_DESC">
			<Text>As Xerxes, the Achaemenid, finish the Exploration Age twice.</Text>
		</Row>
		<Row Tag="LOC_METAPROGRESSION_CHALLENGE_XERXES_ALT_AGE_COMPLETED_EXPLORATION_3_NAME">
			<Text>Exploration Complete 3</Text>
		</Row>
		<Row Tag="LOC_METAPROGRESSION_CHALLENGE_XERXES_ALT_AGE_COMPLETED_EXPLORATION_3_DESC">
			<Text>As Xerxes, the Achaemenid, finish the Exploration Age thrice.</Text>
		</Row>
		<Row Tag="LOC_METAPROGRESSION_CHALLENGE_XERXES_ALT_AGE_COMPLETED_MODERN_NAME">
			<Text>Modern Complete</Text>
		</Row>
		<Row Tag="LOC_METAPROGRESSION_CHALLENGE_XERXES_ALT_AGE_COMPLETED_MODERN_DESC">
			<Text>As Xerxes, the Achaemenid, finish the Modern Age.</Text>
		</Row>
		<Row Tag="LOC_METAPROGRESSION_CHALLENGE_XERXES_ALT_AGE_COMPLETED_MODERN_2_NAME">
			<Text>Modern Complete 2</Text>
		</Row>
		<Row Tag="LOC_METAPROGRESSION_CHALLENGE_XERXES_ALT_AGE_COMPLETED_MODERN_2_DESC">
			<Text>As Xerxes, the Achaemenid, finish the Modern Age twice.</Text>
		</Row>
		<Row Tag="LOC_METAPROGRESSION_CHALLENGE_XERXES_ALT_AGE_COMPLETED_MODERN_3_NAME">
			<Text>Modern Complete 3</Text>
		</Row>
		<Row Tag="LOC_METAPROGRESSION_CHALLENGE_XERXES_ALT_AGE_COMPLETED_MODERN_3_DESC">
			<Text>As Xerxes, the Achaemenid, finish the Modern Age thrice.</Text>
		</Row>
		<Row Tag="LOC_METAPROGRESSION_CHALLENGE_XERXES_ALT_PLAY_GAMES_1_NAME">
			<Text>Play Game 1</Text>
		</Row>
		<Row Tag="LOC_METAPROGRESSION_CHALLENGE_XERXES_ALT_PLAY_GAMES_1_DESC">
			<Text>As Xerxes, the Achaemenid, reach at least 1 Legacy Path Milestone.</Text>
		</Row>
		<Row Tag="LOC_METAPROGRESSION_CHALLENGE_XERXES_ALT_PLAY_GAMES_2_NAME">
			<Text>Play Game 2</Text>
		</Row>
		<Row Tag="LOC_METAPROGRESSION_CHALLENGE_XERXES_ALT_PLAY_GAMES_2_DESC">
			<Text>As Xerxes, the Achaemenid, reach at least 2 Legacy Path Milestones.</Text>
		</Row>
		<Row Tag="LOC_METAPROGRESSION_CHALLENGE_XERXES_ALT_PLAY_GAMES_3_NAME">
			<Text>Play Game 3</Text>
		</Row>
		<Row Tag="LOC_METAPROGRESSION_CHALLENGE_XERXES_ALT_PLAY_GAMES_3_DESC">
			<Text>As Xerxes, the Achaemenid, reach at least 3 Legacy Path Milestones.</Text>
		</Row>
		<Row Tag="LOC_METAPROGRESSION_CHALLENGE_XERXES_ALT_SCIENCE_VICTORY_ANTIQUITY_NAME">
			<Text>Great Library</Text>
		</Row>
		<Row Tag="LOC_METAPROGRESSION_CHALLENGE_XERXES_ALT_SCIENCE_VICTORY_ANTIQUITY_DESC">
			<Text>As Xerxes, the Achaemenid, complete the Great Library Legacy Path.</Text>
		</Row>
		<Row Tag="LOC_METAPROGRESSION_CHALLENGE_XERXES_ALT_SCIENCE_VICTORY_ANTIQUITY_2_NAME">
			<Text>Great Library 2</Text>
		</Row>
		<Row Tag="LOC_METAPROGRESSION_CHALLENGE_XERXES_ALT_SCIENCE_VICTORY_ANTIQUITY_2_DESC">
			<Text>As Xerxes, the Achaemenid, complete the Great Library Legacy Path twice.</Text>
		</Row>
		<Row Tag="LOC_METAPROGRESSION_CHALLENGE_XERXES_ALT_SCIENCE_VICTORY_ANTIQUITY_3_NAME">
			<Text>Great Library 3</Text>
		</Row>
		<Row Tag="LOC_METAPROGRESSION_CHALLENGE_XERXES_ALT_SCIENCE_VICTORY_ANTIQUITY_3_DESC">
			<Text>As Xerxes, the Achaemenid, complete the Great Library Legacy Path thrice.</Text>
		</Row>
		<Row Tag="LOC_METAPROGRESSION_CHALLENGE_XERXES_ALT_SCIENCE_VICTORY_EXPLORATION_NAME">
			<Text>Enlightenment</Text>
		</Row>
		<Row Tag="LOC_METAPROGRESSION_CHALLENGE_XERXES_ALT_SCIENCE_VICTORY_EXPLORATION_DESC">
			<Text>As Xerxes, the Achaemenid, complete the Enlightenment Legacy Path.</Text>
		</Row>
		<Row Tag="LOC_METAPROGRESSION_CHALLENGE_XERXES_ALT_SCIENCE_VICTORY_EXPLORATION_2_NAME">
			<Text>Enlightenment 2</Text>
		</Row>
		<Row Tag="LOC_METAPROGRESSION_CHALLENGE_XERXES_ALT_SCIENCE_VICTORY_EXPLORATION_2_DESC">
			<Text>As Xerxes, the Achaemenid, complete the Enlightenment Legacy Path twice.</Text>
		</Row>
		<Row Tag="LOC_METAPROGRESSION_CHALLENGE_XERXES_ALT_SCIENCE_VICTORY_EXPLORATION_3_NAME">
			<Text>Enlightenment 3</Text>
		</Row>
		<Row Tag="LOC_METAPROGRESSION_CHALLENGE_XERXES_ALT_SCIENCE_VICTORY_EXPLORATION_3_DESC">
			<Text>As Xerxes, the Achaemenid, complete the Enlightenment Legacy Path thrice.</Text>
		</Row>
		<Row Tag="LOC_METAPROGRESSION_CHALLENGE_XERXES_ALT_SCIENCE_VICTORY_MODERN_NAME">
			<Text>Space Race</Text>
		</Row>
		<Row Tag="LOC_METAPROGRESSION_CHALLENGE_XERXES_ALT_SCIENCE_VICTORY_MODERN_DESC">
			<Text>As Xerxes, the Achaemenid, complete the Space Race Legacy Path.</Text>
		</Row>
		<Row Tag="LOC_METAPROGRESSION_CHALLENGE_XERXES_ALT_SCIENCE_VICTORY_MODERN_2_NAME">
			<Text>Space Race 2</Text>
		</Row>
		<Row Tag="LOC_METAPROGRESSION_CHALLENGE_XERXES_ALT_SCIENCE_VICTORY_MODERN_2_DESC">
			<Text>As Xerxes, the Achaemenid, complete the Space Race Legacy Path twice.</Text>
		</Row>
		<Row Tag="LOC_METAPROGRESSION_CHALLENGE_XERXES_ALT_SCIENCE_VICTORY_MODERN_3_NAME">
			<Text>Space Race 3</Text>
		</Row>
		<Row Tag="LOC_METAPROGRESSION_CHALLENGE_XERXES_ALT_SCIENCE_VICTORY_MODERN_3_DESC">
			<Text>As Xerxes, the Achaemenid, complete the Space Race Legacy Path thrice.</Text>
		</Row>
		<Row Tag="LOC_METAPROGRESSION_CHALLENGE_XERXES_ALT_CULTURE_VICTORY_ANTIQUITY_NAME">
			<Text>Wonders of the Ancient World</Text>
		</Row>
		<Row Tag="LOC_METAPROGRESSION_CHALLENGE_XERXES_ALT_CULTURE_VICTORY_ANTIQUITY_DESC">
			<Text>As Xerxes, the Achaemenid, complete the Wonders of the Ancient World Legacy Path.</Text>
		</Row>
		<Row Tag="LOC_METAPROGRESSION_CHALLENGE_XERXES_ALT_CULTURE_VICTORY_ANTIQUITY_2_NAME">
			<Text>Wonders of the Ancient World 2</Text>
		</Row>
		<Row Tag="LOC_METAPROGRESSION_CHALLENGE_XERXES_ALT_CULTURE_VICTORY_ANTIQUITY_2_DESC">
			<Text>As Xerxes, the Achaemenid, complete the Wonders of the Ancient World Legacy Path twice.</Text>
		</Row>
		<Row Tag="LOC_METAPROGRESSION_CHALLENGE_XERXES_ALT_CULTURE_VICTORY_ANTIQUITY_3_NAME">
			<Text>Wonders of the Ancient World 3</Text>
		</Row>
		<Row Tag="LOC_METAPROGRESSION_CHALLENGE_XERXES_ALT_CULTURE_VICTORY_ANTIQUITY_3_DESC">
			<Text>As Xerxes, the Achaemenid, complete the Wonders of the Ancient World Legacy Path thrice.</Text>
		</Row>
		<Row Tag="LOC_METAPROGRESSION_CHALLENGE_XERXES_ALT_CULTURE_VICTORY_EXPLORATION_NAME">
			<Text>Toshakhana</Text>
		</Row>
		<Row Tag="LOC_METAPROGRESSION_CHALLENGE_XERXES_ALT_CULTURE_VICTORY_EXPLORATION_DESC">
			<Text>As Xerxes, the Achaemenid, complete the Toshakhana Legacy Path.</Text>
		</Row>
		<Row Tag="LOC_METAPROGRESSION_CHALLENGE_XERXES_ALT_CULTURE_VICTORY_EXPLORATION_2_NAME">
			<Text>Toshakhana 2</Text>
		</Row>
		<Row Tag="LOC_METAPROGRESSION_CHALLENGE_XERXES_ALT_CULTURE_VICTORY_EXPLORATION_2_DESC">
			<Text>As Xerxes, the Achaemenid, complete the Toshakhana Legacy Path twice.</Text>
		</Row>
		<Row Tag="LOC_METAPROGRESSION_CHALLENGE_XERXES_ALT_CULTURE_VICTORY_EXPLORATION_3_NAME">
			<Text>Toshakhana 3</Text>
		</Row>
		<Row Tag="LOC_METAPROGRESSION_CHALLENGE_XERXES_ALT_CULTURE_VICTORY_EXPLORATION_3_DESC">
			<Text>As Xerxes, the Achaemenid, complete the Toshakhana Legacy Path thrice.</Text>
		</Row>
		<Row Tag="LOC_METAPROGRESSION_CHALLENGE_XERXES_ALT_CULTURE_VICTORY_MODERN_NAME">
			<Text>Geographic Society</Text>
		</Row>
		<Row Tag="LOC_METAPROGRESSION_CHALLENGE_XERXES_ALT_CULTURE_VICTORY_MODERN_DESC">
			<Text>As Xerxes, the Achaemenid, complete the Geographic Society Legacy Path.</Text>
		</Row>
		<Row Tag="LOC_METAPROGRESSION_CHALLENGE_XERXES_ALT_CULTURE_VICTORY_MODERN_2_NAME">
			<Text>Geographic Society 2</Text>
		</Row>
		<Row Tag="LOC_METAPROGRESSION_CHALLENGE_XERXES_ALT_CULTURE_VICTORY_MODERN_2_DESC">
			<Text>As Xerxes, the Achaemenid, complete the Geographic Society Legacy Path twice.</Text>
		</Row>
		<Row Tag="LOC_METAPROGRESSION_CHALLENGE_XERXES_ALT_CULTURE_VICTORY_MODERN_3_NAME">
			<Text>Geographic Society 3</Text>
		</Row>
		<Row Tag="LOC_METAPROGRESSION_CHALLENGE_XERXES_ALT_CULTURE_VICTORY_MODERN_3_DESC">
			<Text>As Xerxes, the Achaemenid, complete the Geographic Society Legacy Path thrice.</Text>
		</Row>
		<Row Tag="LOC_METAPROGRESSION_CHALLENGE_XERXES_ALT_FLAWLESS_VICTORY_ANTIQUITY_NAME">
			<Text>Dual Legacies, Antiquity</Text>
		</Row>
		<Row Tag="LOC_METAPROGRESSION_CHALLENGE_XERXES_ALT_FLAWLESS_VICTORY_ANTIQUITY_DESC">
			<Text>As Xerxes, the Achaemenid, complete 2 Legacy Paths in a single Antiquity Age.</Text>
		</Row>
		<Row Tag="LOC_METAPROGRESSION_CHALLENGE_XERXES_ALT_FLAWLESS_VICTORY_EXPLORATION_NAME">
			<Text>Dual Legacies, Exploration</Text>
		</Row>
		<Row Tag="LOC_METAPROGRESSION_CHALLENGE_XERXES_ALT_FLAWLESS_VICTORY_EXPLORATION_DESC">
			<Text>As Xerxes, the Achaemenid, complete 2 Legacy Paths in a single Exploration Age.</Text>
		</Row>
		<Row Tag="LOC_METAPROGRESSION_CHALLENGE_XERXES_ALT_FLAWLESS_VICTORY_MODERN_NAME">
			<Text>Dual Legacies, Modern</Text>
		</Row>
		<Row Tag="LOC_METAPROGRESSION_CHALLENGE_XERXES_ALT_FLAWLESS_VICTORY_MODERN_DESC">
			<Text>As Xerxes, the Achaemenid, complete 2 Legacy Paths in a single Modern Age.</Text>
		</Row>
		<Row Tag="LOC_METAPROGRESSION_CHALLENGE_XERXES_ALT_QUEST_A_ANTIQUITY_NAME">
			<Text>Axis Mundi</Text>
		</Row>
		<Row Tag="LOC_METAPROGRESSION_CHALLENGE_XERXES_ALT_QUEST_A_ANTIQUITY_DESC">
			<Text>As Xerxes, the Achaemenid, in Antiquity, complete a quest to spread authority through trade.</Text>
		</Row>
		<Row Tag="LOC_METAPROGRESSION_CHALLENGE_XERXES_ALT_QUEST_B_ANTIQUITY_NAME">
			<Text>Ahura Mazda</Text>
		</Row>
		<Row Tag="LOC_METAPROGRESSION_CHALLENGE_XERXES_ALT_QUEST_B_ANTIQUITY_DESC">
			<Text>As Xerxes, the Achaemenid, in Antiquity, complete a quest to ignite the fires of war.</Text>
		</Row>
		<Row Tag="LOC_METAPROGRESSION_CHALLENGE_XERXES_ALT_QUEST_A_EXPLORATION_NAME">
			<Text>Rules of the Court</Text>
		</Row>
		<Row Tag="LOC_METAPROGRESSION_CHALLENGE_XERXES_ALT_QUEST_A_EXPLORATION_DESC">
			<Text>As Xerxes, the Achaemenid, in Exploration, complete a quest to inspire a new career in far-off lands.</Text>
		</Row>
		<Row Tag="LOC_METAPROGRESSION_CHALLENGE_XERXES_ALT_QUEST_B_EXPLORATION_NAME">
			<Text>Flames of War</Text>
		</Row>
		<Row Tag="LOC_METAPROGRESSION_CHALLENGE_XERXES_ALT_QUEST_B_EXPLORATION_DESC">
			<Text>As Xerxes, the Achaemenid, in Exploration, complete a quest to spread the flame of Ahura Mazda.</Text>
		</Row>
		<Row Tag="LOC_METAPROGRESSION_CHALLENGE_XERXES_ALT_QUEST_A_MODERN_NAME">
			<Text>The Order of the Universe</Text>
		</Row>
		<Row Tag="LOC_METAPROGRESSION_CHALLENGE_XERXES_ALT_QUEST_A_MODERN_DESC">
			<Text>As Xerxes, the Achaemenid, in Modern, complete a quest to command history.</Text>
		</Row>
		<Row Tag="LOC_METAPROGRESSION_CHALLENGE_XERXES_ALT_QUEST_B_MODERN_NAME">
			<Text>A New Order</Text>
		</Row>
		<Row Tag="LOC_METAPROGRESSION_CHALLENGE_XERXES_ALT_QUEST_B_MODERN_DESC">
			<Text>As Xerxes, the Achaemenid, in Modern, complete a quest to topple empires.</Text>
		</Row>
	</EnglishText>
</Database>
<!-- !! DO NOT EDIT THIS FILE !! -->
<!-- This file was automatically generated via the metaprogression generation workflow. -->