<?xml version="1.0" encoding="utf-8"?>
<Database>
	<EnglishText>
		<Row Tag="LOC_BADGE_FRIEDRICH_BAROQUE_NAME">
			<Text>Friedrich, Baroque Badge 1</Text>
		</Row>
		<Row Tag="LOC_BADGE_FRIEDRICH_BAROQUE_P_NAME">
			<Text>Friedrich, Baroque Badge 2</Text>
		</Row>
		<Row Tag="LOC_BANNER_FRIEDRICH_BAROQUE_NAME">
			<Text>Friedrich, Baroque Banner</Text>
		</Row>
		<Row Tag="LOC_TITLE_FRIEDRICH_BAROQUE_NAME">
			<Text>Without Worries</Text>
		</Row>
		<Row Tag="LOC_STRATEGYCARD_FRIEDRICH_BAROQUE_EXPLORATION_1_NAME">
			<Text>Exploration Cultural Legacy Card</Text>
		</Row>
		<Row Tag="LOC_STRATEGYCARD_FRIEDRICH_BAROQUE_EXPLORATION_1_DESCRIPTION">
			<Text>As Friedrich, access a new Exploration Legacy Card:[n]
				+15% Culture, -10% Science</Text>
		</Row>
		<Row Tag="LOC_STRATEGYCARD_FRIEDRICH_BAROQUE_EXPLORATION_2_NAME">
			<Text>Exploration Militaristic Legacy Card</Text>
		</Row>
		<Row Tag="LOC_STRATEGYCARD_FRIEDRICH_BAROQUE_EXPLORATION_2_DESCRIPTION">
			<Text>As Friedrich, access a new Exploration Legacy Card:[n]
				+3 Combat Strength towards Naval Units, -10% Influence</Text>
		</Row>
		<Row Tag="LOC_STRATEGYCARD_FRIEDRICH_BAROQUE_MODERN_1_NAME">
			<Text>Modern Cultural Legacy Card</Text>
		</Row>
		<Row Tag="LOC_STRATEGYCARD_FRIEDRICH_BAROQUE_MODERN_1_DESCRIPTION">
			<Text>As Friedrich, access a new Modern Legacy Card:[n]
				+15% Culture, -10% Science</Text>
		</Row>
		<Row Tag="LOC_STRATEGYCARD_FRIEDRICH_BAROQUE_MODERN_2_NAME">
			<Text>Modern Militaristic Legacy Card</Text>
		</Row>
		<Row Tag="LOC_STRATEGYCARD_FRIEDRICH_BAROQUE_MODERN_2_DESCRIPTION">
			<Text>As Friedrich, access a new Modern Legacy Card:[n]
				+3 Combat Strength towards Air Units, -10% Influence</Text>
		</Row>
		<Row Tag="LOC_ATTRIBUTENODE_FRIEDRICH_BAROQUE_L1_NAME">
			<Text>Cultural Attribute Node</Text>
		</Row>
		<Row Tag="LOC_ATTRIBUTENODE_FRIEDRICH_BAROQUE_L1_DESCRIPTION">
			<Text>+15% Production towards constructing Buildings and Wonders with Great Works slots.</Text>
		</Row>
		<Row Tag="LOC_ATTRIBUTENODE_FRIEDRICH_BAROQUE_L2_NAME">
			<Text>Militaristic Attribute Node</Text>
		</Row>
		<Row Tag="LOC_ATTRIBUTENODE_FRIEDRICH_BAROQUE_L2_DESCRIPTION">
			<Text>+5 Combat Strength for all Units against Districts.</Text>
		</Row>

		<Row Tag="LOC_BADGE_XERXES_ACHAEMENID_NAME">
			<Text>Xerxes, the Achaemenid Badge 1</Text>
		</Row>
		<Row Tag="LOC_BADGE_XERXES_ACHAEMENID_P_NAME">
			<Text>Xerxes, the Achaemenid Badge 2</Text>
		</Row>
		<Row Tag="LOC_TITLE_XERXES_ACHAEMENID_NAME">
			<Text>Shāh of the Silk Road</Text>
		</Row>
		<Row Tag="LOC_BANNER_XERXES_ACHAEMENID_NAME">
			<Text>Xerxes, the Achaemenid Banner</Text>
		</Row>
		<Row Tag="LOC_STRATEGYCARD_XERXES_ACHAEMENID_EXPLORATION_1_NAME">
			<Text>Exploration Cultural Legacy Card</Text>
		</Row>
		<Row Tag="LOC_STRATEGYCARD_XERXES_ACHAEMENID_EXPLORATION_1_DESCRIPTION">
			<Text>As Xerxes, access a new Exploration Legacy Card:[n]
				+15% Culture, -10% Science</Text>
		</Row>
		<Row Tag="LOC_STRATEGYCARD_XERXES_ACHAEMENID_EXPLORATION_2_NAME">
			<Text>Exploration Economic Legacy Card</Text>
		</Row>
		<Row Tag="LOC_STRATEGYCARD_XERXES_ACHAEMENID_EXPLORATION_2_DESCRIPTION">
			<Text>As Xerxes, access a new Exploration Legacy Card:[n]
				+15% Gold, -10% Food</Text>
		</Row>
		<Row Tag="LOC_STRATEGYCARD_XERXES_ACHAEMENID_MODERN_1_NAME">
			<Text>Modern Cultural Legacy Card</Text>
		</Row>
		<Row Tag="LOC_STRATEGYCARD_XERXES_ACHAEMENID_MODERN_1_DESCRIPTION">
			<Text>As Xerxes, access a new Modern Legacy Card:[n]
				+15% Culture, -10% Science</Text>
		</Row>
		<Row Tag="LOC_STRATEGYCARD_XERXES_ACHAEMENID_MODERN_2_NAME">
			<Text>Modern Economic Legacy Card</Text>
		</Row>
		<Row Tag="LOC_STRATEGYCARD_XERXES_ACHAEMENID_MODERN_2_DESCRIPTION">
			<Text>As Xerxes, access a new Modern Legacy Card:[n]
				+15% Gold, -10% Food</Text>
		</Row>
		<Row Tag="LOC_ATTRIBUTENODE_XERXES_ACHAEMENID_L1_NAME">
			<Text>Cultural Attribute Node</Text>
		</Row>
		<Row Tag="LOC_ATTRIBUTENODE_XERXES_ACHAEMENID_L1_DESCRIPTION">
			<Text>+15% Production towards constructing Buildings and Wonders with Great Works slots.</Text>
		</Row>
		<Row Tag="LOC_ATTRIBUTENODE_XERXES_ACHAEMENID_L2_NAME">
			<Text>Economic Attribute Node</Text>
		</Row>
		<Row Tag="LOC_ATTRIBUTENODE_XERXES_ACHAEMENID_L2_DESCRIPTION">
			<Text>+25% Gold from Trade and Treasure Convoys.</Text>
		</Row>

	</EnglishText>
</Database>