<?xml version="1.0" encoding="utf-8"?>
<Database>
	<MetaprogressionModifiers>
		<Row ModifierId="CHALLENGE_BOLIVAR_MILITARY_VICTORY_ANTIQUITY_PROGRESS" RequiredLeaderType="LEADER_BOLIVAR" />
		<Row ModifierId="CHALLENGE_BOLIVAR_MILITARY_VICTORY_EXPLORATION_PROGRESS" RequiredLeaderType="LEADER_BOLIVAR" />
		<Row ModifierId="CHALLENGE_BOLIVAR_MILITARY_VICTORY_MODERN_PROGRESS" RequiredLeaderType="LEADER_BOLIVAR" />
		<Row ModifierId="CHALLENGE_BOLIVAR_ECONOMIC_VICTORY_ANTIQUITY_PROGRESS" RequiredLeaderType="LEADER_BOLIVAR" />
		<Row ModifierId="CHALLENGE_BOLIVAR_ECONOMIC_VICTORY_EXPLORATION_PROGRESS" RequiredLeaderType="LEADER_BOLIVAR" />
		<Row ModifierId="CHALLENGE_BOLIVAR_ECONOMIC_VICTORY_MODERN_PROGRESS" RequiredLeaderType="LEADER_BOLIVAR" />
		<Row ModifierId="CHALLENGE_BOLIVAR_SCIENCE_VICTORY_ANTIQUITY_COMPLETE" RequiredLeaderType="LEADER_BOLIVAR" />
		<Row ModifierId="CHALLENGE_BOLIVAR_SCIENCE_VICTORY_EXPLORATION_COMPLETE" RequiredLeaderType="LEADER_BOLIVAR" />
		<Row ModifierId="CHALLENGE_BOLIVAR_SCIENCE_VICTORY_MODERN_COMPLETE" RequiredLeaderType="LEADER_BOLIVAR" />
		<Row ModifierId="CHALLENGE_BOLIVAR_CULTURE_VICTORY_ANTIQUITY_COMPLETE" RequiredLeaderType="LEADER_BOLIVAR" />
		<Row ModifierId="CHALLENGE_BOLIVAR_CULTURE_VICTORY_EXPLORATION_COMPLETE" RequiredLeaderType="LEADER_BOLIVAR" />
		<Row ModifierId="CHALLENGE_BOLIVAR_CULTURE_VICTORY_MODERN_COMPLETE" RequiredLeaderType="LEADER_BOLIVAR" />
		<Row ModifierId="CHALLENGE_BOLIVAR_FLAWLESS_VICTORY_ANTIQUITY_COMPLETE" RequiredLeaderType="LEADER_BOLIVAR" />
		<Row ModifierId="CHALLENGE_BOLIVAR_FLAWLESS_VICTORY_EXPLORATION_COMPLETE" RequiredLeaderType="LEADER_BOLIVAR" />
		<Row ModifierId="CHALLENGE_BOLIVAR_FLAWLESS_VICTORY_MODERN_COMPLETE" RequiredLeaderType="LEADER_BOLIVAR" />
		<Row ModifierId="CHALLENGE_BOLIVAR_QUEST_A_ANTIQUITY_ACHIEVED" RequiredLeaderType="LEADER_BOLIVAR" />
		<Row ModifierId="CHALLENGE_BOLIVAR_QUEST_B_ANTIQUITY_ACHIEVED" RequiredLeaderType="LEADER_BOLIVAR" />
		<Row ModifierId="CHALLENGE_BOLIVAR_QUEST_A_EXPLORATION_ACHIEVED" RequiredLeaderType="LEADER_BOLIVAR" />
		<Row ModifierId="CHALLENGE_BOLIVAR_QUEST_B_EXPLORATION_ACHIEVED" RequiredLeaderType="LEADER_BOLIVAR" />
		<Row ModifierId="CHALLENGE_BOLIVAR_QUEST_A_MODERN_ACHIEVED" RequiredLeaderType="LEADER_BOLIVAR" />
		<Row ModifierId="CHALLENGE_BOLIVAR_QUEST_B_MODERN_ACHIEVED" RequiredLeaderType="LEADER_BOLIVAR" />
		<Row ModifierId="CHALLENGE_BOLIVAR_UNLOCKED_STRATEGYCARDS_EXPLORATION_ACHIEVED" RequiredLeaderType="LEADER_BOLIVAR" />
		<Row ModifierId="CHALLENGE_BOLIVAR_UNLOCKED_STRATEGYCARDS_MODERN_ACHIEVED" RequiredLeaderType="LEADER_BOLIVAR" />
	</MetaprogressionModifiers>
</Database>