<?xml version="1.0" encoding="utf-8"?>
<GameEffects xmlns="GameEffects">
    <Modifier id="10030B_NARRATIVE_MODIFIER" collection="COLLECTION_PLAYER_CITIES" effect="EFFECT_CITY_ADJUST_CONSTRUCTIBLE_YIELD" run-once="false" permanent="true">
        <Argument name="YieldType">YIELD_SCIENCE</Argument>
        <Argument name="Amount" type="ScaleByGameAge" extra="100">1</Argument>
        <Argument name="Tag">MILITARY</Argument>
    </Modifier>
    <Modifier id="10030C_NARRATIVE_MODIFIER" collection="COLLECTION_PLAYER_CITIES" effect="EFFECT_CITY_ADJUST_CONSTRUCTIBLE_YIELD" run-once="false" permanent="true">
        <Argument name="YieldType">YIELD_CULTURE</Argument>
        <Argument name="Amount" type="ScaleByGameAge" extra="100">1</Argument>
        <Argument name="Tag">MILITARY</Argument>
    </Modifier>
    <Modifier id="10031B_NARRATIVE_MODIFIER" collection="COLLECTION_PLAYER_CAPITAL_CITY" effect="EFFECT_CITY_ADJUST_YIELD" run-once="false" permanent="true">
        <Argument name="YieldType">YIELD_DIPLOMACY</Argument>
        <Argument name="Amount">1</Argument>
    </Modifier>
    <Modifier id="10031C_NARRATIVE_MODIFIER" collection="COLLECTION_PLAYER_CAPITAL_CITY" effect="EFFECT_CITY_ADJUST_YIELD" run-once="false" permanent="true">
        <Argument name="YieldType">YIELD_PRODUCTION</Argument>
        <Argument name="Amount" type="ScaleByGameAge" extra="100">1</Argument>
    </Modifier>
    <Modifier id="10032B_NARRATIVE_MODIFIER" collection="COLLECTION_PLAYER_CAPITAL_CITY" effect="EFFECT_CITY_GRANT_UNIT" run-once="false" permanent="true">
        <Argument name="UnitType">UNIT_MIGRANT</Argument>
        <Argument name="Amount">1</Argument>
    </Modifier>
    <Modifier id="10032C_NARRATIVE_MODIFIER" collection="COLLECTION_OWNER" effect="EFFECT_DIPLOMACY_ADJUST_DIPLOMATIC_ACTION_TOKEN_BONUS" run-once="false" permanent="true">
        <Argument name="ActionType">DIPLOMACY_ACTION_DECLARE_WAR</Argument>
        <Argument name="Amount">1</Argument>
    </Modifier>
    <Modifier id="10033B_NARRATIVE_MODIFIER" collection="COLLECTION_PLAYER_CITIES" effect="EFFECT_CITY_ADJUST_UNIT_PRODUCTION" run-once="false" permanent="true">
        <Argument name="Percent">10</Argument>
        <Argument name="UnitCoreClass">CORE_CLASS_MILITARY</Argument>
    </Modifier>
    <Modifier id="10033C_NARRATIVE_MODIFIER" collection="COLLECTION_PLAYER_CITIES" effect="EFFECT_CITY_ADJUST_UNIT_PRODUCTION" run-once="false" permanent="true">
        <Argument name="Percent">10</Argument>
        <Argument name="UnitCoreClass">CORE_CLASS_SUPPORT</Argument>
    </Modifier>
    <Modifier id="10033C_NARRATIVE_MODIFIER2" collection="COLLECTION_PLAYER_CITIES" effect="EFFECT_CITY_ADJUST_UNIT_PRODUCTION" run-once="false" permanent="true">
        <Argument name="Percent">10</Argument>
        <Argument name="UnitCoreClass">CORE_CLASS_CIVILIAN</Argument>
    </Modifier>
    <Modifier id="LEADER_CHAIN_1220B_NARRATIVE_MODIFIER" collection="COLLECTION_PLAYER_CITIES" effect="EFFECT_CITY_ADJUST_CONSTRUCTIBLE_YIELD" run-once="false" permanent="true">
        <Argument name="YieldType">YIELD_CULTURE</Argument>
        <Argument name="Amount" type="ScaleByGameAge" extra="100">1</Argument>
        <Argument name="ConstructibleType">BUILDING_GRANARY</Argument>
    </Modifier>
    <Modifier id="LEADER_CHAIN_1220C_NARRATIVE_MODIFIER" collection="COLLECTION_PLAYER_CITIES" effect="EFFECT_CITY_ADJUST_UNIT_PRODUCTION" run-once="false" permanent="true">
        <Argument name="Percent">10</Argument>
        <Argument name="UnitCoreClass">CORE_CLASS_MILITARY</Argument>
    </Modifier>
    <Modifier id="LEADER_CHAIN_1220D_NARRATIVE_MODIFIER" collection="COLLECTION_PLAYER_CAPITAL_CITY" effect="EFFECT_CITY_ADJUST_YIELD" run-once="false" permanent="true">
        <Argument name="YieldType">YIELD_FOOD</Argument>
        <Argument name="Amount" type="ScaleByGameAge" extra="100">1</Argument>
    </Modifier>
    <Modifier id="LEADER_CHAIN_1221B_NARRATIVE_MODIFIER" collection="COLLECTION_OWNER" effect="EFFECT_PLAYER_ATTRIBUTE" run-once="false" permanent="true">
        <Argument name="AttributeType">ATTRIBUTE_EXPANSIONIST</Argument>
        <Argument name="Amount">1</Argument>
    </Modifier>
    <Modifier id="LEADER_CHAIN_1221C_NARRATIVE_MODIFIER" collection="COLLECTION_OWNER" effect="EFFECT_PLAYER_GRANT_YIELD_NARRATIVE" run-once="false" permanent="true">
        <Argument name="YieldType">YIELD_GOLD</Argument>
        <Argument name="MultiplierType">REWARD_TYPE_MINOR_LATE</Argument>
    </Modifier>
    <Modifier id="LEADER_CHAIN_1222B_NARRATIVE_MODIFIER" collection="COLLECTION_OWNER" effect="EFFECT_PLAYER_ATTRIBUTE" run-once="false" permanent="true">
        <Argument name="AttributeType">ATTRIBUTE_MILITARISTIC</Argument>
        <Argument name="Amount">1</Argument>
    </Modifier>
    <Modifier id="LEADER_CHAIN_1222C_NARRATIVE_MODIFIER" collection="COLLECTION_OWNER" effect="EFFECT_PLAYER_GRANT_YIELD_NARRATIVE" run-once="false" permanent="true">
        <Argument name="YieldType">YIELD_DIPLOMACY</Argument>
        <Argument name="MultiplierType">REWARD_TYPE_MINOR_LATE</Argument>
    </Modifier>
    <Modifier id="LEADER_CHAIN_1220B_NARRATIVE_MODIFIER2" collection="COLLECTION_OWNER" effect="EFFECT_PLAYER_GRANT_NARRATIVE_TAG" run-once="false" permanent="true">
        <Argument name="Amount">1</Argument>
        <Argument name="NarrativeTagType">NARRATIVE_TAG_LEADER_CHAIN_A</Argument>
    </Modifier>
    <Modifier id="LEADER_CHAIN_1220C_NARRATIVE_MODIFIER2" collection="COLLECTION_OWNER" effect="EFFECT_PLAYER_GRANT_NARRATIVE_TAG" run-once="false" permanent="true">
        <Argument name="Amount">1</Argument>
        <Argument name="NarrativeTagType">NARRATIVE_TAG_LEADER_CHAIN_B</Argument>
    </Modifier>
    <Modifier id="LEADER_CHAIN_1221B_NARRATIVE_MODIFIER2" collection="COLLECTION_OWNER" effect="EFFECT_PLAYER_GRANT_NARRATIVE_TAG" run-once="false" permanent="true">
        <Argument name="Amount">1</Argument>
        <Argument name="NarrativeTagType">NARRATIVE_TAG_LEADER_CHAIN_A</Argument>
    </Modifier>
    <Modifier id="LEADER_CHAIN_1222B_NARRATIVE_MODIFIER2" collection="COLLECTION_OWNER" effect="EFFECT_PLAYER_GRANT_NARRATIVE_TAG" run-once="false" permanent="true">
        <Argument name="Amount">1</Argument>
        <Argument name="NarrativeTagType">NARRATIVE_TAG_LEADER_CHAIN_B</Argument>
    </Modifier>
    <RequirementSet id="REQSET_10030A_NARRATIVE_REQUISITE">
        <Requirement xref="REQ_STORY_LEADER_BOLIVAR"/>
    </RequirementSet>
    <RequirementSet id="REQSET_10031A_NARRATIVE_REQUISITE">
        <Requirement xref="REQ_STORY_LEADER_BOLIVAR"/>
    </RequirementSet>
    <RequirementSet id="REQSET_10033A_NARRATIVE_REQUISITE">
        <Requirement xref="REQ_STORY_LEADER_BOLIVAR"/>
    </RequirementSet>
    <RequirementSet id="REQSET_LEADER_CHAIN_1220A_NARRATIVE_REQUISITE">
        <Requirement xref="REQ_STORY_LEADER_BOLIVAR_ONLY"/>
    </RequirementSet>
    <RequirementSet id="REQSET_LEADER_CHAIN_1221A_NARRATIVE_REQUISITE">
        <Requirement xref="REQ_STORY_LEADER_BOLIVAR_ONLY"/>
    </RequirementSet>
    <RequirementSet id="REQSET_LEADER_CHAIN_1222A_NARRATIVE_REQUISITE">
        <Requirement xref="REQ_STORY_LEADER_BOLIVAR_ONLY"/>
    </RequirementSet>
    <RequirementSet id="REQSET_10030A_NARRATIVE">
        <Requirement xref="REQ_STORY_LEADER_BOLIVAR"/>
        <Requirement type="REQUIREMENT_PLAYER_HAS_AT_LEAST_NUM_GOSSIPS">
            <Argument name="GossipTypes">GOSSIP_CONSTRUCT_BUILDING01,GOSSIP_PLACED_WORKER02</Argument>
            <Argument name="GOSSIP_CONSTRUCT_BUILDING01">Hash,ConstructibleType,BUILDING_LIBRARY</Argument>
            <Argument name="Distance">0</Argument>
            <Argument name="Amount">2</Argument>
        </Requirement>
    </RequirementSet>
    <RequirementSet id="REQSET_10031A_NARRATIVE">
        <Requirement xref="REQ_STORY_LEADER_BOLIVAR"/>
        <Requirement type="REQUIREMENT_PLAYER_HAS_AT_LEAST_NUM_GOSSIPS">
            <Argument name="GossipTypes">GOSSIP_PLAYERS_MEET01</Argument>
            <Argument name="GOSSIP_PLAYERS_MEET01">Hash,Leader,LEADER_NAPOLEON</Argument>
        </Requirement>
    </RequirementSet>
    <RequirementSet id="REQSET_10032A_NARRATIVE">
        <Requirement xref="REQ_STORY_LEADER_BOLIVAR"/>
        <Requirement type="REQUIREMENT_PLAYER_HAS_AT_LEAST_NUM_GOSSIPS">
            <Argument name="GossipTypes">GOSSIP_CONQUER_CITY01</Argument>
            <Argument name="GOSSIP_CONQUER_CITY01">Hash,Leader,LEADER_NAPOLEON</Argument>
        </Requirement>
    </RequirementSet>
    <RequirementSet id="REQSET_10033A_NARRATIVE">
        <Requirement xref="REQ_STORY_LEADER_BOLIVAR"/>
        <Requirement type="REQUIREMENT_PLAYER_HAS_COMPLETED_PROGRESSION_TREE_NODE" inverse="true">
            <Argument name="ProgressionTreeNodeType">NODE_TECH_AQ_MILITARY_TRAINING</Argument>
            <Argument name="MinDepth">1</Argument>
        </Requirement>
        <Requirement type="REQUIREMENT_COLLECTION_ANY_MET">
            <Argument name="CollectionType">COLLECTION_PLAYER_UNITS</Argument>
            <Argument name="RequirementSetId">SUBREQSET_10033A_NARRATIVE</Argument>
        </Requirement>
    </RequirementSet>
    <RequirementSet id="SUBREQSET_10033A_NARRATIVE">
        <Requirement type="REQUIREMENT_COMMANDER_HAS_X_PROMOTIONS">
            <Argument name="Amount">1</Argument>
            <Argument name="CommendationsOnly">True</Argument>
        </Requirement>
    </RequirementSet>
    <RequirementSet id="REQSET_LEADER_CHAIN_1220A_NARRATIVE">
        <Requirement type="REQUIREMENT_PLAYER_HAS_COMPLETED_PROGRESSION_TREE_NODE">
            <Argument name="ProgressionTreeNodeType">NODE_TECH_AQ_IRRIGATION</Argument>
            <Argument name="MinDepth">1</Argument>
        </Requirement>
        <Requirement type="REQUIREMENT_PLAYER_HAS_COMPLETED_PROGRESSION_TREE_NODE">
            <Argument name="ProgressionTreeNodeType">NODE_TECH_AQ_MASONRY</Argument>
            <Argument name="MinDepth">1</Argument>
        </Requirement>
    </RequirementSet>
    <RequirementSet id="REQSET_LEADER_CHAIN_1220B_NARRATIVE">
        <Requirement type="REQUIREMENT_PLAYER_HAS_AT_LEAST_NUM_GOSSIPS">
            <Argument name="GossipTypes">GOSSIP_FOUND_CITY01</Argument>
            <Argument name="AfterInit">True</Argument>
            <Argument name="DuplicateCount">2</Argument>
        </Requirement>
    </RequirementSet>
    <RequirementSet id="REQSET_LEADER_CHAIN_1220C_NARRATIVE">
        <Requirement type="REQUIREMENT_PLAYER_HAS_AT_LEAST_NUM_GOSSIPS">
            <Argument name="GossipTypes">GOSSIP_CONSTRUCT_BUILDING01</Argument>
            <Argument name="GOSSIP_CONSTRUCT_BUILDING01">Hash,ConstructibleType,BUILDING_ANCIENT_WALLS</Argument>
            <Argument name="AfterInit">True</Argument>
            <Argument name="DuplicateCount">4</Argument>
        </Requirement>
    </RequirementSet>
    <RequirementSet id="REQSET_LEADER_CHAIN_1221A_NARRATIVE">
        <Requirement type="REQUIREMENT_PLAYER_HAS_AT_LEAST_NUM_NARRATIVE_TAGS">
            <Argument name="NarrativeTagType">NARRATIVE_TAG_LEADER_CHAIN_A</Argument>
            <Argument name="Amount">1</Argument>
        </Requirement>
        <Requirement type="REQUIREMENT_PLAYER_HAS_AT_LEAST_NUM_GOSSIPS">
            <Argument name="GossipTypes">GOSSIP_TRADE_ROUTE_STARTED01</Argument>
            <Argument name="GOSSIP_TRADE_ROUTE_STARTED01">Hash,OtherPlayer,Other</Argument>
        </Requirement>
    </RequirementSet>
    <RequirementSet id="REQSET_LEADER_CHAIN_1221B_NARRATIVE">
        <Requirement type="REQUIREMENT_PLAYER_HAS_SETTLEMENTS_WITH_POPULATION">
            <Argument name="Amount">1</Argument>
            <Argument name="RuralPopulation">10</Argument>
        </Requirement>
    </RequirementSet>
    <RequirementSet id="REQSET_LEADER_CHAIN_1222A_NARRATIVE">
        <Requirement type="REQUIREMENT_PLAYER_HAS_AT_LEAST_NUM_NARRATIVE_TAGS">
            <Argument name="NarrativeTagType">NARRATIVE_TAG_LEADER_CHAIN_B</Argument>
            <Argument name="Amount">1</Argument>
        </Requirement>
        <Requirement type="REQUIREMENT_PLAYER_HAS_AT_LEAST_NUM_GOSSIPS">
            <Argument name="GossipTypes">GOSSIP_UNIT_COMBAT_DEATH01</Argument>
            <Argument name="GOSSIP_UNIT_COMBAT_DEATH01">Hash,OtherPlayer,Self</Argument>
            <Argument name="DuplicateCount">8</Argument>
        </Requirement>
    </RequirementSet>
    <RequirementSet id="REQSET_LEADER_CHAIN_1222B_NARRATIVE">
        <Requirement type="REQUIREMENT_PLAYER_HAS_AT_LEAST_NUM_GOSSIPS">
            <Argument name="GossipTypes">GOSSIP_CONQUER_CITY01</Argument>
            <Argument name="GOSSIP_CONQUER_CITY01">Hash,OtherPlayer,Other</Argument>
            <Argument name="AfterInit">True</Argument>
        </Requirement>
    </RequirementSet>
</GameEffects>
