<?xml version="1.0" encoding="utf-8"?>
<Database>
	<EnglishText>
		<Row Tag="LOC_CITIZEN_BULGARIA_MALE_1">
			<Text>Boris</Text>
		</Row>
		<Row Tag="LOC_CITIZEN_BULGARIA_MALE_2">
			<Text>Asparuch</Text>
		</Row>
		<Row Tag="LOC_CITIZEN_BULGARIA_MALE_3">
			<Text>Radislav</Text>
		</Row>
		<Row Tag="LOC_CITIZEN_BULGARIA_MALE_4">
			<Text>Ivan</Text>
		</Row>
		<Row Tag="LOC_CITIZEN_BULGARIA_MALE_5">
			<Text>Bezmer</Text>
		</Row>
		<Row Tag="LOC_CITIZEN_BULGARIA_MALE_6">
			<Text>Tervel</Text>
		</Row>
		<Row Tag="LOC_CITIZEN_BULGARIA_MALE_7">
			<Text>Kaloyan</Text>
		</Row>
		<Row Tag="LOC_CITIZEN_BULGARIA_MALE_8">
			<Text>Ivailo</Text>
		</Row>
		<Row Tag="LOC_CITIZEN_BULGARIA_MALE_9">
			<Text>Peter</Text>
		</Row>
		<Row Tag="LOC_CITIZEN_BULGARIA_MALE_10">
			<Text>Radivoi</Text>
		</Row>
		<Row Tag="LOC_CITIZEN_BULGARIA_FEMALE_1">
			<Text>Anna</Text>
		</Row>
		<Row Tag="LOC_CITIZEN_BULGARIA_FEMALE_2">
			<Text>Desislava</Text>
		</Row>
		<Row Tag="LOC_CITIZEN_BULGARIA_FEMALE_3">
			<Text>Keratsa</Text>
		</Row>
		<Row Tag="LOC_CITIZEN_BULGARIA_FEMALE_4">
			<Text>Militsa</Text>
		</Row>
		<Row Tag="LOC_CITIZEN_BULGARIA_FEMALE_5">
			<Text>Ripsimia</Text>
		</Row>
		<Row Tag="LOC_CITIZEN_BULGARIA_FEMALE_6">
			<Text>Miroslava</Text>
		</Row>
		<Row Tag="LOC_CITIZEN_BULGARIA_FEMALE_7">
			<Text>Kosara</Text>
		</Row>
		<Row Tag="LOC_CITIZEN_BULGARIA_FEMALE_8">
			<Text>Maria</Text>
		</Row>
		<Row Tag="LOC_CITIZEN_BULGARIA_FEMALE_9">
			<Text>Beloslava</Text>
		</Row>
		<Row Tag="LOC_CITIZEN_BULGARIA_FEMALE_10">
			<Text>Smiltsena</Text>
		</Row>
	</EnglishText>
</Database>
