<?xml version="1.0" encoding="utf-8"?>
<Database>
	<EnglishText>
		<!--Civ Unique Improvements-->
		<Row Tag="LOC_IMPROVEMENT_HIDDEN_FORTRESS_NAME">
			<Text>Hidden Fortress</Text>
		</Row>
		<Row Tag="LOC_IMPROVEMENT_HIDDEN_FORTRESS_DESCRIPTION">
			<Text>+4[icon:YIELD_PRODUCTION] Production. Must be placed on an existing Improvement on Rough not adjacent to another Hidden Fortress. Units on this tile gain Stealth. Bulgarian Unique Improvement. Counts as Fortification, +6 Combat Strength when defending.  Ageless. Does not remove Warehouse bonuses on a tile.</Text>
		</Row>
		<Row Tag="LOC_IMPROVEMENT_HIDDEN_FORTRESS_TOOLTIP">
			<Text>Must be placed on an existing Improvement on Rough not adjacent to another Hidden Fortress. Units on this tile gain Stealth. Bulgarian Unique Improvement. Counts as Fortification, +6 Combat Strength when defending.  Ageless. Does not remove Warehouse bonuses on a tile.</Text>
		</Row>
		<!--Wonders-->
		<Row Tag="LOC_WONDER_RILA_MONASTERY_NAME">
			<Text>Rila Monastery</Text>
		</Row>
		<Row Tag="LOC_WONDER_RILA_MONASTERY_DESCRIPTION">
			<Text>+4 [icon:YIELD_CULTURE] Culture. Has 3 Relic Slots. Receive a Relic every time you build a Wonder including this one. Cannot be placed adjacent to a District.</Text>
		</Row>
		<Row Tag="LOC_WONDER_RILA_MONASTERY_TOOLTIP">
			<Text>Has 3 Relic Slots. Receive a Relic every time you build a Wonder including this one. Cannot be placed adjacent to a District.</Text>
		</Row>
		<Row Tag="LOC_QUOTE_WONDER_RILA_MONASTERY">
			<Text>The hermit’s wealth lies not in silver or gold, but in perfect poverty, denial of will, and boundless humility.</Text>
		</Row>
		<Row Tag="LOC_QUOTE_AUTHOR_WONDER_RILA_MONASTERY">
			<Text>John of Rila</Text>
		</Row>
	</EnglishText>
</Database>