<?xml version="1.0" encoding="utf-8"?>
<!-- !! DO NOT EDIT THIS FILE !! -->
<!-- This file was automatically generated via the metaprogression generation workflow. -->
<Database>
    <EnglishText>
		<!-- Challenges -->
		<Row Tag="LOC_METAPROGRESSION_CHALLENGE_BULGARIA_LEGACY_PATH_MILITARISTIC_NAME">
			<Text>Bulgaria Legacy Path</Text>
		</Row>
		<Row Tag="LOC_METAPROGRESSION_CHALLENGE_BULGARIA_LEGACY_PATH_MILITARISTIC_DESC">
			<Text>As Bulgaria, complete a Militaristic Legacy Path</Text>
		</Row>
		<Row Tag="LOC_METAPROGRESSION_CHALLENGE_BULGARIA_COMPLETE_RILA_MONASTERY_NAME">
			<Text>Rila Monastery</Text>
		</Row>
		<Row Tag="LOC_METAPROGRESSION_CHALLENGE_BULGARIA_COMPLETE_RILA_MONASTERY_DESC">
			<Text>As Bulgaria, complete the Rila Monastery</Text>
		</Row>
	</EnglishText>
</Database>
<!-- !! DO NOT EDIT THIS FILE !! -->
<!-- This file was automatically generated via the metaprogression generation workflow. -->