<?xml version="1.0" encoding="utf-8"?>
<Database>
	<EnglishText>
		<!-- Bulgaria Unique Units -->
		<Row Tag="LOC_UNIT_BOYAR_NAME">
			<Text>Bolyar</Text>
		</Row>
		<Row Tag="LOC_UNIT_BOYAR_BASE_DESCRIPTION">
			<Text>Bulgarian Unique Cavalry Unit. Ignores Rough Terrain for movement and opposing unit’s combat. +3 Combat Strength when this unit is fighting on Rough Terrain. Ignore Zone of Control.</Text>
		</Row>
		<Row Tag="LOC_UNIT_BOYAR_DESCRIPTION">
			<Text>Tier 1 Bulgarian Unique Cavalry Unit. Ignores Rough Terrain for movement and opposing unit’s combat. +3 Combat Strength when this unit is fighting on Rough Terrain. Ignore Zone of Control.</Text>
		</Row>
		<Row Tag="LOC_UNIT_BOYAR_2_DESCRIPTION">
			<Text>Tier 2 Bulgarian Unique Cavalry Unit. Ignores Rough Terrain for movement and opposing unit’s combat. +3 Combat Strength when this unit is fighting on Rough Terrain. Ignore Zone of Control.</Text>
		</Row>
		<Row Tag="LOC_UNIT_BOYAR_3_DESCRIPTION">
			<Text>Tier 3 Bulgarian Unique Cavalry Unit. Ignores Rough Terrain for movement and opposing unit’s combat. +3 Combat Strength when this unit is fighting on Rough Terrain. Ignore Zone of Control.</Text>
		</Row>
		<Row Tag="LOC_ABILITY_BOYAR_PREVIEW">
			<Text>+{1_Amount} in Rough Terrain</Text>
		</Row>
		<Row Tag="LOC_UNIT_BALIK_NAME">
			<Text>Tarkhan</Text>
		</Row>
		<Row Tag="LOC_UNIT_BALIK_DESCRIPTION">
			<Text>Bulgarian Unique Army Commander. Has 3 Movement. Units in its command radius can pillage for 1 Movement.</Text>
		</Row>
	</EnglishText>
</Database>