<?xml version="1.0" encoding="utf-8"?>
<!-- !! DO NOT EDIT THIS FILE !! -->
<!-- This file was automatically generated via the metaprogression generation workflow. -->
<Database>
    <EnglishText>
		<!-- Challenges -->
		<Row Tag="LOC_METAPROGRESSION_CHALLENGE_ASHOKA_ALT_MILITARY_VICTORY_ANTIQUITY_NAME">
			<Text>Pax Imperatoria</Text>
		</Row>
		<Row Tag="LOC_METAPROGRESSION_CHALLENGE_ASHOKA_ALT_MILITARY_VICTORY_ANTIQUITY_DESC">
			<Text>As Ashoka, World Conqueror, complete the Pax Imperatoria Legacy Path.</Text>
		</Row>
		<Row Tag="LOC_METAPROGRESSION_CHALLENGE_ASHOKA_ALT_MILITARY_VICTORY_ANTIQUITY_2_NAME">
			<Text>Pax Imperatoria 2</Text>
		</Row>
		<Row Tag="LOC_METAPROGRESSION_CHALLENGE_ASHOKA_ALT_MILITARY_VICTORY_ANTIQUITY_2_DESC">
			<Text>As Ashoka, World Conqueror, complete the Pax Imperatoria Legacy Path twice.</Text>
		</Row>
		<Row Tag="LOC_METAPROGRESSION_CHALLENGE_ASHOKA_ALT_MILITARY_VICTORY_ANTIQUITY_3_NAME">
			<Text>Pax Imperatoria 3</Text>
		</Row>
		<Row Tag="LOC_METAPROGRESSION_CHALLENGE_ASHOKA_ALT_MILITARY_VICTORY_ANTIQUITY_3_DESC">
			<Text>As Ashoka, World Conqueror, complete the Pax Imperatoria Legacy Path thrice.</Text>
		</Row>
		<Row Tag="LOC_METAPROGRESSION_CHALLENGE_ASHOKA_ALT_ECONOMIC_VICTORY_ANTIQUITY_NAME">
			<Text>Silk Roads</Text>
		</Row>
		<Row Tag="LOC_METAPROGRESSION_CHALLENGE_ASHOKA_ALT_ECONOMIC_VICTORY_ANTIQUITY_DESC">
			<Text>As Ashoka, World Conqueror, complete the Silk Roads Legacy Path.</Text>
		</Row>
		<Row Tag="LOC_METAPROGRESSION_CHALLENGE_ASHOKA_ALT_ECONOMIC_VICTORY_ANTIQUITY_2_NAME">
			<Text>Silk Roads 2</Text>
		</Row>
		<Row Tag="LOC_METAPROGRESSION_CHALLENGE_ASHOKA_ALT_ECONOMIC_VICTORY_ANTIQUITY_2_DESC">
			<Text>As Ashoka, World Conqueror, complete the Silk Roads Legacy Path twice.</Text>
		</Row>
		<Row Tag="LOC_METAPROGRESSION_CHALLENGE_ASHOKA_ALT_ECONOMIC_VICTORY_ANTIQUITY_3_NAME">
			<Text>Silk Roads 3</Text>
		</Row>
		<Row Tag="LOC_METAPROGRESSION_CHALLENGE_ASHOKA_ALT_ECONOMIC_VICTORY_ANTIQUITY_3_DESC">
			<Text>As Ashoka, World Conqueror, complete the Silk Roads Legacy Path thrice.</Text>
		</Row>
		<Row Tag="LOC_METAPROGRESSION_CHALLENGE_ASHOKA_ALT_MILITARY_VICTORY_EXPLORATION_NAME">
			<Text>Non Sufficit Orbis</Text>
		</Row>
		<Row Tag="LOC_METAPROGRESSION_CHALLENGE_ASHOKA_ALT_MILITARY_VICTORY_EXPLORATION_DESC">
			<Text>As Ashoka, World Conqueror, complete the Non Sufficit Orbis Legacy Path.</Text>
		</Row>
		<Row Tag="LOC_METAPROGRESSION_CHALLENGE_ASHOKA_ALT_MILITARY_VICTORY_EXPLORATION_2_NAME">
			<Text>Non Sufficit Orbis 2</Text>
		</Row>
		<Row Tag="LOC_METAPROGRESSION_CHALLENGE_ASHOKA_ALT_MILITARY_VICTORY_EXPLORATION_2_DESC">
			<Text>As Ashoka, World Conqueror, complete the Non Sufficit Orbis Legacy Path twice.</Text>
		</Row>
		<Row Tag="LOC_METAPROGRESSION_CHALLENGE_ASHOKA_ALT_MILITARY_VICTORY_EXPLORATION_3_NAME">
			<Text>Non Sufficit Orbis 3</Text>
		</Row>
		<Row Tag="LOC_METAPROGRESSION_CHALLENGE_ASHOKA_ALT_MILITARY_VICTORY_EXPLORATION_3_DESC">
			<Text>As Ashoka, World Conqueror, complete the Non Sufficit Orbis Legacy Path thrice.</Text>
		</Row>
		<Row Tag="LOC_METAPROGRESSION_CHALLENGE_ASHOKA_ALT_ECONOMIC_VICTORY_EXPLORATION_NAME">
			<Text>Treasure Fleet</Text>
		</Row>
		<Row Tag="LOC_METAPROGRESSION_CHALLENGE_ASHOKA_ALT_ECONOMIC_VICTORY_EXPLORATION_DESC">
			<Text>As Ashoka, World Conqueror, complete the Treasure Fleet Legacy Path.</Text>
		</Row>
		<Row Tag="LOC_METAPROGRESSION_CHALLENGE_ASHOKA_ALT_ECONOMIC_VICTORY_EXPLORATION_2_NAME">
			<Text>Treasure Fleet 2</Text>
		</Row>
		<Row Tag="LOC_METAPROGRESSION_CHALLENGE_ASHOKA_ALT_ECONOMIC_VICTORY_EXPLORATION_2_DESC">
			<Text>As Ashoka, World Conqueror, complete the Treasure Fleet Legacy Path twice.</Text>
		</Row>
		<Row Tag="LOC_METAPROGRESSION_CHALLENGE_ASHOKA_ALT_ECONOMIC_VICTORY_EXPLORATION_3_NAME">
			<Text>Treasure Fleet 3</Text>
		</Row>
		<Row Tag="LOC_METAPROGRESSION_CHALLENGE_ASHOKA_ALT_ECONOMIC_VICTORY_EXPLORATION_3_DESC">
			<Text>As Ashoka, World Conqueror, complete the Treasure Fleet Legacy Path thrice.</Text>
		</Row>
		<Row Tag="LOC_METAPROGRESSION_CHALLENGE_ASHOKA_ALT_MILITARY_VICTORY_MODERN_NAME">
			<Text>Ideology</Text>
		</Row>
		<Row Tag="LOC_METAPROGRESSION_CHALLENGE_ASHOKA_ALT_MILITARY_VICTORY_MODERN_DESC">
			<Text>As Ashoka, World Conqueror, complete the Ideology Legacy Path.</Text>
		</Row>
		<Row Tag="LOC_METAPROGRESSION_CHALLENGE_ASHOKA_ALT_MILITARY_VICTORY_MODERN_2_NAME">
			<Text>Ideology 2</Text>
		</Row>
		<Row Tag="LOC_METAPROGRESSION_CHALLENGE_ASHOKA_ALT_MILITARY_VICTORY_MODERN_2_DESC">
			<Text>As Ashoka, World Conqueror, complete the Ideology Legacy Path twice.</Text>
		</Row>
		<Row Tag="LOC_METAPROGRESSION_CHALLENGE_ASHOKA_ALT_MILITARY_VICTORY_MODERN_3_NAME">
			<Text>Ideology 3</Text>
		</Row>
		<Row Tag="LOC_METAPROGRESSION_CHALLENGE_ASHOKA_ALT_MILITARY_VICTORY_MODERN_3_DESC">
			<Text>As Ashoka, World Conqueror, complete the Ideology Legacy Path thrice.</Text>
		</Row>
		<Row Tag="LOC_METAPROGRESSION_CHALLENGE_ASHOKA_ALT_ECONOMIC_VICTORY_MODERN_NAME">
			<Text>Railroad Tycoon</Text>
		</Row>
		<Row Tag="LOC_METAPROGRESSION_CHALLENGE_ASHOKA_ALT_ECONOMIC_VICTORY_MODERN_DESC">
			<Text>As Ashoka, World Conqueror, complete the Railroad Tycoon Legacy Path.</Text>
		</Row>
		<Row Tag="LOC_METAPROGRESSION_CHALLENGE_ASHOKA_ALT_ECONOMIC_VICTORY_MODERN_2_NAME">
			<Text>Railroad Tycoon 2</Text>
		</Row>
		<Row Tag="LOC_METAPROGRESSION_CHALLENGE_ASHOKA_ALT_ECONOMIC_VICTORY_MODERN_2_DESC">
			<Text>As Ashoka, World Conqueror, complete the Railroad Tycoon Legacy Path twice.</Text>
		</Row>
		<Row Tag="LOC_METAPROGRESSION_CHALLENGE_ASHOKA_ALT_ECONOMIC_VICTORY_MODERN_3_NAME">
			<Text>Railroad Tycoon 3</Text>
		</Row>
		<Row Tag="LOC_METAPROGRESSION_CHALLENGE_ASHOKA_ALT_ECONOMIC_VICTORY_MODERN_3_DESC">
			<Text>As Ashoka, World Conqueror, complete the Railroad Tycoon Legacy Path thrice.</Text>
		</Row>
		<Row Tag="LOC_METAPROGRESSION_CHALLENGE_ASHOKA_ALT_AGE_COMPLETED_ANTIQUITY_NAME">
			<Text>Antiquity Complete</Text>
		</Row>
		<Row Tag="LOC_METAPROGRESSION_CHALLENGE_ASHOKA_ALT_AGE_COMPLETED_ANTIQUITY_DESC">
			<Text>As Ashoka, World Conqueror, finish the Antiquity Age.</Text>
		</Row>
		<Row Tag="LOC_METAPROGRESSION_CHALLENGE_ASHOKA_ALT_AGE_COMPLETED_ANTIQUITY_2_NAME">
			<Text>Antiquity Complete 2</Text>
		</Row>
		<Row Tag="LOC_METAPROGRESSION_CHALLENGE_ASHOKA_ALT_AGE_COMPLETED_ANTIQUITY_2_DESC">
			<Text>As Ashoka, World Conqueror, finish the Antiquity Age twice.</Text>
		</Row>
		<Row Tag="LOC_METAPROGRESSION_CHALLENGE_ASHOKA_ALT_AGE_COMPLETED_ANTIQUITY_3_NAME">
			<Text>Antiquity Complete 3</Text>
		</Row>
		<Row Tag="LOC_METAPROGRESSION_CHALLENGE_ASHOKA_ALT_AGE_COMPLETED_ANTIQUITY_3_DESC">
			<Text>As Ashoka, World Conqueror, finish the Antiquity Age thrice.</Text>
		</Row>
		<Row Tag="LOC_METAPROGRESSION_CHALLENGE_ASHOKA_ALT_AGE_COMPLETED_EXPLORATION_NAME">
			<Text>Exploration Complete</Text>
		</Row>
		<Row Tag="LOC_METAPROGRESSION_CHALLENGE_ASHOKA_ALT_AGE_COMPLETED_EXPLORATION_DESC">
			<Text>As Ashoka, World Conqueror, finish the Exploration Age.</Text>
		</Row>
		<Row Tag="LOC_METAPROGRESSION_CHALLENGE_ASHOKA_ALT_AGE_COMPLETED_EXPLORATION_2_NAME">
			<Text>Exploration Complete 2</Text>
		</Row>
		<Row Tag="LOC_METAPROGRESSION_CHALLENGE_ASHOKA_ALT_AGE_COMPLETED_EXPLORATION_2_DESC">
			<Text>As Ashoka, World Conqueror, finish the Exploration Age twice.</Text>
		</Row>
		<Row Tag="LOC_METAPROGRESSION_CHALLENGE_ASHOKA_ALT_AGE_COMPLETED_EXPLORATION_3_NAME">
			<Text>Exploration Complete 3</Text>
		</Row>
		<Row Tag="LOC_METAPROGRESSION_CHALLENGE_ASHOKA_ALT_AGE_COMPLETED_EXPLORATION_3_DESC">
			<Text>As Ashoka, World Conqueror, finish the Exploration Age thrice.</Text>
		</Row>
		<Row Tag="LOC_METAPROGRESSION_CHALLENGE_ASHOKA_ALT_AGE_COMPLETED_MODERN_NAME">
			<Text>Modern Complete</Text>
		</Row>
		<Row Tag="LOC_METAPROGRESSION_CHALLENGE_ASHOKA_ALT_AGE_COMPLETED_MODERN_DESC">
			<Text>As Ashoka, World Conqueror, finish the Modern Age.</Text>
		</Row>
		<Row Tag="LOC_METAPROGRESSION_CHALLENGE_ASHOKA_ALT_AGE_COMPLETED_MODERN_2_NAME">
			<Text>Modern Complete 2</Text>
		</Row>
		<Row Tag="LOC_METAPROGRESSION_CHALLENGE_ASHOKA_ALT_AGE_COMPLETED_MODERN_2_DESC">
			<Text>As Ashoka, World Conqueror, finish the Modern Age twice.</Text>
		</Row>
		<Row Tag="LOC_METAPROGRESSION_CHALLENGE_ASHOKA_ALT_AGE_COMPLETED_MODERN_3_NAME">
			<Text>Modern Complete 3</Text>
		</Row>
		<Row Tag="LOC_METAPROGRESSION_CHALLENGE_ASHOKA_ALT_AGE_COMPLETED_MODERN_3_DESC">
			<Text>As Ashoka, World Conqueror, finish the Modern Age thrice.</Text>
		</Row>
		<Row Tag="LOC_METAPROGRESSION_CHALLENGE_ASHOKA_ALT_PLAY_GAMES_1_NAME">
			<Text>Play Game 1</Text>
		</Row>
		<Row Tag="LOC_METAPROGRESSION_CHALLENGE_ASHOKA_ALT_PLAY_GAMES_1_DESC">
			<Text>As Ashoka, World Conqueror, reach at least 1 Legacy Path Milestone.</Text>
		</Row>
		<Row Tag="LOC_METAPROGRESSION_CHALLENGE_ASHOKA_ALT_PLAY_GAMES_2_NAME">
			<Text>Play Game 2</Text>
		</Row>
		<Row Tag="LOC_METAPROGRESSION_CHALLENGE_ASHOKA_ALT_PLAY_GAMES_2_DESC">
			<Text>As Ashoka, World Conqueror, reach at least 2 Legacy Path Milestones.</Text>
		</Row>
		<Row Tag="LOC_METAPROGRESSION_CHALLENGE_ASHOKA_ALT_PLAY_GAMES_3_NAME">
			<Text>Play Game 3</Text>
		</Row>
		<Row Tag="LOC_METAPROGRESSION_CHALLENGE_ASHOKA_ALT_PLAY_GAMES_3_DESC">
			<Text>As Ashoka, World Conqueror, reach at least 3 Legacy Path Milestones.</Text>
		</Row>
		<Row Tag="LOC_METAPROGRESSION_CHALLENGE_ASHOKA_ALT_SCIENCE_VICTORY_ANTIQUITY_NAME">
			<Text>Great Library</Text>
		</Row>
		<Row Tag="LOC_METAPROGRESSION_CHALLENGE_ASHOKA_ALT_SCIENCE_VICTORY_ANTIQUITY_DESC">
			<Text>As Ashoka, World Conqueror, complete the Great Library Legacy Path.</Text>
		</Row>
		<Row Tag="LOC_METAPROGRESSION_CHALLENGE_ASHOKA_ALT_SCIENCE_VICTORY_ANTIQUITY_2_NAME">
			<Text>Great Library 2</Text>
		</Row>
		<Row Tag="LOC_METAPROGRESSION_CHALLENGE_ASHOKA_ALT_SCIENCE_VICTORY_ANTIQUITY_2_DESC">
			<Text>As Ashoka, World Conqueror, complete the Great Library Legacy Path twice.</Text>
		</Row>
		<Row Tag="LOC_METAPROGRESSION_CHALLENGE_ASHOKA_ALT_SCIENCE_VICTORY_ANTIQUITY_3_NAME">
			<Text>Great Library 3</Text>
		</Row>
		<Row Tag="LOC_METAPROGRESSION_CHALLENGE_ASHOKA_ALT_SCIENCE_VICTORY_ANTIQUITY_3_DESC">
			<Text>As Ashoka, World Conqueror, complete the Great Library Legacy Path thrice.</Text>
		</Row>
		<Row Tag="LOC_METAPROGRESSION_CHALLENGE_ASHOKA_ALT_SCIENCE_VICTORY_EXPLORATION_NAME">
			<Text>Enlightenment</Text>
		</Row>
		<Row Tag="LOC_METAPROGRESSION_CHALLENGE_ASHOKA_ALT_SCIENCE_VICTORY_EXPLORATION_DESC">
			<Text>As Ashoka, World Conqueror, complete the Enlightenment Legacy Path.</Text>
		</Row>
		<Row Tag="LOC_METAPROGRESSION_CHALLENGE_ASHOKA_ALT_SCIENCE_VICTORY_EXPLORATION_2_NAME">
			<Text>Enlightenment 2</Text>
		</Row>
		<Row Tag="LOC_METAPROGRESSION_CHALLENGE_ASHOKA_ALT_SCIENCE_VICTORY_EXPLORATION_2_DESC">
			<Text>As Ashoka, World Conqueror, complete the Enlightenment Legacy Path twice.</Text>
		</Row>
		<Row Tag="LOC_METAPROGRESSION_CHALLENGE_ASHOKA_ALT_SCIENCE_VICTORY_EXPLORATION_3_NAME">
			<Text>Enlightenment 3</Text>
		</Row>
		<Row Tag="LOC_METAPROGRESSION_CHALLENGE_ASHOKA_ALT_SCIENCE_VICTORY_EXPLORATION_3_DESC">
			<Text>As Ashoka, World Conqueror, complete the Enlightenment Legacy Path thrice.</Text>
		</Row>
		<Row Tag="LOC_METAPROGRESSION_CHALLENGE_ASHOKA_ALT_SCIENCE_VICTORY_MODERN_NAME">
			<Text>Space Race</Text>
		</Row>
		<Row Tag="LOC_METAPROGRESSION_CHALLENGE_ASHOKA_ALT_SCIENCE_VICTORY_MODERN_DESC">
			<Text>As Ashoka, World Conqueror, complete the Space Race Legacy Path.</Text>
		</Row>
		<Row Tag="LOC_METAPROGRESSION_CHALLENGE_ASHOKA_ALT_SCIENCE_VICTORY_MODERN_2_NAME">
			<Text>Space Race 2</Text>
		</Row>
		<Row Tag="LOC_METAPROGRESSION_CHALLENGE_ASHOKA_ALT_SCIENCE_VICTORY_MODERN_2_DESC">
			<Text>As Ashoka, World Conqueror, complete the Space Race Legacy Path twice.</Text>
		</Row>
		<Row Tag="LOC_METAPROGRESSION_CHALLENGE_ASHOKA_ALT_SCIENCE_VICTORY_MODERN_3_NAME">
			<Text>Space Race 3</Text>
		</Row>
		<Row Tag="LOC_METAPROGRESSION_CHALLENGE_ASHOKA_ALT_SCIENCE_VICTORY_MODERN_3_DESC">
			<Text>As Ashoka, World Conqueror, complete the Space Race Legacy Path thrice.</Text>
		</Row>
		<Row Tag="LOC_METAPROGRESSION_CHALLENGE_ASHOKA_ALT_CULTURE_VICTORY_ANTIQUITY_NAME">
			<Text>Wonders of the Ancient World</Text>
		</Row>
		<Row Tag="LOC_METAPROGRESSION_CHALLENGE_ASHOKA_ALT_CULTURE_VICTORY_ANTIQUITY_DESC">
			<Text>As Ashoka, World Conqueror, complete the Wonders of the Ancient World Legacy Path.</Text>
		</Row>
		<Row Tag="LOC_METAPROGRESSION_CHALLENGE_ASHOKA_ALT_CULTURE_VICTORY_ANTIQUITY_2_NAME">
			<Text>Wonders of the Ancient World 2</Text>
		</Row>
		<Row Tag="LOC_METAPROGRESSION_CHALLENGE_ASHOKA_ALT_CULTURE_VICTORY_ANTIQUITY_2_DESC">
			<Text>As Ashoka, World Conqueror, complete the Wonders of the Ancient World Legacy Path twice.</Text>
		</Row>
		<Row Tag="LOC_METAPROGRESSION_CHALLENGE_ASHOKA_ALT_CULTURE_VICTORY_ANTIQUITY_3_NAME">
			<Text>Wonders of the Ancient World 3</Text>
		</Row>
		<Row Tag="LOC_METAPROGRESSION_CHALLENGE_ASHOKA_ALT_CULTURE_VICTORY_ANTIQUITY_3_DESC">
			<Text>As Ashoka, World Conqueror, complete the Wonders of the Ancient World Legacy Path thrice.</Text>
		</Row>
		<Row Tag="LOC_METAPROGRESSION_CHALLENGE_ASHOKA_ALT_CULTURE_VICTORY_EXPLORATION_NAME">
			<Text>Toshakhana</Text>
		</Row>
		<Row Tag="LOC_METAPROGRESSION_CHALLENGE_ASHOKA_ALT_CULTURE_VICTORY_EXPLORATION_DESC">
			<Text>As Ashoka, World Conqueror, complete the Toshakhana Legacy Path.</Text>
		</Row>
		<Row Tag="LOC_METAPROGRESSION_CHALLENGE_ASHOKA_ALT_CULTURE_VICTORY_EXPLORATION_2_NAME">
			<Text>Toshakhana 2</Text>
		</Row>
		<Row Tag="LOC_METAPROGRESSION_CHALLENGE_ASHOKA_ALT_CULTURE_VICTORY_EXPLORATION_2_DESC">
			<Text>As Ashoka, World Conqueror, complete the Toshakhana Legacy Path twice.</Text>
		</Row>
		<Row Tag="LOC_METAPROGRESSION_CHALLENGE_ASHOKA_ALT_CULTURE_VICTORY_EXPLORATION_3_NAME">
			<Text>Toshakhana 3</Text>
		</Row>
		<Row Tag="LOC_METAPROGRESSION_CHALLENGE_ASHOKA_ALT_CULTURE_VICTORY_EXPLORATION_3_DESC">
			<Text>As Ashoka, World Conqueror, complete the Toshakhana Legacy Path thrice.</Text>
		</Row>
		<Row Tag="LOC_METAPROGRESSION_CHALLENGE_ASHOKA_ALT_CULTURE_VICTORY_MODERN_NAME">
			<Text>Geographic Society</Text>
		</Row>
		<Row Tag="LOC_METAPROGRESSION_CHALLENGE_ASHOKA_ALT_CULTURE_VICTORY_MODERN_DESC">
			<Text>As Ashoka, World Conqueror, complete the Geographic Society Legacy Path.</Text>
		</Row>
		<Row Tag="LOC_METAPROGRESSION_CHALLENGE_ASHOKA_ALT_CULTURE_VICTORY_MODERN_2_NAME">
			<Text>Geographic Society 2</Text>
		</Row>
		<Row Tag="LOC_METAPROGRESSION_CHALLENGE_ASHOKA_ALT_CULTURE_VICTORY_MODERN_2_DESC">
			<Text>As Ashoka, World Conqueror, complete the Geographic Society Legacy Path twice.</Text>
		</Row>
		<Row Tag="LOC_METAPROGRESSION_CHALLENGE_ASHOKA_ALT_CULTURE_VICTORY_MODERN_3_NAME">
			<Text>Geographic Society 3</Text>
		</Row>
		<Row Tag="LOC_METAPROGRESSION_CHALLENGE_ASHOKA_ALT_CULTURE_VICTORY_MODERN_3_DESC">
			<Text>As Ashoka, World Conqueror, complete the Geographic Society Legacy Path thrice.</Text>
		</Row>
		<Row Tag="LOC_METAPROGRESSION_CHALLENGE_ASHOKA_ALT_FLAWLESS_VICTORY_ANTIQUITY_NAME">
			<Text>Dual Legacies, Antiquity</Text>
		</Row>
		<Row Tag="LOC_METAPROGRESSION_CHALLENGE_ASHOKA_ALT_FLAWLESS_VICTORY_ANTIQUITY_DESC">
			<Text>As Ashoka, World Conqueror, complete 2 Legacy Paths in a single Antiquity Age.</Text>
		</Row>
		<Row Tag="LOC_METAPROGRESSION_CHALLENGE_ASHOKA_ALT_FLAWLESS_VICTORY_EXPLORATION_NAME">
			<Text>Dual Legacies, Exploration</Text>
		</Row>
		<Row Tag="LOC_METAPROGRESSION_CHALLENGE_ASHOKA_ALT_FLAWLESS_VICTORY_EXPLORATION_DESC">
			<Text>As Ashoka, World Conqueror, complete 2 Legacy Paths in a single Exploration Age.</Text>
		</Row>
		<Row Tag="LOC_METAPROGRESSION_CHALLENGE_ASHOKA_ALT_FLAWLESS_VICTORY_MODERN_NAME">
			<Text>Dual Legacies, Modern</Text>
		</Row>
		<Row Tag="LOC_METAPROGRESSION_CHALLENGE_ASHOKA_ALT_FLAWLESS_VICTORY_MODERN_DESC">
			<Text>As Ashoka, World Conqueror, complete 2 Legacy Paths in a single Modern Age.</Text>
		</Row>
		<Row Tag="LOC_METAPROGRESSION_CHALLENGE_ASHOKA_ALT_QUEST_A_ANTIQUITY_NAME">
			<Text>Devaraja</Text>
		</Row>
		<Row Tag="LOC_METAPROGRESSION_CHALLENGE_ASHOKA_ALT_QUEST_A_ANTIQUITY_DESC">
			<Text>As Ashoka, World Conqueror, in Antiquity, complete a quest to lead soldiers in prayer.</Text>
		</Row>
		<Row Tag="LOC_METAPROGRESSION_CHALLENGE_ASHOKA_ALT_QUEST_B_ANTIQUITY_NAME">
			<Text>Dhammaraja</Text>
		</Row>
		<Row Tag="LOC_METAPROGRESSION_CHALLENGE_ASHOKA_ALT_QUEST_B_ANTIQUITY_DESC">
			<Text>As Ashoka, World Conqueror, in Antiquity, complete a quest to demand the world's attention.</Text>
		</Row>
		<Row Tag="LOC_METAPROGRESSION_CHALLENGE_ASHOKA_ALT_QUEST_A_EXPLORATION_NAME">
			<Text>Narayan</Text>
		</Row>
		<Row Tag="LOC_METAPROGRESSION_CHALLENGE_ASHOKA_ALT_QUEST_A_EXPLORATION_DESC">
			<Text>As Ashoka, World Conqueror, in Exploration, complete a quest to provide spiritual guidance.</Text>
		</Row>
		<Row Tag="LOC_METAPROGRESSION_CHALLENGE_ASHOKA_ALT_QUEST_B_EXPLORATION_NAME">
			<Text>Bodhisattva</Text>
		</Row>
		<Row Tag="LOC_METAPROGRESSION_CHALLENGE_ASHOKA_ALT_QUEST_B_EXPLORATION_DESC">
			<Text>As Ashoka, World Conqueror, in Exploration, complete a quest to enlighten the people.</Text>
		</Row>
		<Row Tag="LOC_METAPROGRESSION_CHALLENGE_ASHOKA_ALT_QUEST_A_MODERN_NAME">
			<Text>World Conqueror</Text>
		</Row>
		<Row Tag="LOC_METAPROGRESSION_CHALLENGE_ASHOKA_ALT_QUEST_A_MODERN_DESC">
			<Text>As Ashoka, World Conqueror, in Modern, complete a quest to become the god-king.</Text>
		</Row>
		<Row Tag="LOC_METAPROGRESSION_CHALLENGE_ASHOKA_ALT_QUEST_B_MODERN_NAME">
			<Text>World Renouncer</Text>
		</Row>
		<Row Tag="LOC_METAPROGRESSION_CHALLENGE_ASHOKA_ALT_QUEST_B_MODERN_DESC">
			<Text>As Ashoka, World Conqueror, in Modern, complete a quest to let knowledge guide the future.</Text>
		</Row>
		<Row Tag="LOC_METAPROGRESSION_CHALLENGE_HIMIKO_ALT_MILITARY_VICTORY_ANTIQUITY_NAME">
			<Text>Pax Imperatoria</Text>
		</Row>
		<Row Tag="LOC_METAPROGRESSION_CHALLENGE_HIMIKO_ALT_MILITARY_VICTORY_ANTIQUITY_DESC">
			<Text>As Himiko, High Shaman, complete the Pax Imperatoria Legacy Path.</Text>
		</Row>
		<Row Tag="LOC_METAPROGRESSION_CHALLENGE_HIMIKO_ALT_MILITARY_VICTORY_ANTIQUITY_2_NAME">
			<Text>Pax Imperatoria 2</Text>
		</Row>
		<Row Tag="LOC_METAPROGRESSION_CHALLENGE_HIMIKO_ALT_MILITARY_VICTORY_ANTIQUITY_2_DESC">
			<Text>As Himiko, High Shaman, complete the Pax Imperatoria Legacy Path twice.</Text>
		</Row>
		<Row Tag="LOC_METAPROGRESSION_CHALLENGE_HIMIKO_ALT_MILITARY_VICTORY_ANTIQUITY_3_NAME">
			<Text>Pax Imperatoria 3</Text>
		</Row>
		<Row Tag="LOC_METAPROGRESSION_CHALLENGE_HIMIKO_ALT_MILITARY_VICTORY_ANTIQUITY_3_DESC">
			<Text>As Himiko, High Shaman, complete the Pax Imperatoria Legacy Path thrice.</Text>
		</Row>
		<Row Tag="LOC_METAPROGRESSION_CHALLENGE_HIMIKO_ALT_ECONOMIC_VICTORY_ANTIQUITY_NAME">
			<Text>Silk Roads</Text>
		</Row>
		<Row Tag="LOC_METAPROGRESSION_CHALLENGE_HIMIKO_ALT_ECONOMIC_VICTORY_ANTIQUITY_DESC">
			<Text>As Himiko, High Shaman, complete the Silk Roads Legacy Path.</Text>
		</Row>
		<Row Tag="LOC_METAPROGRESSION_CHALLENGE_HIMIKO_ALT_ECONOMIC_VICTORY_ANTIQUITY_2_NAME">
			<Text>Silk Roads 2</Text>
		</Row>
		<Row Tag="LOC_METAPROGRESSION_CHALLENGE_HIMIKO_ALT_ECONOMIC_VICTORY_ANTIQUITY_2_DESC">
			<Text>As Himiko, High Shaman, complete the Silk Roads Legacy Path twice.</Text>
		</Row>
		<Row Tag="LOC_METAPROGRESSION_CHALLENGE_HIMIKO_ALT_ECONOMIC_VICTORY_ANTIQUITY_3_NAME">
			<Text>Silk Roads 3</Text>
		</Row>
		<Row Tag="LOC_METAPROGRESSION_CHALLENGE_HIMIKO_ALT_ECONOMIC_VICTORY_ANTIQUITY_3_DESC">
			<Text>As Himiko, High Shaman, complete the Silk Roads Legacy Path thrice.</Text>
		</Row>
		<Row Tag="LOC_METAPROGRESSION_CHALLENGE_HIMIKO_ALT_MILITARY_VICTORY_EXPLORATION_NAME">
			<Text>Non Sufficit Orbis</Text>
		</Row>
		<Row Tag="LOC_METAPROGRESSION_CHALLENGE_HIMIKO_ALT_MILITARY_VICTORY_EXPLORATION_DESC">
			<Text>As Himiko, High Shaman, complete the Non Sufficit Orbis Legacy Path.</Text>
		</Row>
		<Row Tag="LOC_METAPROGRESSION_CHALLENGE_HIMIKO_ALT_MILITARY_VICTORY_EXPLORATION_2_NAME">
			<Text>Non Sufficit Orbis 2</Text>
		</Row>
		<Row Tag="LOC_METAPROGRESSION_CHALLENGE_HIMIKO_ALT_MILITARY_VICTORY_EXPLORATION_2_DESC">
			<Text>As Himiko, High Shaman, complete the Non Sufficit Orbis Legacy Path twice.</Text>
		</Row>
		<Row Tag="LOC_METAPROGRESSION_CHALLENGE_HIMIKO_ALT_MILITARY_VICTORY_EXPLORATION_3_NAME">
			<Text>Non Sufficit Orbis 3</Text>
		</Row>
		<Row Tag="LOC_METAPROGRESSION_CHALLENGE_HIMIKO_ALT_MILITARY_VICTORY_EXPLORATION_3_DESC">
			<Text>As Himiko, High Shaman, complete the Non Sufficit Orbis Legacy Path thrice.</Text>
		</Row>
		<Row Tag="LOC_METAPROGRESSION_CHALLENGE_HIMIKO_ALT_ECONOMIC_VICTORY_EXPLORATION_NAME">
			<Text>Treasure Fleet</Text>
		</Row>
		<Row Tag="LOC_METAPROGRESSION_CHALLENGE_HIMIKO_ALT_ECONOMIC_VICTORY_EXPLORATION_DESC">
			<Text>As Himiko, High Shaman, complete the Treasure Fleet Legacy Path.</Text>
		</Row>
		<Row Tag="LOC_METAPROGRESSION_CHALLENGE_HIMIKO_ALT_ECONOMIC_VICTORY_EXPLORATION_2_NAME">
			<Text>Treasure Fleet 2</Text>
		</Row>
		<Row Tag="LOC_METAPROGRESSION_CHALLENGE_HIMIKO_ALT_ECONOMIC_VICTORY_EXPLORATION_2_DESC">
			<Text>As Himiko, High Shaman, complete the Treasure Fleet Legacy Path twice.</Text>
		</Row>
		<Row Tag="LOC_METAPROGRESSION_CHALLENGE_HIMIKO_ALT_ECONOMIC_VICTORY_EXPLORATION_3_NAME">
			<Text>Treasure Fleet 3</Text>
		</Row>
		<Row Tag="LOC_METAPROGRESSION_CHALLENGE_HIMIKO_ALT_ECONOMIC_VICTORY_EXPLORATION_3_DESC">
			<Text>As Himiko, High Shaman, complete the Treasure Fleet Legacy Path thrice.</Text>
		</Row>
		<Row Tag="LOC_METAPROGRESSION_CHALLENGE_HIMIKO_ALT_MILITARY_VICTORY_MODERN_NAME">
			<Text>Ideology</Text>
		</Row>
		<Row Tag="LOC_METAPROGRESSION_CHALLENGE_HIMIKO_ALT_MILITARY_VICTORY_MODERN_DESC">
			<Text>As Himiko, High Shaman, complete the Ideology Legacy Path.</Text>
		</Row>
		<Row Tag="LOC_METAPROGRESSION_CHALLENGE_HIMIKO_ALT_MILITARY_VICTORY_MODERN_2_NAME">
			<Text>Ideology 2</Text>
		</Row>
		<Row Tag="LOC_METAPROGRESSION_CHALLENGE_HIMIKO_ALT_MILITARY_VICTORY_MODERN_2_DESC">
			<Text>As Himiko, High Shaman, complete the Ideology Legacy Path twice.</Text>
		</Row>
		<Row Tag="LOC_METAPROGRESSION_CHALLENGE_HIMIKO_ALT_MILITARY_VICTORY_MODERN_3_NAME">
			<Text>Ideology 3</Text>
		</Row>
		<Row Tag="LOC_METAPROGRESSION_CHALLENGE_HIMIKO_ALT_MILITARY_VICTORY_MODERN_3_DESC">
			<Text>As Himiko, High Shaman, complete the Ideology Legacy Path thrice.</Text>
		</Row>
		<Row Tag="LOC_METAPROGRESSION_CHALLENGE_HIMIKO_ALT_ECONOMIC_VICTORY_MODERN_NAME">
			<Text>Railroad Tycoon</Text>
		</Row>
		<Row Tag="LOC_METAPROGRESSION_CHALLENGE_HIMIKO_ALT_ECONOMIC_VICTORY_MODERN_DESC">
			<Text>As Himiko, High Shaman, complete the Railroad Tycoon Legacy Path.</Text>
		</Row>
		<Row Tag="LOC_METAPROGRESSION_CHALLENGE_HIMIKO_ALT_ECONOMIC_VICTORY_MODERN_2_NAME">
			<Text>Railroad Tycoon 2</Text>
		</Row>
		<Row Tag="LOC_METAPROGRESSION_CHALLENGE_HIMIKO_ALT_ECONOMIC_VICTORY_MODERN_2_DESC">
			<Text>As Himiko, High Shaman, complete the Railroad Tycoon Legacy Path twice.</Text>
		</Row>
		<Row Tag="LOC_METAPROGRESSION_CHALLENGE_HIMIKO_ALT_ECONOMIC_VICTORY_MODERN_3_NAME">
			<Text>Railroad Tycoon 3</Text>
		</Row>
		<Row Tag="LOC_METAPROGRESSION_CHALLENGE_HIMIKO_ALT_ECONOMIC_VICTORY_MODERN_3_DESC">
			<Text>As Himiko, High Shaman, complete the Railroad Tycoon Legacy Path thrice.</Text>
		</Row>
		<Row Tag="LOC_METAPROGRESSION_CHALLENGE_HIMIKO_ALT_AGE_COMPLETED_ANTIQUITY_NAME">
			<Text>Antiquity Complete</Text>
		</Row>
		<Row Tag="LOC_METAPROGRESSION_CHALLENGE_HIMIKO_ALT_AGE_COMPLETED_ANTIQUITY_DESC">
			<Text>As Himiko, High Shaman, finish the Antiquity Age.</Text>
		</Row>
		<Row Tag="LOC_METAPROGRESSION_CHALLENGE_HIMIKO_ALT_AGE_COMPLETED_ANTIQUITY_2_NAME">
			<Text>Antiquity Complete 2</Text>
		</Row>
		<Row Tag="LOC_METAPROGRESSION_CHALLENGE_HIMIKO_ALT_AGE_COMPLETED_ANTIQUITY_2_DESC">
			<Text>As Himiko, High Shaman, finish the Antiquity Age twice.</Text>
		</Row>
		<Row Tag="LOC_METAPROGRESSION_CHALLENGE_HIMIKO_ALT_AGE_COMPLETED_ANTIQUITY_3_NAME">
			<Text>Antiquity Complete 3</Text>
		</Row>
		<Row Tag="LOC_METAPROGRESSION_CHALLENGE_HIMIKO_ALT_AGE_COMPLETED_ANTIQUITY_3_DESC">
			<Text>As Himiko, High Shaman, finish the Antiquity Age thrice.</Text>
		</Row>
		<Row Tag="LOC_METAPROGRESSION_CHALLENGE_HIMIKO_ALT_AGE_COMPLETED_EXPLORATION_NAME">
			<Text>Exploration Complete</Text>
		</Row>
		<Row Tag="LOC_METAPROGRESSION_CHALLENGE_HIMIKO_ALT_AGE_COMPLETED_EXPLORATION_DESC">
			<Text>As Himiko, High Shaman, finish the Exploration Age.</Text>
		</Row>
		<Row Tag="LOC_METAPROGRESSION_CHALLENGE_HIMIKO_ALT_AGE_COMPLETED_EXPLORATION_2_NAME">
			<Text>Exploration Complete 2</Text>
		</Row>
		<Row Tag="LOC_METAPROGRESSION_CHALLENGE_HIMIKO_ALT_AGE_COMPLETED_EXPLORATION_2_DESC">
			<Text>As Himiko, High Shaman, finish the Exploration Age twice.</Text>
		</Row>
		<Row Tag="LOC_METAPROGRESSION_CHALLENGE_HIMIKO_ALT_AGE_COMPLETED_EXPLORATION_3_NAME">
			<Text>Exploration Complete 3</Text>
		</Row>
		<Row Tag="LOC_METAPROGRESSION_CHALLENGE_HIMIKO_ALT_AGE_COMPLETED_EXPLORATION_3_DESC">
			<Text>As Himiko, High Shaman, finish the Exploration Age thrice.</Text>
		</Row>
		<Row Tag="LOC_METAPROGRESSION_CHALLENGE_HIMIKO_ALT_AGE_COMPLETED_MODERN_NAME">
			<Text>Modern Complete</Text>
		</Row>
		<Row Tag="LOC_METAPROGRESSION_CHALLENGE_HIMIKO_ALT_AGE_COMPLETED_MODERN_DESC">
			<Text>As Himiko, High Shaman, finish the Modern Age.</Text>
		</Row>
		<Row Tag="LOC_METAPROGRESSION_CHALLENGE_HIMIKO_ALT_AGE_COMPLETED_MODERN_2_NAME">
			<Text>Modern Complete 2</Text>
		</Row>
		<Row Tag="LOC_METAPROGRESSION_CHALLENGE_HIMIKO_ALT_AGE_COMPLETED_MODERN_2_DESC">
			<Text>As Himiko, High Shaman, finish the Modern Age twice.</Text>
		</Row>
		<Row Tag="LOC_METAPROGRESSION_CHALLENGE_HIMIKO_ALT_AGE_COMPLETED_MODERN_3_NAME">
			<Text>Modern Complete 3</Text>
		</Row>
		<Row Tag="LOC_METAPROGRESSION_CHALLENGE_HIMIKO_ALT_AGE_COMPLETED_MODERN_3_DESC">
			<Text>As Himiko, High Shaman, finish the Modern Age thrice.</Text>
		</Row>
		<Row Tag="LOC_METAPROGRESSION_CHALLENGE_HIMIKO_ALT_PLAY_GAMES_1_NAME">
			<Text>Play Game 1</Text>
		</Row>
		<Row Tag="LOC_METAPROGRESSION_CHALLENGE_HIMIKO_ALT_PLAY_GAMES_1_DESC">
			<Text>As Himiko, High Shaman, reach at least 1 Legacy Path Milestone.</Text>
		</Row>
		<Row Tag="LOC_METAPROGRESSION_CHALLENGE_HIMIKO_ALT_PLAY_GAMES_2_NAME">
			<Text>Play Game 2</Text>
		</Row>
		<Row Tag="LOC_METAPROGRESSION_CHALLENGE_HIMIKO_ALT_PLAY_GAMES_2_DESC">
			<Text>As Himiko, High Shaman, reach at least 2 Legacy Path Milestones.</Text>
		</Row>
		<Row Tag="LOC_METAPROGRESSION_CHALLENGE_HIMIKO_ALT_PLAY_GAMES_3_NAME">
			<Text>Play Game 3</Text>
		</Row>
		<Row Tag="LOC_METAPROGRESSION_CHALLENGE_HIMIKO_ALT_PLAY_GAMES_3_DESC">
			<Text>As Himiko, High Shaman, reach at least 3 Legacy Path Milestones.</Text>
		</Row>
		<Row Tag="LOC_METAPROGRESSION_CHALLENGE_HIMIKO_ALT_SCIENCE_VICTORY_ANTIQUITY_NAME">
			<Text>Great Library</Text>
		</Row>
		<Row Tag="LOC_METAPROGRESSION_CHALLENGE_HIMIKO_ALT_SCIENCE_VICTORY_ANTIQUITY_DESC">
			<Text>As Himiko, High Shaman, complete the Great Library Legacy Path.</Text>
		</Row>
		<Row Tag="LOC_METAPROGRESSION_CHALLENGE_HIMIKO_ALT_SCIENCE_VICTORY_ANTIQUITY_2_NAME">
			<Text>Great Library 2</Text>
		</Row>
		<Row Tag="LOC_METAPROGRESSION_CHALLENGE_HIMIKO_ALT_SCIENCE_VICTORY_ANTIQUITY_2_DESC">
			<Text>As Himiko, High Shaman, complete the Great Library Legacy Path twice.</Text>
		</Row>
		<Row Tag="LOC_METAPROGRESSION_CHALLENGE_HIMIKO_ALT_SCIENCE_VICTORY_ANTIQUITY_3_NAME">
			<Text>Great Library 3</Text>
		</Row>
		<Row Tag="LOC_METAPROGRESSION_CHALLENGE_HIMIKO_ALT_SCIENCE_VICTORY_ANTIQUITY_3_DESC">
			<Text>As Himiko, High Shaman, complete the Great Library Legacy Path thrice.</Text>
		</Row>
		<Row Tag="LOC_METAPROGRESSION_CHALLENGE_HIMIKO_ALT_SCIENCE_VICTORY_EXPLORATION_NAME">
			<Text>Enlightenment</Text>
		</Row>
		<Row Tag="LOC_METAPROGRESSION_CHALLENGE_HIMIKO_ALT_SCIENCE_VICTORY_EXPLORATION_DESC">
			<Text>As Himiko, High Shaman, complete the Enlightenment Legacy Path.</Text>
		</Row>
		<Row Tag="LOC_METAPROGRESSION_CHALLENGE_HIMIKO_ALT_SCIENCE_VICTORY_EXPLORATION_2_NAME">
			<Text>Enlightenment 2</Text>
		</Row>
		<Row Tag="LOC_METAPROGRESSION_CHALLENGE_HIMIKO_ALT_SCIENCE_VICTORY_EXPLORATION_2_DESC">
			<Text>As Himiko, High Shaman, complete the Enlightenment Legacy Path twice.</Text>
		</Row>
		<Row Tag="LOC_METAPROGRESSION_CHALLENGE_HIMIKO_ALT_SCIENCE_VICTORY_EXPLORATION_3_NAME">
			<Text>Enlightenment 3</Text>
		</Row>
		<Row Tag="LOC_METAPROGRESSION_CHALLENGE_HIMIKO_ALT_SCIENCE_VICTORY_EXPLORATION_3_DESC">
			<Text>As Himiko, High Shaman, complete the Enlightenment Legacy Path thrice.</Text>
		</Row>
		<Row Tag="LOC_METAPROGRESSION_CHALLENGE_HIMIKO_ALT_SCIENCE_VICTORY_MODERN_NAME">
			<Text>Space Race</Text>
		</Row>
		<Row Tag="LOC_METAPROGRESSION_CHALLENGE_HIMIKO_ALT_SCIENCE_VICTORY_MODERN_DESC">
			<Text>As Himiko, High Shaman, complete the Space Race Legacy Path.</Text>
		</Row>
		<Row Tag="LOC_METAPROGRESSION_CHALLENGE_HIMIKO_ALT_SCIENCE_VICTORY_MODERN_2_NAME">
			<Text>Space Race 2</Text>
		</Row>
		<Row Tag="LOC_METAPROGRESSION_CHALLENGE_HIMIKO_ALT_SCIENCE_VICTORY_MODERN_2_DESC">
			<Text>As Himiko, High Shaman, complete the Space Race Legacy Path twice.</Text>
		</Row>
		<Row Tag="LOC_METAPROGRESSION_CHALLENGE_HIMIKO_ALT_SCIENCE_VICTORY_MODERN_3_NAME">
			<Text>Space Race 3</Text>
		</Row>
		<Row Tag="LOC_METAPROGRESSION_CHALLENGE_HIMIKO_ALT_SCIENCE_VICTORY_MODERN_3_DESC">
			<Text>As Himiko, High Shaman, complete the Space Race Legacy Path thrice.</Text>
		</Row>
		<Row Tag="LOC_METAPROGRESSION_CHALLENGE_HIMIKO_ALT_CULTURE_VICTORY_ANTIQUITY_NAME">
			<Text>Wonders of the Ancient World</Text>
		</Row>
		<Row Tag="LOC_METAPROGRESSION_CHALLENGE_HIMIKO_ALT_CULTURE_VICTORY_ANTIQUITY_DESC">
			<Text>As Himiko, High Shaman, complete the Wonders of the Ancient World Legacy Path.</Text>
		</Row>
		<Row Tag="LOC_METAPROGRESSION_CHALLENGE_HIMIKO_ALT_CULTURE_VICTORY_ANTIQUITY_2_NAME">
			<Text>Wonders of the Ancient World 2</Text>
		</Row>
		<Row Tag="LOC_METAPROGRESSION_CHALLENGE_HIMIKO_ALT_CULTURE_VICTORY_ANTIQUITY_2_DESC">
			<Text>As Himiko, High Shaman, complete the Wonders of the Ancient World Legacy Path twice.</Text>
		</Row>
		<Row Tag="LOC_METAPROGRESSION_CHALLENGE_HIMIKO_ALT_CULTURE_VICTORY_ANTIQUITY_3_NAME">
			<Text>Wonders of the Ancient World 3</Text>
		</Row>
		<Row Tag="LOC_METAPROGRESSION_CHALLENGE_HIMIKO_ALT_CULTURE_VICTORY_ANTIQUITY_3_DESC">
			<Text>As Himiko, High Shaman, complete the Wonders of the Ancient World Legacy Path thrice.</Text>
		</Row>
		<Row Tag="LOC_METAPROGRESSION_CHALLENGE_HIMIKO_ALT_CULTURE_VICTORY_EXPLORATION_NAME">
			<Text>Toshakhana</Text>
		</Row>
		<Row Tag="LOC_METAPROGRESSION_CHALLENGE_HIMIKO_ALT_CULTURE_VICTORY_EXPLORATION_DESC">
			<Text>As Himiko, High Shaman, complete the Toshakhana Legacy Path.</Text>
		</Row>
		<Row Tag="LOC_METAPROGRESSION_CHALLENGE_HIMIKO_ALT_CULTURE_VICTORY_EXPLORATION_2_NAME">
			<Text>Toshakhana 2</Text>
		</Row>
		<Row Tag="LOC_METAPROGRESSION_CHALLENGE_HIMIKO_ALT_CULTURE_VICTORY_EXPLORATION_2_DESC">
			<Text>As Himiko, High Shaman, complete the Toshakhana Legacy Path twice.</Text>
		</Row>
		<Row Tag="LOC_METAPROGRESSION_CHALLENGE_HIMIKO_ALT_CULTURE_VICTORY_EXPLORATION_3_NAME">
			<Text>Toshakhana 3</Text>
		</Row>
		<Row Tag="LOC_METAPROGRESSION_CHALLENGE_HIMIKO_ALT_CULTURE_VICTORY_EXPLORATION_3_DESC">
			<Text>As Himiko, High Shaman, complete the Toshakhana Legacy Path thrice.</Text>
		</Row>
		<Row Tag="LOC_METAPROGRESSION_CHALLENGE_HIMIKO_ALT_CULTURE_VICTORY_MODERN_NAME">
			<Text>Geographic Society</Text>
		</Row>
		<Row Tag="LOC_METAPROGRESSION_CHALLENGE_HIMIKO_ALT_CULTURE_VICTORY_MODERN_DESC">
			<Text>As Himiko, High Shaman, complete the Geographic Society Legacy Path.</Text>
		</Row>
		<Row Tag="LOC_METAPROGRESSION_CHALLENGE_HIMIKO_ALT_CULTURE_VICTORY_MODERN_2_NAME">
			<Text>Geographic Society 2</Text>
		</Row>
		<Row Tag="LOC_METAPROGRESSION_CHALLENGE_HIMIKO_ALT_CULTURE_VICTORY_MODERN_2_DESC">
			<Text>As Himiko, High Shaman, complete the Geographic Society Legacy Path twice.</Text>
		</Row>
		<Row Tag="LOC_METAPROGRESSION_CHALLENGE_HIMIKO_ALT_CULTURE_VICTORY_MODERN_3_NAME">
			<Text>Geographic Society 3</Text>
		</Row>
		<Row Tag="LOC_METAPROGRESSION_CHALLENGE_HIMIKO_ALT_CULTURE_VICTORY_MODERN_3_DESC">
			<Text>As Himiko, High Shaman, complete the Geographic Society Legacy Path thrice.</Text>
		</Row>
		<Row Tag="LOC_METAPROGRESSION_CHALLENGE_HIMIKO_ALT_FLAWLESS_VICTORY_ANTIQUITY_NAME">
			<Text>Dual Legacies, Antiquity</Text>
		</Row>
		<Row Tag="LOC_METAPROGRESSION_CHALLENGE_HIMIKO_ALT_FLAWLESS_VICTORY_ANTIQUITY_DESC">
			<Text>As Himiko, High Shaman, complete 2 Legacy Paths in a single Antiquity Age.</Text>
		</Row>
		<Row Tag="LOC_METAPROGRESSION_CHALLENGE_HIMIKO_ALT_FLAWLESS_VICTORY_EXPLORATION_NAME">
			<Text>Dual Legacies, Exploration</Text>
		</Row>
		<Row Tag="LOC_METAPROGRESSION_CHALLENGE_HIMIKO_ALT_FLAWLESS_VICTORY_EXPLORATION_DESC">
			<Text>As Himiko, High Shaman, complete 2 Legacy Paths in a single Exploration Age.</Text>
		</Row>
		<Row Tag="LOC_METAPROGRESSION_CHALLENGE_HIMIKO_ALT_FLAWLESS_VICTORY_MODERN_NAME">
			<Text>Dual Legacies, Modern</Text>
		</Row>
		<Row Tag="LOC_METAPROGRESSION_CHALLENGE_HIMIKO_ALT_FLAWLESS_VICTORY_MODERN_DESC">
			<Text>As Himiko, High Shaman, complete 2 Legacy Paths in a single Modern Age.</Text>
		</Row>
		<Row Tag="LOC_METAPROGRESSION_CHALLENGE_HIMIKO_ALT_QUEST_A_ANTIQUITY_NAME">
			<Text>Daughter of the Mountain</Text>
		</Row>
		<Row Tag="LOC_METAPROGRESSION_CHALLENGE_HIMIKO_ALT_QUEST_A_ANTIQUITY_DESC">
			<Text>As Himiko, High Shaman, in Antiquity, complete a quest to influence the world.</Text>
		</Row>
		<Row Tag="LOC_METAPROGRESSION_CHALLENGE_HIMIKO_ALT_QUEST_B_ANTIQUITY_NAME">
			<Text>Daughter of the Sun</Text>
		</Row>
		<Row Tag="LOC_METAPROGRESSION_CHALLENGE_HIMIKO_ALT_QUEST_B_ANTIQUITY_DESC">
			<Text>As Himiko, High Shaman, in Antiquity, complete a quest to import treasures.</Text>
		</Row>
		<Row Tag="LOC_METAPROGRESSION_CHALLENGE_HIMIKO_ALT_QUEST_A_EXPLORATION_NAME">
			<Text>The Kami</Text>
		</Row>
		<Row Tag="LOC_METAPROGRESSION_CHALLENGE_HIMIKO_ALT_QUEST_A_EXPLORATION_DESC">
			<Text>As Himiko, High Shaman, in Exploration, complete a quest to spread the stories of Amaterasu.</Text>
		</Row>
		<Row Tag="LOC_METAPROGRESSION_CHALLENGE_HIMIKO_ALT_QUEST_B_EXPLORATION_NAME">
			<Text>Divine Prosperity</Text>
		</Row>
		<Row Tag="LOC_METAPROGRESSION_CHALLENGE_HIMIKO_ALT_QUEST_B_EXPLORATION_DESC">
			<Text>As Himiko, High Shaman, in Exploration, complete a quest to celebrate grace and elegance.</Text>
		</Row>
		<Row Tag="LOC_METAPROGRESSION_CHALLENGE_HIMIKO_ALT_QUEST_A_MODERN_NAME">
			<Text>Himiko, Triumphant</Text>
		</Row>
		<Row Tag="LOC_METAPROGRESSION_CHALLENGE_HIMIKO_ALT_QUEST_A_MODERN_DESC">
			<Text>As Himiko, High Shaman, in Modern, complete a quest to collect symbols of the past.</Text>
		</Row>
		<Row Tag="LOC_METAPROGRESSION_CHALLENGE_HIMIKO_ALT_QUEST_B_MODERN_NAME">
			<Text>Amaterasu Triumphant</Text>
		</Row>
		<Row Tag="LOC_METAPROGRESSION_CHALLENGE_HIMIKO_ALT_QUEST_B_MODERN_DESC">
			<Text>As Himiko, High Shaman, in Modern, complete a quest to amplify production.</Text>
		</Row>
	</EnglishText>
</Database>
<!-- !! DO NOT EDIT THIS FILE !! -->
<!-- This file was automatically generated via the metaprogression generation workflow. -->