<?xml version="1.0" encoding="utf-8"?>
<Database>
	<EnglishText>
		<!-- ==============================================================	-->
		<!--	Legend Unlocks												-->
		<!-- ==============================================================	-->
		<!-- Cultural Attribute -->

		<!-- Diplomatic Attribute -->

		<!-- Economic Attribute -->

		<!-- Expansionist Attribute -->
		<Row Tag="LOC_MOD_ATTRIBUTE_EXPANSIONIST_LEGEND_BOLIVAR_L1_DESCRIPTION">
			<Text>Legend Unlock. +50% [icon:YIELD_GOLD]Gold towards converting a Town to a City.</Text>
		</Row>
		<!-- Militaristic Attribute -->
		<Row Tag="LOC_MOD_ATTRIBUTE_MILITARISTIC_LEGEND_BOLIVAR_L2_DESCRIPTION">
			<Text>Legend Unlock. +5 Combat Strength for all Units against Districts.</Text>
		</Row>
		<Row Tag="LOC_MOD_ATTRIBUTE_MILITARISTIC_LEGEND_BOLIVAR_L2_COMBAT_PREVIEW">
			<Text>+{1_Value} Legend Militaristic Attribute</Text>
		</Row>
		<!-- Scientific Attribute -->

	</EnglishText>
</Database>