<?xml version="1.0" encoding="utf-8"?>
<Database>
	<EnglishText>
		<!-- Bolivar Main Menu Char Select Text-->
		<Row Tag="LOC_MAIN_CHAR_SELECT_LEADER_BOLIVAR_ANY">
			<Text>It is harder to maintain the balance of liberty than to endure the weight of tyranny. </Text>
		</Row>

		<!-- BOLIVAR Statement Text-->
		<Row Tag="LOC_DIPLO_FIRST_MEET_NEAR_INITIATOR_LEADER_BOLIVAR_ANY">
			<Text>I am Simón Bolívar, the hand that crushes tyranny and leads nations to liberty. </Text>
		</Row>
		<Row Tag="LOC_DIPLO_FIRST_MEET_NEAR_RECIPIENT_LEADER_BOLIVAR_ANY">
			<Text>I am Simón Bolívar, the hand that crushes tyranny and leads nations to liberty. </Text>
		</Row>
		<Row Tag="LOC_DIPLO_FIRST_MEET_NO_MANS_LEADER_BOLIVAR_ANY">
			<Text>I am Simón Bolívar, the hand that crushes tyranny and leads nations to liberty. </Text>
		</Row>
		<Row Tag="LOC_DIPLO_DECLARE_WAR_INITIATOR_LEADER_BOLIVAR_ANY">
			<Text>You are a monster infesting this earth, and your punishment will equal your crimes. </Text>
		</Row>
		<Row Tag="LOC_DIPLO_DECLARE_WAR_RECIPIENT_LEADER_BOLIVAR_ANY">
			<Text>You, aged serpent, will not swallow my land to satisfy your venomous rage. </Text>
		</Row>
		<Row Tag="LOC_DIPLO_DEFEAT_AI_LEADER_BOLIVAR_ANY">
			<Text>I have seen the light. Now I fall back into darkness. </Text>
		</Row>
		<Row Tag="LOC_DIPLO_MAKE_DEAL_ACCEPTED_LEADER_BOLIVAR">
			<Text>You honor me with such a thrilling proposition. </Text>
		</Row>
		<Row Tag="LOC_DIPLO_MAKE_DEAL_REJECTED_LEADER_BOLIVAR">
			<Text>Your ideas are well-meaning but misguided. </Text>
		</Row>
	</EnglishText>
</Database>