<?xml version="1.0" encoding="utf-8"?>
<!-- !! DO NOT EDIT THIS FILE !! -->
<!-- This file was automatically generated via the metaprogression generation workflow. -->
<Database>
    <EnglishText>
		<!-- Challenges -->
		<Row Tag="LOC_METAPROGRESSION_CHALLENGE_BOLIVAR_MILITARY_VICTORY_ANTIQUITY_NAME">
			<Text>Pax Imperatoria</Text>
		</Row>
		<Row Tag="LOC_METAPROGRESSION_CHALLENGE_BOLIVAR_MILITARY_VICTORY_ANTIQUITY_DESC">
			<Text>As Bolivar, complete the Pax Imperatoria Legacy Path.</Text>
		</Row>
		<Row Tag="LOC_METAPROGRESSION_CHALLENGE_BOLIVAR_MILITARY_VICTORY_ANTIQUITY_2_NAME">
			<Text>Pax Imperatoria 2</Text>
		</Row>
		<Row Tag="LOC_METAPROGRESSION_CHALLENGE_BOLIVAR_MILITARY_VICTORY_ANTIQUITY_2_DESC">
			<Text>As Bolivar, complete the Pax Imperatoria Legacy Path twice.</Text>
		</Row>
		<Row Tag="LOC_METAPROGRESSION_CHALLENGE_BOLIVAR_MILITARY_VICTORY_ANTIQUITY_3_NAME">
			<Text>Pax Imperatoria 3</Text>
		</Row>
		<Row Tag="LOC_METAPROGRESSION_CHALLENGE_BOLIVAR_MILITARY_VICTORY_ANTIQUITY_3_DESC">
			<Text>As Bolivar, complete the Pax Imperatoria Legacy Path thrice.</Text>
		</Row>
		<Row Tag="LOC_METAPROGRESSION_CHALLENGE_BOLIVAR_ECONOMIC_VICTORY_ANTIQUITY_NAME">
			<Text>Silk Roads</Text>
		</Row>
		<Row Tag="LOC_METAPROGRESSION_CHALLENGE_BOLIVAR_ECONOMIC_VICTORY_ANTIQUITY_DESC">
			<Text>As Bolivar, complete the Silk Roads Legacy Path.</Text>
		</Row>
		<Row Tag="LOC_METAPROGRESSION_CHALLENGE_BOLIVAR_ECONOMIC_VICTORY_ANTIQUITY_2_NAME">
			<Text>Silk Roads 2</Text>
		</Row>
		<Row Tag="LOC_METAPROGRESSION_CHALLENGE_BOLIVAR_ECONOMIC_VICTORY_ANTIQUITY_2_DESC">
			<Text>As Bolivar, complete the Silk Roads Legacy Path twice.</Text>
		</Row>
		<Row Tag="LOC_METAPROGRESSION_CHALLENGE_BOLIVAR_ECONOMIC_VICTORY_ANTIQUITY_3_NAME">
			<Text>Silk Roads 3</Text>
		</Row>
		<Row Tag="LOC_METAPROGRESSION_CHALLENGE_BOLIVAR_ECONOMIC_VICTORY_ANTIQUITY_3_DESC">
			<Text>As Bolivar, complete the Silk Roads Legacy Path thrice.</Text>
		</Row>
		<Row Tag="LOC_METAPROGRESSION_CHALLENGE_BOLIVAR_MILITARY_VICTORY_EXPLORATION_NAME">
			<Text>Non Sufficit Orbis</Text>
		</Row>
		<Row Tag="LOC_METAPROGRESSION_CHALLENGE_BOLIVAR_MILITARY_VICTORY_EXPLORATION_DESC">
			<Text>As Bolivar, complete the Non Sufficit Orbis Legacy Path.</Text>
		</Row>
		<Row Tag="LOC_METAPROGRESSION_CHALLENGE_BOLIVAR_MILITARY_VICTORY_EXPLORATION_2_NAME">
			<Text>Non Sufficit Orbis 2</Text>
		</Row>
		<Row Tag="LOC_METAPROGRESSION_CHALLENGE_BOLIVAR_MILITARY_VICTORY_EXPLORATION_2_DESC">
			<Text>As Bolivar, complete the Non Sufficit Orbis Legacy Path twice.</Text>
		</Row>
		<Row Tag="LOC_METAPROGRESSION_CHALLENGE_BOLIVAR_MILITARY_VICTORY_EXPLORATION_3_NAME">
			<Text>Non Sufficit Orbis 3</Text>
		</Row>
		<Row Tag="LOC_METAPROGRESSION_CHALLENGE_BOLIVAR_MILITARY_VICTORY_EXPLORATION_3_DESC">
			<Text>As Bolivar, complete the Non Sufficit Orbis Legacy Path thrice.</Text>
		</Row>
		<Row Tag="LOC_METAPROGRESSION_CHALLENGE_BOLIVAR_ECONOMIC_VICTORY_EXPLORATION_NAME">
			<Text>Treasure Fleet</Text>
		</Row>
		<Row Tag="LOC_METAPROGRESSION_CHALLENGE_BOLIVAR_ECONOMIC_VICTORY_EXPLORATION_DESC">
			<Text>As Bolivar, complete the Treasure Fleet Legacy Path.</Text>
		</Row>
		<Row Tag="LOC_METAPROGRESSION_CHALLENGE_BOLIVAR_ECONOMIC_VICTORY_EXPLORATION_2_NAME">
			<Text>Treasure Fleet 2</Text>
		</Row>
		<Row Tag="LOC_METAPROGRESSION_CHALLENGE_BOLIVAR_ECONOMIC_VICTORY_EXPLORATION_2_DESC">
			<Text>As Bolivar, complete the Treasure Fleet Legacy Path twice.</Text>
		</Row>
		<Row Tag="LOC_METAPROGRESSION_CHALLENGE_BOLIVAR_ECONOMIC_VICTORY_EXPLORATION_3_NAME">
			<Text>Treasure Fleet 3</Text>
		</Row>
		<Row Tag="LOC_METAPROGRESSION_CHALLENGE_BOLIVAR_ECONOMIC_VICTORY_EXPLORATION_3_DESC">
			<Text>As Bolivar, complete the Treasure Fleet Legacy Path thrice.</Text>
		</Row>
		<Row Tag="LOC_METAPROGRESSION_CHALLENGE_BOLIVAR_MILITARY_VICTORY_MODERN_NAME">
			<Text>Ideology</Text>
		</Row>
		<Row Tag="LOC_METAPROGRESSION_CHALLENGE_BOLIVAR_MILITARY_VICTORY_MODERN_DESC">
			<Text>As Bolivar, complete the Ideology Legacy Path.</Text>
		</Row>
		<Row Tag="LOC_METAPROGRESSION_CHALLENGE_BOLIVAR_MILITARY_VICTORY_MODERN_2_NAME">
			<Text>Ideology 2</Text>
		</Row>
		<Row Tag="LOC_METAPROGRESSION_CHALLENGE_BOLIVAR_MILITARY_VICTORY_MODERN_2_DESC">
			<Text>As Bolivar, complete the Ideology Legacy Path twice.</Text>
		</Row>
		<Row Tag="LOC_METAPROGRESSION_CHALLENGE_BOLIVAR_MILITARY_VICTORY_MODERN_3_NAME">
			<Text>Ideology 3</Text>
		</Row>
		<Row Tag="LOC_METAPROGRESSION_CHALLENGE_BOLIVAR_MILITARY_VICTORY_MODERN_3_DESC">
			<Text>As Bolivar, complete the Ideology Legacy Path thrice.</Text>
		</Row>
		<Row Tag="LOC_METAPROGRESSION_CHALLENGE_BOLIVAR_ECONOMIC_VICTORY_MODERN_NAME">
			<Text>Railroad Tycoon</Text>
		</Row>
		<Row Tag="LOC_METAPROGRESSION_CHALLENGE_BOLIVAR_ECONOMIC_VICTORY_MODERN_DESC">
			<Text>As Bolivar, complete the Railroad Tycoon Legacy Path.</Text>
		</Row>
		<Row Tag="LOC_METAPROGRESSION_CHALLENGE_BOLIVAR_ECONOMIC_VICTORY_MODERN_2_NAME">
			<Text>Railroad Tycoon 2</Text>
		</Row>
		<Row Tag="LOC_METAPROGRESSION_CHALLENGE_BOLIVAR_ECONOMIC_VICTORY_MODERN_2_DESC">
			<Text>As Bolivar, complete the Railroad Tycoon Legacy Path twice.</Text>
		</Row>
		<Row Tag="LOC_METAPROGRESSION_CHALLENGE_BOLIVAR_ECONOMIC_VICTORY_MODERN_3_NAME">
			<Text>Railroad Tycoon 3</Text>
		</Row>
		<Row Tag="LOC_METAPROGRESSION_CHALLENGE_BOLIVAR_ECONOMIC_VICTORY_MODERN_3_DESC">
			<Text>As Bolivar, complete the Railroad Tycoon Legacy Path thrice.</Text>
		</Row>
		<Row Tag="LOC_METAPROGRESSION_CHALLENGE_BOLIVAR_AGE_COMPLETED_ANTIQUITY_NAME">
			<Text>Antiquity Complete</Text>
		</Row>
		<Row Tag="LOC_METAPROGRESSION_CHALLENGE_BOLIVAR_AGE_COMPLETED_ANTIQUITY_DESC">
			<Text>As Bolivar, finish the Antiquity Age.</Text>
		</Row>
		<Row Tag="LOC_METAPROGRESSION_CHALLENGE_BOLIVAR_AGE_COMPLETED_ANTIQUITY_2_NAME">
			<Text>Antiquity Complete 2</Text>
		</Row>
		<Row Tag="LOC_METAPROGRESSION_CHALLENGE_BOLIVAR_AGE_COMPLETED_ANTIQUITY_2_DESC">
			<Text>As Bolivar, finish the Antiquity Age twice.</Text>
		</Row>
		<Row Tag="LOC_METAPROGRESSION_CHALLENGE_BOLIVAR_AGE_COMPLETED_ANTIQUITY_3_NAME">
			<Text>Antiquity Complete 3</Text>
		</Row>
		<Row Tag="LOC_METAPROGRESSION_CHALLENGE_BOLIVAR_AGE_COMPLETED_ANTIQUITY_3_DESC">
			<Text>As Bolivar, finish the Antiquity Age thrice.</Text>
		</Row>
		<Row Tag="LOC_METAPROGRESSION_CHALLENGE_BOLIVAR_AGE_COMPLETED_EXPLORATION_NAME">
			<Text>Exploration Complete</Text>
		</Row>
		<Row Tag="LOC_METAPROGRESSION_CHALLENGE_BOLIVAR_AGE_COMPLETED_EXPLORATION_DESC">
			<Text>As Bolivar, finish the Exploration Age.</Text>
		</Row>
		<Row Tag="LOC_METAPROGRESSION_CHALLENGE_BOLIVAR_AGE_COMPLETED_EXPLORATION_2_NAME">
			<Text>Exploration Complete 2</Text>
		</Row>
		<Row Tag="LOC_METAPROGRESSION_CHALLENGE_BOLIVAR_AGE_COMPLETED_EXPLORATION_2_DESC">
			<Text>As Bolivar, finish the Exploration Age twice.</Text>
		</Row>
		<Row Tag="LOC_METAPROGRESSION_CHALLENGE_BOLIVAR_AGE_COMPLETED_EXPLORATION_3_NAME">
			<Text>Exploration Complete 3</Text>
		</Row>
		<Row Tag="LOC_METAPROGRESSION_CHALLENGE_BOLIVAR_AGE_COMPLETED_EXPLORATION_3_DESC">
			<Text>As Bolivar, finish the Exploration Age thrice.</Text>
		</Row>
		<Row Tag="LOC_METAPROGRESSION_CHALLENGE_BOLIVAR_AGE_COMPLETED_MODERN_NAME">
			<Text>Modern Complete</Text>
		</Row>
		<Row Tag="LOC_METAPROGRESSION_CHALLENGE_BOLIVAR_AGE_COMPLETED_MODERN_DESC">
			<Text>As Bolivar, finish the Modern Age.</Text>
		</Row>
		<Row Tag="LOC_METAPROGRESSION_CHALLENGE_BOLIVAR_AGE_COMPLETED_MODERN_2_NAME">
			<Text>Modern Complete 2</Text>
		</Row>
		<Row Tag="LOC_METAPROGRESSION_CHALLENGE_BOLIVAR_AGE_COMPLETED_MODERN_2_DESC">
			<Text>As Bolivar, finish the Modern Age twice.</Text>
		</Row>
		<Row Tag="LOC_METAPROGRESSION_CHALLENGE_BOLIVAR_AGE_COMPLETED_MODERN_3_NAME">
			<Text>Modern Complete 3</Text>
		</Row>
		<Row Tag="LOC_METAPROGRESSION_CHALLENGE_BOLIVAR_AGE_COMPLETED_MODERN_3_DESC">
			<Text>As Bolivar, finish the Modern Age thrice.</Text>
		</Row>
		<Row Tag="LOC_METAPROGRESSION_CHALLENGE_BOLIVAR_PLAY_GAMES_1_NAME">
			<Text>Play Game 1</Text>
		</Row>
		<Row Tag="LOC_METAPROGRESSION_CHALLENGE_BOLIVAR_PLAY_GAMES_1_DESC">
			<Text>As Bolivar, reach at least 1 Legacy Path Milestone.</Text>
		</Row>
		<Row Tag="LOC_METAPROGRESSION_CHALLENGE_BOLIVAR_PLAY_GAMES_2_NAME">
			<Text>Play Game 2</Text>
		</Row>
		<Row Tag="LOC_METAPROGRESSION_CHALLENGE_BOLIVAR_PLAY_GAMES_2_DESC">
			<Text>As Bolivar, reach at least 2 Legacy Path Milestones.</Text>
		</Row>
		<Row Tag="LOC_METAPROGRESSION_CHALLENGE_BOLIVAR_PLAY_GAMES_3_NAME">
			<Text>Play Game 3</Text>
		</Row>
		<Row Tag="LOC_METAPROGRESSION_CHALLENGE_BOLIVAR_PLAY_GAMES_3_DESC">
			<Text>As Bolivar, reach at least 3 Legacy Path Milestones.</Text>
		</Row>
		<Row Tag="LOC_METAPROGRESSION_CHALLENGE_BOLIVAR_SCIENCE_VICTORY_ANTIQUITY_NAME">
			<Text>Great Library</Text>
		</Row>
		<Row Tag="LOC_METAPROGRESSION_CHALLENGE_BOLIVAR_SCIENCE_VICTORY_ANTIQUITY_DESC">
			<Text>As Bolivar, complete the Great Library Legacy Path.</Text>
		</Row>
		<Row Tag="LOC_METAPROGRESSION_CHALLENGE_BOLIVAR_SCIENCE_VICTORY_ANTIQUITY_2_NAME">
			<Text>Great Library 2</Text>
		</Row>
		<Row Tag="LOC_METAPROGRESSION_CHALLENGE_BOLIVAR_SCIENCE_VICTORY_ANTIQUITY_2_DESC">
			<Text>As Bolivar, complete the Great Library Legacy Path twice.</Text>
		</Row>
		<Row Tag="LOC_METAPROGRESSION_CHALLENGE_BOLIVAR_SCIENCE_VICTORY_ANTIQUITY_3_NAME">
			<Text>Great Library 3</Text>
		</Row>
		<Row Tag="LOC_METAPROGRESSION_CHALLENGE_BOLIVAR_SCIENCE_VICTORY_ANTIQUITY_3_DESC">
			<Text>As Bolivar, complete the Great Library Legacy Path thrice.</Text>
		</Row>
		<Row Tag="LOC_METAPROGRESSION_CHALLENGE_BOLIVAR_SCIENCE_VICTORY_EXPLORATION_NAME">
			<Text>Enlightenment</Text>
		</Row>
		<Row Tag="LOC_METAPROGRESSION_CHALLENGE_BOLIVAR_SCIENCE_VICTORY_EXPLORATION_DESC">
			<Text>As Bolivar, complete the Enlightenment Legacy Path.</Text>
		</Row>
		<Row Tag="LOC_METAPROGRESSION_CHALLENGE_BOLIVAR_SCIENCE_VICTORY_EXPLORATION_2_NAME">
			<Text>Enlightenment 2</Text>
		</Row>
		<Row Tag="LOC_METAPROGRESSION_CHALLENGE_BOLIVAR_SCIENCE_VICTORY_EXPLORATION_2_DESC">
			<Text>As Bolivar, complete the Enlightenment Legacy Path twice.</Text>
		</Row>
		<Row Tag="LOC_METAPROGRESSION_CHALLENGE_BOLIVAR_SCIENCE_VICTORY_EXPLORATION_3_NAME">
			<Text>Enlightenment 3</Text>
		</Row>
		<Row Tag="LOC_METAPROGRESSION_CHALLENGE_BOLIVAR_SCIENCE_VICTORY_EXPLORATION_3_DESC">
			<Text>As Bolivar, complete the Enlightenment Legacy Path thrice.</Text>
		</Row>
		<Row Tag="LOC_METAPROGRESSION_CHALLENGE_BOLIVAR_SCIENCE_VICTORY_MODERN_NAME">
			<Text>Space Race</Text>
		</Row>
		<Row Tag="LOC_METAPROGRESSION_CHALLENGE_BOLIVAR_SCIENCE_VICTORY_MODERN_DESC">
			<Text>As Bolivar, complete the Space Race Legacy Path.</Text>
		</Row>
		<Row Tag="LOC_METAPROGRESSION_CHALLENGE_BOLIVAR_SCIENCE_VICTORY_MODERN_2_NAME">
			<Text>Space Race 2</Text>
		</Row>
		<Row Tag="LOC_METAPROGRESSION_CHALLENGE_BOLIVAR_SCIENCE_VICTORY_MODERN_2_DESC">
			<Text>As Bolivar, complete the Space Race Legacy Path twice.</Text>
		</Row>
		<Row Tag="LOC_METAPROGRESSION_CHALLENGE_BOLIVAR_SCIENCE_VICTORY_MODERN_3_NAME">
			<Text>Space Race 3</Text>
		</Row>
		<Row Tag="LOC_METAPROGRESSION_CHALLENGE_BOLIVAR_SCIENCE_VICTORY_MODERN_3_DESC">
			<Text>As Bolivar, complete the Space Race Legacy Path thrice.</Text>
		</Row>
		<Row Tag="LOC_METAPROGRESSION_CHALLENGE_BOLIVAR_CULTURE_VICTORY_ANTIQUITY_NAME">
			<Text>Wonders of the Ancient World</Text>
		</Row>
		<Row Tag="LOC_METAPROGRESSION_CHALLENGE_BOLIVAR_CULTURE_VICTORY_ANTIQUITY_DESC">
			<Text>As Bolivar, complete the Wonders of the Ancient World Legacy Path.</Text>
		</Row>
		<Row Tag="LOC_METAPROGRESSION_CHALLENGE_BOLIVAR_CULTURE_VICTORY_ANTIQUITY_2_NAME">
			<Text>Wonders of the Ancient World 2</Text>
		</Row>
		<Row Tag="LOC_METAPROGRESSION_CHALLENGE_BOLIVAR_CULTURE_VICTORY_ANTIQUITY_2_DESC">
			<Text>As Bolivar, complete the Wonders of the Ancient World Legacy Path twice.</Text>
		</Row>
		<Row Tag="LOC_METAPROGRESSION_CHALLENGE_BOLIVAR_CULTURE_VICTORY_ANTIQUITY_3_NAME">
			<Text>Wonders of the Ancient World 3</Text>
		</Row>
		<Row Tag="LOC_METAPROGRESSION_CHALLENGE_BOLIVAR_CULTURE_VICTORY_ANTIQUITY_3_DESC">
			<Text>As Bolivar, complete the Wonders of the Ancient World Legacy Path thrice.</Text>
		</Row>
		<Row Tag="LOC_METAPROGRESSION_CHALLENGE_BOLIVAR_CULTURE_VICTORY_EXPLORATION_NAME">
			<Text>Toshakhana</Text>
		</Row>
		<Row Tag="LOC_METAPROGRESSION_CHALLENGE_BOLIVAR_CULTURE_VICTORY_EXPLORATION_DESC">
			<Text>As Bolivar, complete the Toshakhana Legacy Path.</Text>
		</Row>
		<Row Tag="LOC_METAPROGRESSION_CHALLENGE_BOLIVAR_CULTURE_VICTORY_EXPLORATION_2_NAME">
			<Text>Toshakhana 2</Text>
		</Row>
		<Row Tag="LOC_METAPROGRESSION_CHALLENGE_BOLIVAR_CULTURE_VICTORY_EXPLORATION_2_DESC">
			<Text>As Bolivar, complete the Toshakhana Legacy Path twice.</Text>
		</Row>
		<Row Tag="LOC_METAPROGRESSION_CHALLENGE_BOLIVAR_CULTURE_VICTORY_EXPLORATION_3_NAME">
			<Text>Toshakhana 3</Text>
		</Row>
		<Row Tag="LOC_METAPROGRESSION_CHALLENGE_BOLIVAR_CULTURE_VICTORY_EXPLORATION_3_DESC">
			<Text>As Bolivar, complete the Toshakhana Legacy Path thrice.</Text>
		</Row>
		<Row Tag="LOC_METAPROGRESSION_CHALLENGE_BOLIVAR_CULTURE_VICTORY_MODERN_NAME">
			<Text>Geographic Society</Text>
		</Row>
		<Row Tag="LOC_METAPROGRESSION_CHALLENGE_BOLIVAR_CULTURE_VICTORY_MODERN_DESC">
			<Text>As Bolivar, complete the Geographic Society Legacy Path.</Text>
		</Row>
		<Row Tag="LOC_METAPROGRESSION_CHALLENGE_BOLIVAR_CULTURE_VICTORY_MODERN_2_NAME">
			<Text>Geographic Society 2</Text>
		</Row>
		<Row Tag="LOC_METAPROGRESSION_CHALLENGE_BOLIVAR_CULTURE_VICTORY_MODERN_2_DESC">
			<Text>As Bolivar, complete the Geographic Society Legacy Path twice.</Text>
		</Row>
		<Row Tag="LOC_METAPROGRESSION_CHALLENGE_BOLIVAR_CULTURE_VICTORY_MODERN_3_NAME">
			<Text>Geographic Society 3</Text>
		</Row>
		<Row Tag="LOC_METAPROGRESSION_CHALLENGE_BOLIVAR_CULTURE_VICTORY_MODERN_3_DESC">
			<Text>As Bolivar, complete the Geographic Society Legacy Path thrice.</Text>
		</Row>
		<Row Tag="LOC_METAPROGRESSION_CHALLENGE_BOLIVAR_FLAWLESS_VICTORY_ANTIQUITY_NAME">
			<Text>Dual Legacies, Antiquity</Text>
		</Row>
		<Row Tag="LOC_METAPROGRESSION_CHALLENGE_BOLIVAR_FLAWLESS_VICTORY_ANTIQUITY_DESC">
			<Text>As Bolivar, complete 2 Legacy Paths in a single Antiquity Age.</Text>
		</Row>
		<Row Tag="LOC_METAPROGRESSION_CHALLENGE_BOLIVAR_FLAWLESS_VICTORY_EXPLORATION_NAME">
			<Text>Dual Legacies, Exploration</Text>
		</Row>
		<Row Tag="LOC_METAPROGRESSION_CHALLENGE_BOLIVAR_FLAWLESS_VICTORY_EXPLORATION_DESC">
			<Text>As Bolivar, complete 2 Legacy Paths in a single Exploration Age.</Text>
		</Row>
		<Row Tag="LOC_METAPROGRESSION_CHALLENGE_BOLIVAR_FLAWLESS_VICTORY_MODERN_NAME">
			<Text>Dual Legacies, Modern</Text>
		</Row>
		<Row Tag="LOC_METAPROGRESSION_CHALLENGE_BOLIVAR_FLAWLESS_VICTORY_MODERN_DESC">
			<Text>As Bolivar, complete 2 Legacy Paths in a single Modern Age.</Text>
		</Row>
		<Row Tag="LOC_METAPROGRESSION_CHALLENGE_BOLIVAR_QUEST_A_ANTIQUITY_NAME">
			<Text>A People</Text>
		</Row>
		<Row Tag="LOC_METAPROGRESSION_CHALLENGE_BOLIVAR_QUEST_A_ANTIQUITY_DESC">
			<Text>As Simón Bolívar in Antiquity, complete a quest to reach the rural people.</Text>
		</Row>
		<Row Tag="LOC_METAPROGRESSION_CHALLENGE_BOLIVAR_QUEST_B_ANTIQUITY_NAME">
			<Text>Ready for Anything</Text>
		</Row>
		<Row Tag="LOC_METAPROGRESSION_CHALLENGE_BOLIVAR_QUEST_B_ANTIQUITY_DESC">
			<Text>As Simón Bolívar in Antiquity, complete a quest to quell the dust of battle.</Text>
		</Row>
		<Row Tag="LOC_METAPROGRESSION_CHALLENGE_BOLIVAR_QUEST_A_EXPLORATION_NAME">
			<Text>If Needs Be</Text>
		</Row>
		<Row Tag="LOC_METAPROGRESSION_CHALLENGE_BOLIVAR_QUEST_A_EXPLORATION_DESC">
			<Text>As Simón Bolívar in Exploration, complete a quest to navigate perilous oceans.</Text>
		</Row>
		<Row Tag="LOC_METAPROGRESSION_CHALLENGE_BOLIVAR_QUEST_B_EXPLORATION_NAME">
			<Text>A Sheaf of Arrows</Text>
		</Row>
		<Row Tag="LOC_METAPROGRESSION_CHALLENGE_BOLIVAR_QUEST_B_EXPLORATION_DESC">
			<Text>As Simón Bolívar in Exploration, complete a quest to promote a veteran soldier.</Text>
		</Row>
		<Row Tag="LOC_METAPROGRESSION_CHALLENGE_BOLIVAR_QUEST_A_MODERN_NAME">
			<Text>An Open Door</Text>
		</Row>
		<Row Tag="LOC_METAPROGRESSION_CHALLENGE_BOLIVAR_QUEST_A_MODERN_DESC">
			<Text>As Simón Bolívar in Modern, complete a quest to unite the empire by rail.</Text>
		</Row>
		<Row Tag="LOC_METAPROGRESSION_CHALLENGE_BOLIVAR_QUEST_B_MODERN_NAME">
			<Text>Unwavering Resolve</Text>
		</Row>
		<Row Tag="LOC_METAPROGRESSION_CHALLENGE_BOLIVAR_QUEST_B_MODERN_DESC">
			<Text>As Simón Bolívar in Modern, complete a quest to fight for your beliefs.</Text>
		</Row>
	</EnglishText>
</Database>
<!-- !! DO NOT EDIT THIS FILE !! -->
<!-- This file was automatically generated via the metaprogression generation workflow. -->