<?xml version="1.0" encoding="utf-8"?>
<Database>
	<EnglishText>
		<Row Tag="LOC_BADGE_BOLIVAR_NAME">
			<Text>Bolivar Badge 1</Text>
		</Row>
		<Row Tag="LOC_BADGE_BOLIVAR_P_NAME">
			<Text>Bolivar Badge 2</Text>
		</Row>
		<Row Tag="LOC_BANNER_BOLIVAR_NAME">
			<Text>Bolivar Banner</Text>
		</Row>
		<Row Tag="LOC_TITLE_BOLIVAR_NAME">
			<Text>The Liberator</Text>
		</Row>
		<Row Tag="LOC_STRATEGYCARD_BOLIVAR_EXPLORATION_1_NAME">
			<Text>Exploration Expansionist Legacy Card</Text>
		</Row>
		<Row Tag="LOC_STRATEGYCARD_BOLIVAR_EXPLORATION_1_DESCRIPTION">
			<Text>As Bolivar, access a new Exploration Legacy Card:[n]
				+15% Gold, -10% Food</Text>
		</Row>
		<Row Tag="LOC_STRATEGYCARD_BOLIVAR_EXPLORATION_2_NAME">
			<Text>Exploration Militaristic Legacy Card</Text>
		</Row>
		<Row Tag="LOC_STRATEGYCARD_BOLIVAR_EXPLORATION_2_DESCRIPTION">
			<Text>As Bolivar, access a new Exploration Legacy Card:[n]
				+3 Combat Strength towards Naval Units, -10% Influence</Text>
		</Row>
		<Row Tag="LOC_STRATEGYCARD_BOLIVAR_MODERN_1_NAME">
			<Text>Modern Expansionist Legacy Card</Text>
		</Row>
		<Row Tag="LOC_STRATEGYCARD_BOLIVAR_MODERN_1_DESCRIPTION">
			<Text>As Bolivar, access a new Modern Legacy Card:[n]
				+15% Food, -10% Gold</Text>
		</Row>
		<Row Tag="LOC_STRATEGYCARD_BOLIVAR_MODERN_2_NAME">
			<Text>Modern Militaristic Legacy Card</Text>
		</Row>
		<Row Tag="LOC_STRATEGYCARD_BOLIVAR_MODERN_2_DESCRIPTION">
			<Text>As Bolivar, access a new Modern Legacy Card:[n]
				+3 Combat Strength towards Air Units, -10% Influence</Text>
		</Row>
		<Row Tag="LOC_ATTRIBUTENODE_BOLIVAR_L1_NAME">
			<Text>Expansionist Attribute Node</Text>
		</Row>
		<Row Tag="LOC_ATTRIBUTENODE_BOLIVAR_L1_DESCRIPTION">
			<Text>+50% Gold towards converting a Town to a City.</Text>
		</Row>
		<Row Tag="LOC_ATTRIBUTENODE_BOLIVAR_L2_NAME">
			<Text>Militaristic Attribute Node</Text>
		</Row>
		<Row Tag="LOC_ATTRIBUTENODE_BOLIVAR_L2_DESCRIPTION">
			<Text>+5 Combat Strength for all Units against Districts.</Text>
		</Row>
	</EnglishText>
</Database>