<?xml version="1.0" encoding="utf-8"?>
<Database>
	<EnglishText>
		<Row Tag="LOC_UNLOCK_PLAY_AS_BOLIVAR_DESCRIPTION">
			<Text>Play as [B]Simón Bolívar[/B].</Text>
		</Row>
		
		<Row Tag="LOC_UNLOCK_PLAY_AS_BOLIVAR_INCA_TOOLTIP">
			<Text>[B]Simón Bolivar[/B] was from the Americas.</Text>
		</Row>
		<Row Tag="LOC_UNLOCK_PLAY_AS_BOLIVAR_MEXICO_TOOLTIP">
			<Text>[B]Simón Bolivar[/B] was from the Americas.</Text>
		</Row>
		<Row Tag="LOC_UNLOCK_PLAY_AS_BOLIVAR_MAYA_TOOLTIP">
			<Text>[B]Simón Bolivar[/B] was from the Americas.</Text>
		</Row>
		<Row Tag="LOC_UNLOCK_PLAY_AS_BOLIVAR_SPAIN_TOOLTIP">
			<Text>[B]Spain[/B] strategically complements [B]Simón Bolivar[/B].</Text>
		</Row>
		<Row Tag="LOC_UNLOCK_PLAY_AS_BOLIVAR_ROME_TOOLTIP">
			<Text>[B]Rome[/B] strategically complements [B]Simón Bolivar[/B].</Text>
		</Row>
		<Row Tag="LOC_UNLOCK_PLAY_AS_BOLIVAR_FRANCE_TOOLTIP">
			<Text>[B]Simón Bolívar[/B] was influenced by the [B]French Empire[/B].</Text>
		</Row>
	</EnglishText>
</Database>