<?xml version="1.0" encoding="utf-8"?>
<Database>
	<EnglishText>
		<!--Civilization Traits-->
		<Row Tag="LOC_TRAIT_ASSYRIA_ABILITY_NAME">
			<Text>Treasures of Nineveh</Text>
		</Row>
		<Row Tag="LOC_CIVILIZATION_ASSYRIA_DESCRIPTION">
			<Text>Gain a Technology upon capturing a Settlement for the first time. Codices are not awarded from Technologies. Can generate Codices from Conquest after completing the Tupšarrūtu Civic.</Text>
		</Row>
		<Row Tag="LOC_TRAIT_ASSYRIA_ABILITY_DESCRIPTION">
			<Text>[BLIST][LI]Gain a [B]Technology [/B]upon capturing a Settlement for the first time. [LI][B]Codices [/B]are not awarded from Technologies.[LI]Can generate [B]Codices[/B] from Conquest after completing the Tupšarrūtu Civic.[LI][B]+30%[icon:YIELD_PRODUCTION] Production [/B]towards constructing [B]Dur-Sharrukin[/B].[/LIST]</Text>
		</Row>
		<Row Tag="LOC_MOD_CIV_WONDER_PRODUCTION_ASSYRIA_DESCRIPTION">
			<Text>+30%[icon:YIELD_PRODUCTION] Production from being the Assyria's associated Wonder.</Text>
		</Row>
	</EnglishText>
</Database>