<?xml version="1.0" encoding="utf-8"?>
<GameEffects xmlns="GameEffects">
    <Modifier id="11030B_NARRATIVE_MODIFIER" collection="COLLECTION_PLAYER_PLOT_YIELDS" effect="EFFECT_PLOT_ADJUST_YIELD" run-once="false" permanent="true">
        <SubjectRequirements>
            <Requirement type="REQUIREMENT_PLOT_TERRAIN_TYPE_MATCHES">
                <Argument name="TerrainType">TERRAIN_MOUNTAIN</Argument>
            </Requirement>
        </SubjectRequirements>
        <Argument name="Amount">1</Argument>
        <Argument name="YieldType">YIELD_FOOD</Argument>
    </Modifier>
    <Modifier id="11031A_NARRATIVE_MODIFIER" collection="COLLECTION_PLAYER_CITIES" effect="EFFECT_CITY_ADJUST_CONSTRUCTIBLE_YIELD" run-once="false" permanent="true">
        <Argument name="YieldType">YIELD_CULTURE</Argument>
        <Argument name="Amount" type="ScaleByGameAge" extra="100">1</Argument>
        <Argument name="ConstructibleType">BUILDING_SCHOOLHOUSE</Argument>
    </Modifier>
    <Modifier id="11032B_NARRATIVE_MODIFIER" collection="COLLECTION_OWNER" effect="EFFECT_PLAYER_GRANT_YIELD_NARRATIVE" run-once="false" permanent="true">
        <Argument name="YieldType">YIELD_SCIENCE</Argument>
        <Argument name="MultiplierType">REWARD_TYPE_MEDIUM_EARLY</Argument>
    </Modifier>
    <Modifier id="11032C_NARRATIVE_MODIFIER" collection="COLLECTION_OWNER" effect="EFFECT_PLAYER_GRANT_UNIT_AT_PLOT" run-once="false" permanent="true">
        <Argument name="Amount">1</Argument>
        <Argument name="UnitType">UNIT_SHERPA</Argument>
    </Modifier>
    <Modifier id="11032C_NARRATIVE_MODIFIER2" collection="COLLECTION_OWNER" effect="EFFECT_PLAYER_GRANT_YIELD_NARRATIVE" run-once="false" permanent="true">
        <Argument name="YieldType">YIELD_HAPPINESS</Argument>
        <Argument name="MultiplierType">REWARD_TYPE_MINOR_EARLY</Argument>
    </Modifier>
    <Modifier id="11034A_NARRATIVE_MODIFIER" collection="COLLECTION_OWNER" effect="EFFECT_PLAYER_DEDUCT_TREASURY_NARRATIVE" run-once="false" permanent="true">
        <Argument name="MultiplierType">REWARD_TYPE_MINOR_EARLY</Argument>
    </Modifier>
    <Modifier id="11034B_NARRATIVE_MODIFIER" collection="COLLECTION_PLAYER_CITIES" effect="EFFECT_CITY_ADJUST_CONSTRUCTIBLE_YIELD" run-once="false" permanent="true">
        <Argument name="YieldType">YIELD_CULTURE</Argument>
        <Argument name="Amount" type="ScaleByGameAge" extra="100">2</Argument>
        <Argument name="ConstructibleType">IMPROVEMENT_HIGHLAND_POWER_STATION</Argument>
    </Modifier>
    <Modifier id="11033B_NARRATIVE_MODIFIER" collection="COLLECTION_OWNER" effect="EFFECT_PLAYER_GRANT_YIELD_NARRATIVE" run-once="false" permanent="true">
        <Argument name="YieldType">YIELD_CULTURE</Argument>
        <Argument name="MultiplierType">REWARD_TYPE_MINOR_EARLY</Argument>
    </Modifier>
    <Modifier id="11035B_NARRATIVE_MODIFIER" collection="COLLECTION_PLAYER_CITIES" effect="EFFECT_CITY_ADJUST_CONSTRUCTIBLE_YIELD" run-once="false" permanent="true">
        <Argument name="YieldType">YIELD_HAPPINESS</Argument>
        <Argument name="Amount" type="ScaleByGameAge" extra="100">1</Argument>
        <Argument name="Tag">CULTURE</Argument>
    </Modifier>
    <Modifier id="11035C_NARRATIVE_MODIFIER" collection="COLLECTION_PLAYER_CITIES" effect="EFFECT_CITY_ADJUST_CONSTRUCTIBLE_YIELD" run-once="false" permanent="true">
        <Argument name="YieldType">YIELD_DIPLOMACY</Argument>
        <Argument name="Amount">1</Argument>
        <Argument name="Tag">PRODUCTION</Argument>
    </Modifier>
    <Modifier id="11036B_NARRATIVE_MODIFIER" collection="COLLECTION_OWNER" effect="EFFECT_PLAYER_ADJUST_YIELD_PER_NUM_TRADE_ROUTES" run-once="false" permanent="true">
        <Argument name="Amount">2</Argument>
        <Argument name="YieldType">YIELD_DIPLOMACY</Argument>
    </Modifier>
    <Modifier id="11036C_NARRATIVE_MODIFIER" collection="COLLECTION_OWNER" effect="EFFECT_PLAYER_GRANT_YIELD_NARRATIVE" run-once="false" permanent="true">
        <Argument name="YieldType">YIELD_GOLD</Argument>
        <Argument name="MultiplierType">REWARD_TYPE_MINOR_LATE</Argument>
    </Modifier>
    <Modifier id="11036C_NARRATIVE_MODIFIER2" collection="COLLECTION_OWNER" effect="EFFECT_GRANT_ALL_PLAYERS_FAVORS_GRIEVANCES" run-once="false" permanent="true">
        <Argument name="GrievancesAmount">15</Argument>
    </Modifier>
    <Modifier id="11037B_NARRATIVE_MODIFIER" collection="COLLECTION_PLAYER_CITIES" effect="EFFECT_CITY_ADJUST_CONSTRUCTIBLE_PRODUCTION" run-once="false" permanent="true">
        <Argument name="Percent">30</Argument>
        <Argument name="ConstructibleType">BUILDING_FACTORY</Argument>
    </Modifier>
    <Modifier id="11038B_NARRATIVE_MODIFIER" collection="COLLECTION_OWNER" effect="EFFECT_PLAYER_GRANT_YIELD_NARRATIVE" run-once="false" permanent="true">
        <Argument name="YieldType">YIELD_DIPLOMACY</Argument>
        <Argument name="MultiplierType">REWARD_TYPE_MINOR_LATE</Argument>
    </Modifier>
    <Modifier id="11038C_NARRATIVE_MODIFIER" collection="COLLECTION_OWNER" effect="EFFECT_PLAYER_GRANT_YIELD_NARRATIVE" run-once="false" permanent="true">
        <Argument name="YieldType">YIELD_GOLD</Argument>
        <Argument name="MultiplierType">REWARD_TYPE_MINOR_LATE</Argument>
    </Modifier>
    <Modifier id="11039B_NARRATIVE_MODIFIER" collection="COLLECTION_PLAYER_CITIES" effect="EFFECT_CITY_ADJUST_CONSTRUCTIBLE_YIELD" run-once="false" permanent="true">
        <Argument name="YieldType">YIELD_PRODUCTION</Argument>
        <Argument name="Amount" type="ScaleByGameAge" extra="100">1</Argument>
        <Argument name="ConstructibleType">IMPROVEMENT_HIGHLAND_POWER_STATION</Argument>
    </Modifier>
    <Modifier id="11039C_NARRATIVE_MODIFIER" collection="COLLECTION_UNIT_COMBAT" effect="EFFECT_ADJUST_UNIT_STRENGTH_MODIFIER" run-once="false" permanent="true">
        <SubjectRequirements>
            <Requirement type="REQUIREMENT_PLAYER_IS_ATTACKING">
                <Argument name="Inverse">True</Argument>
            </Requirement>
            <Requirement type="REQUIREMENT_PLOT_ADJACENT_TERRAIN_TYPE_MATCHES">
                <Argument name="TerrainType">TERRAIN_MOUNTAIN</Argument>
            </Requirement>
        </SubjectRequirements>
        <Argument name="Amount">2</Argument>
    </Modifier>
    <Modifier id="11040B_NARRATIVE_MODIFIER" collection="COLLECTION_PLAYER_CITIES" effect="EFFECT_CITY_ADJUST_CONSTRUCTIBLE_YIELD" run-once="false" permanent="true">
        <Argument name="YieldType">YIELD_CULTURE</Argument>
        <Argument name="Amount" type="ScaleByGameAge" extra="100">1</Argument>
        <Argument name="Tag">MILITARY</Argument>
    </Modifier>
    <Modifier id="11040C_NARRATIVE_MODIFIER" collection="COLLECTION_OWNER" effect="EFFECT_DIPLOMACY_ADJUST_DIPLOMATIC_ACTION_TYPE_EFFICIENCY" run-once="false" permanent="true">
        <Argument name="ActionType">DIPLOMACY_ACTION_GIFT_GURKHA</Argument>
        <Argument name="Percent">15</Argument>
    </Modifier>
    <Modifier id="11041B_NARRATIVE_MODIFIER" collection="COLLECTION_PLAYER_CITIES" effect="EFFECT_CITY_ADJUST_YIELD" run-once="false" permanent="true">
        <SubjectRequirements>
            <Requirement type="REQUIREMENT_CITY_IS_CITY">
            </Requirement>
        </SubjectRequirements>
        <Argument name="YieldType">YIELD_HAPPINESS</Argument>
        <Argument name="Amount" type="ScaleByGameAge" extra="100">1</Argument>
    </Modifier>
    <Modifier id="11041C_NARRATIVE_MODIFIER" collection="COLLECTION_PLAYER_CITIES" effect="EFFECT_CITY_ADJUST_YIELD" run-once="false" permanent="true">
        <SubjectRequirements>
            <Requirement type="REQUIREMENT_CITY_IS_CITY" inverse="true">
            </Requirement>
        </SubjectRequirements>
        <Argument name="YieldType">YIELD_CULTURE</Argument>
        <Argument name="Amount" type="ScaleByGameAge" extra="100">1</Argument>
    </Modifier>
    <Modifier id="11069B_NARRATIVE_MODIFIER" collection="COLLECTION_OWNER" effect="EFFECT_PLAYER_ATTRIBUTE" run-once="false" permanent="true">
        <Argument name="AttributeType">ATTRIBUTE_POLITICAL</Argument>
        <Argument name="Amount">1</Argument>
    </Modifier>
    <Modifier id="11069C_NARRATIVE_MODIFIER" collection="COLLECTION_OWNER" effect="EFFECT_PLAYER_ATTRIBUTE" run-once="false" permanent="true">
        <Argument name="AttributeType">ATTRIBUTE_CULTURAL</Argument>
        <Argument name="Amount">1</Argument>
    </Modifier>
    <Modifier id="12007B_NARRATIVE_MODIFIER" collection="COLLECTION_OWNER" effect="EFFECT_PLAYER_GRANT_YIELD_NARRATIVE" run-once="false" permanent="true">
        <Argument name="YieldType">YIELD_CULTURE</Argument>
        <Argument name="MultiplierType">REWARD_TYPE_MINOR_EARLY</Argument>
    </Modifier>
    <Modifier id="12007C_NARRATIVE_MODIFIER" collection="COLLECTION_OWNER" effect="EFFECT_PLAYER_GRANT_YIELD_NARRATIVE" run-once="false" permanent="true">
        <Argument name="YieldType">YIELD_DIPLOMACY</Argument>
        <Argument name="MultiplierType">REWARD_TYPE_MINOR_EARLY</Argument>
    </Modifier>
    <Requirement id="REQ_STORY_CIVILIZATION_NEPAL" type="REQUIREMENT_PLAYER_CIVILIZATION_TYPE_MATCHES">
        <Argument name="CivilizationType">CIVILIZATION_NEPAL</Argument>
    </Requirement>
    <RequirementSet id="REQSET_11030A_NARRATIVE_REQUISITE">
        <Requirement xref="REQ_STORY_CIVILIZATION_NEPAL"/>
        <Requirement type="REQUIREMENT_PLAYER_CIVILIZATION_TYPE_MATCHES">
            <Argument name="CivilizationType">CIVILIZATION_INCA</Argument>
            <Argument name="IsPastCivilization">True</Argument>
        </Requirement>
    </RequirementSet>
    <RequirementSet id="REQSET_11032A_NARRATIVE_REQUISITE">
        <Requirement xref="REQ_STORY_CIVILIZATION_NEPAL"/>
    </RequirementSet>
    <RequirementSet id="REQSET_11033A_NARRATIVE_REQUISITE">
        <Requirement xref="REQ_STORY_CIVILIZATION_NEPAL"/>
    </RequirementSet>
    <RequirementSet id="REQSET_11035A_NARRATIVE_REQUISITE">
        <Requirement xref="REQ_STORY_CIVILIZATION_NEPAL"/>
    </RequirementSet>
    <RequirementSet id="REQSET_11036A_NARRATIVE_REQUISITE">
        <Requirement xref="REQ_STORY_CIVILIZATION_NEPAL"/>
    </RequirementSet>
    <RequirementSet id="REQSET_11037A_NARRATIVE_REQUISITE">
        <Requirement xref="REQ_STORY_CIVILIZATION_NEPAL"/>
    </RequirementSet>
    <RequirementSet id="REQSET_11038D_NARRATIVE_REQUISITE">
        <Requirement xref="REQ_STORY_CIVILIZATION_NEPAL"/>
    </RequirementSet>
    <RequirementSet id="REQSET_11039D_NARRATIVE_REQUISITE">
        <Requirement xref="REQ_STORY_CIVILIZATION_NEPAL"/>
    </RequirementSet>
    <RequirementSet id="REQSET_11040A_NARRATIVE_REQUISITE">
        <Requirement xref="REQ_STORY_CIVILIZATION_NEPAL"/>
    </RequirementSet>
    <RequirementSet id="REQSET_11041A_NARRATIVE_REQUISITE">
        <Requirement xref="REQ_STORY_CIVILIZATION_NEPAL"/>
    </RequirementSet>
    <RequirementSet id="REQSET_11069A_NARRATIVE_REQUISITE">
        <Requirement xref="REQ_STORY_CIVILIZATION_NEPAL"/>
    </RequirementSet>
    <RequirementSet id="REQSET_11030A_NARRATIVE">
        <Requirement xref="REQ_STORY_CIVILIZATION_NEPAL"/>
        <Requirement type="REQUIREMENT_PLAYER_HAS_AT_LEAST_NUM_BUILDINGS">
            <Argument name="BuildingType">IMPROVEMENT_TERRACE_FARM</Argument>
            <Argument name="Amount">4</Argument>
        </Requirement>
        <Requirement type="REQUIREMENT_PLAYER_HAS_COMPLETED_PROGRESSION_TREE_NODE">
            <Argument name="ProgressionTreeNodeType">NODE_TECH_MO_ACADEMICS</Argument>
            <Argument name="MinDepth">1</Argument>
        </Requirement>
    </RequirementSet>
    <RequirementSet id="REQSET_11031A_NARRATIVE">
        <Requirement type="REQUIREMENT_COLLECTION_COUNT_ATLEAST">
            <Argument name="Count">3</Argument>
            <Argument name="CollectionType">COLLECTION_PLAYER_CITIES</Argument>
            <Argument name="RequirementSetId">SUBREQSET_11031A_NARRATIVE</Argument>
        </Requirement>
    </RequirementSet>
    <RequirementSet id="SUBREQSET_11031A_NARRATIVE">
        <Requirement type="REQUIREMENT_BUILDING_IS_ADJACENT_TO_X">
            <Argument name="BuildingType">BUILDING_SCHOOLHOUSE</Argument>
            <Argument name="AdjacentTerrainTypes">TERRAIN_MOUNTAIN</Argument>
        </Requirement>
    </RequirementSet>
    <RequirementSet id="REQSET_11032A_NARRATIVE">
        <Requirement xref="REQ_STORY_CIVILIZATION_NEPAL"/>
        <Requirement type="REQUIREMENT_PLAYER_HAS_AT_LEAST_NUM_GOSSIPS">
            <Argument name="GossipTypes">GOSSIP_RANDOM_EVENT_UNIT_KILLED01</Argument>
            <Argument name="GOSSIP_RANDOM_EVENT_UNIT_KILLED01">Hash,UnitType,UNIT_SHERPA,Hash,EventClass,CLASS_VOLCANO</Argument>
        </Requirement>
    </RequirementSet>
    <RequirementSet id="REQSET_11033A_NARRATIVE">
        <Requirement xref="REQ_STORY_CIVILIZATION_NEPAL"/>
        <Requirement type="REQUIREMENT_PLAYER_HAS_AT_LEAST_NUM_GOSSIPS">
            <Argument name="GossipTypes">GOSSIP_CONSTRUCT_BUILDING01</Argument>
            <Argument name="GOSSIP_CONSTRUCT_BUILDING01">Hash,FeatureType,FEATURE_MACHAPUCHARE,Hash,ConstructibleType,IMPROVEMENT_HIGHLAND_POWER_STATION</Argument>
        </Requirement>
    </RequirementSet>
    <RequirementSet id="REQSET_11035A_NARRATIVE">
        <Requirement xref="REQ_STORY_CIVILIZATION_NEPAL"/>
        <Requirement type="REQUIREMENT_PLAYER_HAS_AT_LEAST_NUM_GOSSIPS">
            <Argument name="GossipTypes">GOSSIP_UNIT_COMBAT_DEATH01,GOSSIP_UNIT_COMBAT_DEATH02,GOSSIP_UNIT_COMBAT_DEATH03</Argument>
            <Argument name="GOSSIP_UNIT_COMBAT_DEATH01">Hash,OtherPlayer,Self,Hash,KillingUnitType,UNIT_GURKHA,Hash,DyingUnitType,UNIT_GURKHA</Argument>
            <Argument name="GOSSIP_UNIT_COMBAT_DEATH02">Hash,OtherPlayer,Self,Hash,KillingUnitType,UNIT_GURKHA_2,Hash,DyingUnitType,UNIT_GURKHA_2</Argument>
            <Argument name="GOSSIP_UNIT_COMBAT_DEATH03">Hash,OtherPlayer,Self,Hash,KillingUnitType,UNIT_GURKHA_3,Hash,DyingUnitType,UNIT_GURKHA_3</Argument>
            <Argument name="Amount">1</Argument>
        </Requirement>
    </RequirementSet>
    <RequirementSet id="REQSET_11036A_NARRATIVE">
        <Requirement xref="REQ_STORY_CIVILIZATION_NEPAL"/>
        <Requirement type="REQUIREMENT_PLAYER_TRADES_WITH_PLAYERS_AT_WAR">
            <Argument name="Amount">2</Argument>
        </Requirement>
    </RequirementSet>
    <RequirementSet id="REQSET_11037A_NARRATIVE">
        <Requirement xref="REQ_STORY_CIVILIZATION_NEPAL"/>
        <Requirement type="REQUIREMENT_PLAYER_HAS_AT_LEAST_NUM_GOSSIPS">
            <Argument name="GossipTypes">GOSSIP_UNIT_USES_ABILITY_CHARGE01</Argument>
            <Argument name="GOSSIP_UNIT_USES_ABILITY_CHARGE01">Hash,Ability,CHARGED_ABILITY_CLAIM_MOUNTAIN</Argument>
            <Argument name="DuplicateCount">4</Argument>
        </Requirement>
    </RequirementSet>
    <RequirementSet id="REQSET_11038D_NARRATIVE">
        <Requirement xref="REQ_STORY_CIVILIZATION_NEPAL"/>
        <Requirement type="REQUIREMENT_PLAYER_HAS_ACTIVE_TRADITION">
            <Argument name="TraditionType">TRADITION_MAITRI_SANADHI</Argument>
        </Requirement>
    </RequirementSet>
    <RequirementSet id="REQSET_11038A_NARRATIVE">
        <Requirement type="REQUIREMENT_PLAYER_HAS_ACTIVE_TRADITION">
            <Argument name="TraditionType">TRADITION_MAITRI_SANADHI</Argument>
        </Requirement>
        <Requirement type="REQUIREMENT_PLAYER_HAS_AT_LEAST_NUM_GOSSIPS">
            <Argument name="GossipTypes">GOSSIP_DIPLOMACY_ACTION_STARTED01</Argument>
            <Argument name="GOSSIP_DIPLOMACY_ACTION_STARTED01">Hash,OtherPlayer,Other,Hash,DiplomacyActionGroup,DIPLOMACY_ACTION_GROUP_ENDEAVOR,Hash,WereEverAtWar,True</Argument>
            <Argument name="AfterInit">True</Argument>
            <Argument name="DuplicateCount">4</Argument>
        </Requirement>
    </RequirementSet>
    <RequirementSet id="REQSET_11039D_NARRATIVE">
        <Requirement xref="REQ_STORY_CIVILIZATION_NEPAL"/>
        <Requirement type="REQUIREMENT_PLAYER_HAS_ACTIVE_TRADITION">
            <Argument name="TraditionType">TRADITION_HIMAL</Argument>
        </Requirement>
        <Requirement type="REQUIREMENT_PLAYER_HAS_ACTIVE_TRADITION">
            <Argument name="TraditionType">TRADITION_TUNDIKHEL</Argument>
        </Requirement>
    </RequirementSet>
    <RequirementSet id="REQSET_11039A_NARRATIVE">
        <Requirement type="REQUIREMENT_PLAYER_HAS_AT_LEAST_NUM_GOSSIPS">
            <Argument name="GossipTypes">GOSSIP_CONSTRUCT_BUILDING01</Argument>
            <Argument name="GOSSIP_CONSTRUCT_BUILDING01">Hash,ConstructibleType,IMPROVEMENT_HIGHLAND_POWER_STATION</Argument>
            <Argument name="AfterInit">True</Argument>
        </Requirement>
        <Requirement type="REQUIREMENT_PLAYER_HAS_ACTIVE_TRADITION">
            <Argument name="TraditionType">TRADITION_HIMAL</Argument>
        </Requirement>
        <Requirement type="REQUIREMENT_PLAYER_HAS_ACTIVE_TRADITION">
            <Argument name="TraditionType">TRADITION_TUNDIKHEL</Argument>
        </Requirement>
    </RequirementSet>
    <RequirementSet id="REQSET_11040A_NARRATIVE">
        <Requirement xref="REQ_STORY_CIVILIZATION_NEPAL"/>
        <Requirement type="REQUIREMENT_PLAYER_HAS_AT_LEAST_NUM_GOSSIPS">
            <Argument name="GossipTypes">GOSSIP_DIPLOMACY_ACTION_STARTED01</Argument>
            <Argument name="GOSSIP_DIPLOMACY_ACTION_STARTED01">Hash,DiplomacyActionType,DIPLOMACY_ACTION_GIFT_GURKHA,Hash,Civilization,CIVILIZATION_GREAT_BRITAIN,Numeric,RelationshipCount,80</Argument>
        </Requirement>
    </RequirementSet>
    <RequirementSet id="REQSET_11041A_NARRATIVE">
        <Requirement xref="REQ_STORY_CIVILIZATION_NEPAL"/>
        <Requirement type="REQUIREMENT_PLAYER_HAS_COMPLETED_PROGRESSION_TREE_NODE">
            <Argument name="ProgressionTreeNodeType">NODE_CIVIC_MO_NEPAL_SINGHA_DURBAR</Argument>
            <Argument name="MinDepth">1</Argument>
        </Requirement>
        <Requirement type="REQUIREMENT_COLLECTION_COUNT_ATLEAST">
            <Argument name="Count">3</Argument>
            <Argument name="CollectionType">COLLECTION_PLAYER_CITIES</Argument>
            <Argument name="RequirementSetId">SUBREQSET_11041A_NARRATIVE</Argument>
        </Requirement>
    </RequirementSet>
    <RequirementSet id="SUBREQSET_11041A_NARRATIVE">
        <Requirement type="REQUIREMENT_CITY_POPULATION">
            <Argument name="MinTotalPopulation">35</Argument>
        </Requirement>
    </RequirementSet>
    <RequirementSet id="REQSET_11069A_NARRATIVE">
        <Requirement xref="REQ_STORY_CIVILIZATION_NEPAL"/>
        <Requirement type="REQUIREMENT_PLAYER_HAS_COMPLETED_PROGRESSION_TREE_NODE">
            <Argument name="ProgressionTreeNodeType">NODE_CIVIC_MO_NEPAL_GORKHAPATRA</Argument>
            <Argument name="MinDepth">1</Argument>
        </Requirement>
    </RequirementSet>
    <RequirementSet id="REQSET_12007A_NARRATIVE">
        <Requirement type="REQUIREMENT_PLAYER_HAS_AT_LEAST_NUM_GOSSIPS">
            <Argument name="GossipTypes">GOSSIP_TRADE_ROUTE_STARTED01</Argument>
            <Argument name="GOSSIP_TRADE_ROUTE_STARTED01">Hash,OtherPlayer,Other,Hash,Civilization,CIVILIZATION_NEPAL</Argument>
        </Requirement>
    </RequirementSet>
</GameEffects>
