<?xml version="1.0" encoding="utf-8"?>
<Database>
	<Kinds>
		<InsertOrIgnore Kind="KIND_TRADITION"/>
	</Kinds>
	<Types>
		<Row Type="TRADITION_HIMAL" Kind="KIND_TRADITION"/>
		<Row Type="TRADITION_MAITRI_SANADHI" Kind="KIND_TRADITION"/>
		<Row Type="TRADITION_TUNDIKHEL" Kind="KIND_TRADITION"/>
	</Types>
	<Traditions>
		<Row TraditionType="TRADITION_HIMAL" Name="LOC_TRADITION_HIMAL_NAME" Description="LOC_TRADITION_HIMAL_DESCRIPTION" TraitType="TRAIT_NEPAL" AgeType="AGE_MODERN"/>
		<Row TraditionType="TRADITION_MAITRI_SANADHI" Name="LOC_TRADITION_MAITRI_SANADHI_NAME" Description="LOC_TRADITION_MAITRI_SANADHI_DESCRIPTION" TraitType="TRAIT_NEPAL" AgeType="AGE_MODERN"/>
		<Row TraditionType="TRADITION_TUNDIKHEL" Name="LOC_TRADITION_TUNDIKHEL_NAME" Description="LOC_TRADITION_TUNDIKHEL_DESCRIPTION" TraitType="TRAIT_NEPAL" AgeType="AGE_MODERN"/>
	</Traditions>
	<TraditionModifiers>
		<Row TraditionType="TRADITION_HIMAL" ModifierId="HIMAL_MOD_MOUNTAIN_CULTURE"/>
		<Row TraditionType="TRADITION_MAITRI_SANADHI" ModifierId="MAITRI_SANADHI_MOD_ENDEAVOR_DISCOUNT"/>
		<Row TraditionType="TRADITION_MAITRI_SANADHI" ModifierId="MAITRI_SANADHI_MOD_ENDEAVOR_DISCOUNT_FEWEST_SETTLEMENTS"/>
		<Row TraditionType="TRADITION_TUNDIKHEL" ModifierId="TUNDIKHEL_MOD_MOUNTAIN_COMBAT_NOT_TERRITORY"/>
		<Row TraditionType="TRADITION_TUNDIKHEL" ModifierId="TUNDIKHEL_MOD_MOUNTAIN_COMBAT_TERRITORY"/>
	</TraditionModifiers>
</Database>