<?xml version="1.0" encoding="utf-8"?>
<Database>
	<Kinds>
		<InsertOrIgnore Kind="KIND_UNLOCK"/>
	</Kinds>
	<UnlockRequirements>
		<Row UnlockType="UNLOCK_CIVILIZATION_NEPAL" RequirementSetId="REQSET_CIV_IS_CHOLA" Description="LOC_UNLOCK_PLAY_AS_CHOLA_DESCRIPTION" Tooltip="LOC_UNLOCK_PLAY_AS_CHOLA_NEPAL_TOOLTIP"/>
	</UnlockRequirements>
	<UnlockConfigurationValues>
		<InsertOrIgnore UnlockType="UNLOCK_CIVILIZATION_NEPAL" ConfigurationValue="CIVILIZATION_NEPAL"/>
	</UnlockConfigurationValues>
</Database>
