<Database>
	<CivilizationCitizenNames>
		<Row CivilizationType="CIVILIZATION_BULGARIA" CitizenName="LOC_CITIZEN_BULGARIA_MALE_1"/>
		<Row CivilizationType="CIVILIZATION_BULGARIA" CitizenName="LOC_CITIZEN_BULGARIA_MALE_2"/>
		<Row CivilizationType="CIVILIZATION_BULGARIA" CitizenName="LOC_CITIZEN_BULGARIA_MALE_3"/>
		<Row CivilizationType="CIVILIZATION_BULGARIA" CitizenName="LOC_CITIZEN_BULGARIA_MALE_4"/>
		<Row CivilizationType="CIVILIZATION_BULGARIA" CitizenName="LOC_CITIZEN_BULGARIA_MALE_5"/>
		<Row CivilizationType="CIVILIZATION_BULGARIA" CitizenName="LOC_CITIZEN_BULGARIA_MALE_6"/>
		<Row CivilizationType="CIVILIZATION_BULGARIA" CitizenName="LOC_CITIZEN_BULGARIA_MALE_7"/>
		<Row CivilizationType="CIVILIZATION_BULGARIA" CitizenName="LOC_CITIZEN_BULGARIA_MALE_8"/>
		<Row CivilizationType="CIVILIZATION_BULGARIA" CitizenName="LOC_CITIZEN_BULGARIA_MALE_9"/>
		<Row CivilizationType="CIVILIZATION_BULGARIA" CitizenName="LOC_CITIZEN_BULGARIA_MALE_10"/>
		<Row CivilizationType="CIVILIZATION_BULGARIA" CitizenName="LOC_CITIZEN_BULGARIA_FEMALE_1" Female="true"/>
		<Row CivilizationType="CIVILIZATION_BULGARIA" CitizenName="LOC_CITIZEN_BULGARIA_FEMALE_2" Female="true"/>
		<Row CivilizationType="CIVILIZATION_BULGARIA" CitizenName="LOC_CITIZEN_BULGARIA_FEMALE_3" Female="true"/>
		<Row CivilizationType="CIVILIZATION_BULGARIA" CitizenName="LOC_CITIZEN_BULGARIA_FEMALE_4" Female="true"/>
		<Row CivilizationType="CIVILIZATION_BULGARIA" CitizenName="LOC_CITIZEN_BULGARIA_FEMALE_5" Female="true"/>
		<Row CivilizationType="CIVILIZATION_BULGARIA" CitizenName="LOC_CITIZEN_BULGARIA_FEMALE_6" Female="true"/>
		<Row CivilizationType="CIVILIZATION_BULGARIA" CitizenName="LOC_CITIZEN_BULGARIA_FEMALE_7" Female="true"/>
		<Row CivilizationType="CIVILIZATION_BULGARIA" CitizenName="LOC_CITIZEN_BULGARIA_FEMALE_8" Female="true"/>
		<Row CivilizationType="CIVILIZATION_BULGARIA" CitizenName="LOC_CITIZEN_BULGARIA_FEMALE_9" Female="true"/>
		<Row CivilizationType="CIVILIZATION_BULGARIA" CitizenName="LOC_CITIZEN_BULGARIA_FEMALE_10" Female="true"/>
	</CivilizationCitizenNames>
</Database>