<?xml version="1.0" encoding="utf-8"?>
<GameEffects xmlns="GameEffects">
	<!-- ==================================================	-->
	<!--				Civ-Specific Traits					-->
	<!-- ==================================================	-->
	<!-- BULGARIA -->
	<!-- ==================================================	-->
	<!--				Civ-Specific Trees					-->
	<!-- ==================================================	-->
	<Modifier id="MOD_REVEAL_CIV_CULTURE_TREE_BULGARIA" collection="COLLECTION_OWNER" effect="EFFECT_PLAYER_REVEAL_CULTURE_TREE">
		<SubjectRequirements>
			<Requirement type="REQUIREMENT_PLAYER_HAS_CIVILIZATION_OR_LEADER_TRAIT">
				<Argument name="TraitType">TRAIT_BULGARIA</Argument>
			</Requirement>
		</SubjectRequirements>
		<Argument name="ProgressionTreeType">TREE_CIVICS_EX_BULGARIA</Argument>
	</Modifier>
	<!-- ==================================================	-->
	<!--				Wonder Bonuses						-->
	<!-- ==================================================	-->
	<Modifier id="MOD_CIV_WONDER_PRODUCTION_BULGARIA" collection="COLLECTION_PLAYER_CITIES" effect="EFFECT_CITY_ADJUST_FAVORED_WONDER_PRODUCTION">
		<SubjectRequirements>
			<Requirement type="REQUIREMENT_PLAYER_HAS_CIVILIZATION_OR_LEADER_TRAIT">
				<Argument name="TraitType">TRAIT_BULGARIA</Argument>
			</Requirement>
		</SubjectRequirements>
		<Argument name="Percent">30</Argument>
		<String context="Preview">LOC_MOD_CIV_WONDER_PRODUCTION_BULGARIA_DESCRIPTION</String>
	</Modifier>
	<Modifier id="MOD_CIV_PRODUCTION_PILLAGE_BUILDING" collection="COLLECTION_PLAYER_UNITS" effect="EFFECT_ADJUST_UNIT_BUILDING_PILLAGE_YIELD_MODIFIER">
		<Argument name="Amount">50</Argument>
		<Argument name="PlunderTypes">PLUNDER_PRODUCTION_CITY</Argument>
	</Modifier>
	<Modifier id="MOD_CIV_COMBAT_VS_MEDIEVAL_WALLS" collection="COLLECTION_PLAYER_COMBAT" effect="EFFECT_ADJUST_UNIT_STRENGTH_MODIFIER">
		<SubjectRequirements>
			<Requirement type="REQUIREMENT_OPPONENT_IS_DISTRICT_WITH_SPECIFIC_CONSTRUCTIBLE">
				<Argument name="ConstructibleType">BUILDING_MEDIEVAL_WALLS</Argument>
			</Requirement>
		</SubjectRequirements>
		<Argument name="Amount">-3</Argument>
		<String context="Preview">LOC_TRAIT_BULGARIA_ABILITY_PREVIEW</String>
	</Modifier>
</GameEffects>