<?xml version="1.0" encoding="utf-8"?>
<GameEffects xmlns="GameEffects">
	<Modifier id="METAPROGRESSION_CHALLENGE_BULGARIA_LEGACY_PATH_MILITARISTIC_ACHIEVED" collection="COLLECTION_OWNER" effect="EFFECT_METAPROGRESSION_COMPLETE_CHALLENGE" permanent="true">
		<OwnerRequirements>
			<Requirement type="REQUIREMENT_LEGACY_PATH_COMPLETED">
				<Argument name="LegacyPathType">LEGACY_PATH_EXPLORATION_MILITARY</Argument>
			</Requirement>
			<Requirement type="REQUIREMENT_PLAYER_CIVILIZATION_TYPE_MATCHES">
				<Argument name="CivilizationType">CIVILIZATION_BULGARIA</Argument>
			</Requirement>
		</OwnerRequirements>
		<Argument name="Challenge">CHALLENGE_BULGARIA_LEGACY_PATH_MILITARISTIC</Argument>
	</Modifier>
	<Modifier id="METAPROGRESSION_CHALLENGE_BULGARIA_LEGACY_PATH_MILESTONE_COMPLETED" collection="COLLECTION_OWNER" effect="EFFECT_METAPROGRESSION_COMPLETE_CHALLENGE" permanent="true">
		<OwnerRequirements>
			<Requirement type="REQUIREMENT_PLAYER_CIVILIZATION_TYPE_MATCHES">
				<Argument name="CivilizationType">CIVILIZATION_BULGARIA</Argument>
			</Requirement>
			<Requirement type="REQUIREMENT_LEGACY_PATH_MILESTONE_COMPLETED" />
		</OwnerRequirements>
		<Argument name="Challenge">CHALLENGE_BULGARIA_LEGACY_PATH_MILESTONE_COMPLETED</Argument>
	</Modifier>
	<Modifier id="METAPROGRESSION_CHALLENGE_BULGARIA_COMPLETE_RILA_MONASTERY_ACHIEVED" collection="COLLECTION_OWNER" effect="EFFECT_METAPROGRESSION_COMPLETE_CHALLENGE" permanent="true">
		<OwnerRequirements>
			<Requirement type="REQUIREMENT_PLAYER_CIVILIZATION_TYPE_MATCHES">
				<Argument name="CivilizationType">CIVILIZATION_BULGARIA</Argument>
			</Requirement>
			<Requirement type="REQUIREMENT_PLAYER_SPECIFIC_WONDER_BUILT">
				<Argument name="ConstructibleType">WONDER_RILA_MONASTERY</Argument>
			</Requirement>
		</OwnerRequirements>
		<Argument name="Challenge">CHALLENGE_BULGARIA_COMPLETE_RILA_MONASTERY</Argument>
	</Modifier>
</GameEffects>