<?xml version="1.0" encoding="utf-8"?>
<GameEffects xmlns="GameEffects">
    <Modifier id="11020B_NARRATIVE_MODIFIER" collection="COLLECTION_PLAYER_CITIES" effect="EFFECT_CITY_ADJUST_CONSTRUCTIBLE_YIELD" run-once="false" permanent="true">
        <Argument name="YieldType">YIELD_SCIENCE</Argument>
        <Argument name="Amount" type="ScaleByGameAge" extra="100">1</Argument>
        <Argument name="ConstructibleType">IMPROVEMENT_HIDDEN_FORTRESS</Argument>
    </Modifier>
    <Modifier id="11020C_NARRATIVE_MODIFIER" collection="COLLECTION_PLAYER_CITIES" effect="EFFECT_CITY_ADJUST_CONSTRUCTIBLE_PRODUCTION" run-once="false" permanent="true">
        <Argument name="Percent">25</Argument>
        <Argument name="ConstructibleType">IMPROVEMENT_HIDDEN_FORTRESS</Argument>
    </Modifier>
    <Modifier id="11021B_NARRATIVE_MODIFIER" collection="COLLECTION_OWNER" effect="EFFECT_PLAYER_GRANT_YIELD_NARRATIVE" run-once="false" permanent="true">
        <Argument name="YieldType">YIELD_CULTURE</Argument>
        <Argument name="MultiplierType">REWARD_TYPE_MEDIUM_LATE</Argument>
    </Modifier>
    <Modifier id="11021B_NARRATIVE_MODIFIER2" collection="COLLECTION_PLAYER_CITIES" effect="EFFECT_CITY_ADJUST_UNIT_PRODUCTION" run-once="false" permanent="true">
        <Argument name="Percent">-10</Argument>
        <Argument name="UnitCoreClass">CORE_CLASS_MILITARY</Argument>
    </Modifier>
    <Modifier id="11021D_NARRATIVE_MODIFIER" collection="COLLECTION_PLAYER_CITIES" effect="EFFECT_CITY_ADJUST_UNIT_PRODUCTION" run-once="false" permanent="true">
        <Argument name="Percent">10</Argument>
        <Argument name="UnitCoreClass">CORE_CLASS_MILITARY</Argument>
    </Modifier>
    <Modifier id="11021C_NARRATIVE_MODIFIER" collection="COLLECTION_PLAYER_CAPITAL_CITY" effect="EFFECT_CITY_GRANT_UNIT" run-once="false" permanent="true">
        <Argument name="UnitType">UNIT_BOYAR</Argument>
        <Argument name="Amount">1</Argument>
    </Modifier>
    <Modifier id="11022B_NARRATIVE_MODIFIER" collection="COLLECTION_PLAYER_CITIES" effect="EFFECT_CITY_ADJUST_WONDER_PRODUCTION" run-once="false" permanent="true">
        <Argument name="Percent">10</Argument>
    </Modifier>
    <Modifier id="11022C_NARRATIVE_MODIFIER" collection="COLLECTION_PLAYER_CITIES" effect="EFFECT_CITY_ADJUST_UNIT_PRODUCTION" run-once="false" permanent="true">
        <Argument name="Percent">25</Argument>
        <Argument name="UnitType">UNIT_MISSIONARY</Argument>
    </Modifier>
    <Modifier id="11023B_NARRATIVE_MODIFIER" collection="COLLECTION_PLAYER_CITIES" effect="EFFECT_CITY_ADJUST_CONSTRUCTIBLE_YIELD" run-once="false" permanent="true">
        <Argument name="YieldType">YIELD_HAPPINESS</Argument>
        <Argument name="Amount" type="ScaleByGameAge" extra="100">1</Argument>
        <Argument name="ConstructibleType">WONDER_RILA_MONASTERY</Argument>
    </Modifier>
    <Modifier id="11023B_NARRATIVE_MODIFIER2" collection="COLLECTION_PLAYER_CITIES" effect="EFFECT_CITY_ADJUST_CONSTRUCTIBLE_YIELD" run-once="false" permanent="true">
        <Argument name="YieldType">YIELD_HAPPINESS</Argument>
        <Argument name="Amount" type="ScaleByGameAge" extra="100">1</Argument>
        <Argument name="ConstructibleType">BUILDING_TEMPLE</Argument>
    </Modifier>
    <Modifier id="11023C_NARRATIVE_MODIFIER" collection="COLLECTION_OWNER" effect="EFFECT_GRANT_GREAT_WORK" run-once="false" permanent="true">
        <Argument name="Amount">1</Argument>
        <Argument name="ObjectType">GREATWORKOBJECT_RELIC</Argument>
    </Modifier>
    <Modifier id="11024B_NARRATIVE_MODIFIER" collection="COLLECTION_PLAYER_UNITS" effect="EFFECT_UNIT_ADJUST_ABILITY" run-once="false" permanent="true">
        <SubjectRequirements>
            <Requirement type="REQUIREMENT_UNIT_TAG_MATCHES">
                <Argument name="Tag">UNIT_CLASS_CAVALRY</Argument>
            </Requirement>
        </SubjectRequirements>
        <Argument name="AbilityType">ABILITY_NARRATIVE_AGGRESSION</Argument>
    </Modifier>
    <Modifier id="11024C_NARRATIVE_MODIFIER" collection="COLLECTION_OWNER_CITY_NEAREST_STORY" effect="EFFECT_CITY_GRANT_UNIT" run-once="true" permanent="true">
        <Argument name="UnitTag">UNIT_CLASS_SIEGE</Argument>
        <Argument name="DefaultUnitType">UNIT_CATAPULT</Argument>
        <Argument name="Amount">1</Argument>
    </Modifier>
    <Modifier id="11025B_NARRATIVE_MODIFIER" collection="COLLECTION_PLAYER_CITIES" effect="EFFECT_CITY_ADJUST_UNIT_PRODUCTION" run-once="false" permanent="true">
        <Argument name="Percent">25</Argument>
        <Argument name="UnitType">UNIT_MISSIONARY</Argument>
    </Modifier>
    <Modifier id="11025C_NARRATIVE_MODIFIER" collection="COLLECTION_PLAYER_CITIES" effect="EFFECT_CITY_ADJUST_UNIT_PRODUCTION" run-once="false" permanent="true">
        <Argument name="Percent">25</Argument>
        <Argument name="UnitType">UNIT_MERCHANT</Argument>
    </Modifier>
    <Modifier id="11026B_NARRATIVE_MODIFIER" collection="COLLECTION_PLAYER_CITIES" effect="EFFECT_CITY_ADJUST_CONSTRUCTIBLE_YIELD" run-once="false" permanent="true">
        <Argument name="YieldType">YIELD_CULTURE</Argument>
        <Argument name="Amount" type="ScaleByGameAge" extra="100">1</Argument>
        <Argument name="ConstructibleType">BUILDING_TEMPLE</Argument>
    </Modifier>
    <Modifier id="11026C_NARRATIVE_MODIFIER" collection="COLLECTION_PLAYER_CITIES" effect="EFFECT_CITY_ADJUST_UNIT_PRODUCTION" run-once="false" permanent="true">
        <Argument name="Percent">25</Argument>
        <Argument name="UnitType">UNIT_MERCHANT</Argument>
    </Modifier>
    <Modifier id="11027B_NARRATIVE_MODIFIER" collection="COLLECTION_OWNER" effect="EFFECT_PLAYER_GRANT_YIELD_NARRATIVE" run-once="false" permanent="true">
        <Argument name="YieldType">YIELD_GOLD</Argument>
        <Argument name="MultiplierType">REWARD_TYPE_MAJOR_LATE</Argument>
    </Modifier>
    <Modifier id="11027B_NARRATIVE_MODIFIER2" collection="COLLECTION_OWNER" effect="EFFECT_PLAYER_ADD_YIELD_DEBT_NARRATIVE" run-once="false" permanent="true">
        <Argument name="YieldType">YIELD_DIPLOMACY</Argument>
        <Argument name="MultiplierType">REWARD_TYPE_MEDIUM_LATE</Argument>
    </Modifier>
    <Modifier id="11027C_NARRATIVE_MODIFIER" collection="COLLECTION_OWNER" effect="EFFECT_PLAYER_GRANT_YIELD_NARRATIVE" run-once="false" permanent="true">
        <Argument name="YieldType">YIELD_GOLD</Argument>
        <Argument name="MultiplierType">REWARD_TYPE_MEDIUM_LATE</Argument>
    </Modifier>
    <Modifier id="11028B_NARRATIVE_MODIFIER" collection="COLLECTION_OWNER_COMMANDER_HIGHEST_LEVEL" effect="EFFECT_GRANT_UNIT_PROMOTION" run-once="true" permanent="true">
        <Argument name="Amount">1</Argument>
    </Modifier>
    <Modifier id="11028C_NARRATIVE_MODIFIER" collection="COLLECTION_PLAYER_UNITS" effect="EFFECT_UNIT_ADJUST_ABILITY" run-once="false" permanent="true">
        <SubjectRequirements>
            <Requirement type="REQUIREMENT_UNIT_TAG_MATCHES">
                <Argument name="Tag">UNIT_CLASS_CAVALRY</Argument>
            </Requirement>
        </SubjectRequirements>
        <Argument name="AbilityType">ABILITY_NARRATIVE_AGGRESSION</Argument>
    </Modifier>
    <Modifier id="11029B_NARRATIVE_MODIFIER" collection="COLLECTION_OWNER" effect="EFFECT_PLAYER_ATTRIBUTE" run-once="false" permanent="true">
        <Argument name="AttributeType">ATTRIBUTE_EXPANSIONIST</Argument>
        <Argument name="Amount">1</Argument>
    </Modifier>
    <Modifier id="11029C_NARRATIVE_MODIFIER" collection="COLLECTION_OWNER" effect="EFFECT_PLAYER_ATTRIBUTE" run-once="false" permanent="true">
        <Argument name="AttributeType">ATTRIBUTE_MILITARISTIC</Argument>
        <Argument name="Amount">1</Argument>
    </Modifier>
    <Modifier id="12006B_NARRATIVE_MODIFIER" collection="COLLECTION_PLAYER_UNITS" effect="EFFECT_UNIT_ADJUST_ABILITY" run-once="false" permanent="true">
        <SubjectRequirements>
            <Requirement type="REQUIREMENT_UNIT_TAG_MATCHES">
                <Argument name="UnitType">UNIT_COURSER</Argument>
            </Requirement>
        </SubjectRequirements>
        <Argument name="AbilityType">ABILITY_NARRATIVE_STRENGTH</Argument>
    </Modifier>
    <Modifier id="12006C_NARRATIVE_MODIFIER" collection="COLLECTION_PLAYER_CITIES" effect="EFFECT_CITY_ADJUST_YIELD" run-once="false" permanent="true">
        <Argument name="YieldType">YIELD_FOOD</Argument>
        <Argument name="Amount" type="ScaleByGameAge" extra="100">1</Argument>
    </Modifier>
    <Requirement id="REQ_STORY_CIVILIZATION_BULGARIA" type="REQUIREMENT_PLAYER_CIVILIZATION_TYPE_MATCHES">
        <Argument name="CivilizationType">CIVILIZATION_BULGARIA</Argument>
    </Requirement>
    <RequirementSet id="REQSET_11020A_NARRATIVE_REQUISITE">
        <Requirement xref="REQ_STORY_CIVILIZATION_BULGARIA"/>
    </RequirementSet>
    <RequirementSet id="REQSET_11021A_NARRATIVE_REQUISITE">
        <Requirement xref="REQ_STORY_CIVILIZATION_BULGARIA"/>
    </RequirementSet>
    <RequirementSet id="REQSET_11022A_NARRATIVE_REQUISITE">
        <Requirement xref="REQ_STORY_CIVILIZATION_BULGARIA"/>
    </RequirementSet>
    <RequirementSet id="REQSET_11022D_NARRATIVE_REQUISITE">
        <Requirement xref="REQ_STORY_CIVILIZATION_BULGARIA"/>
    </RequirementSet>
    <RequirementSet id="REQSET_11023A_NARRATIVE_REQUISITE">
        <Requirement xref="REQ_STORY_CIVILIZATION_BULGARIA"/>
    </RequirementSet>
    <RequirementSet id="REQSET_11024A_NARRATIVE_REQUISITE">
        <Requirement xref="REQ_STORY_CIVILIZATION_BULGARIA"/>
    </RequirementSet>
    <RequirementSet id="REQSET_11025A_NARRATIVE_REQUISITE">
        <Requirement xref="REQ_STORY_CIVILIZATION_BULGARIA"/>
    </RequirementSet>
    <RequirementSet id="REQSET_11026A_NARRATIVE_REQUISITE">
        <Requirement xref="REQ_STORY_CIVILIZATION_BULGARIA"/>
    </RequirementSet>
    <RequirementSet id="REQSET_11027D_NARRATIVE_REQUISITE">
        <Requirement xref="REQ_STORY_CIVILIZATION_BULGARIA"/>
    </RequirementSet>
    <RequirementSet id="REQSET_11027E_NARRATIVE_REQUISITE">
        <Requirement xref="REQ_STORY_CIVILIZATION_BULGARIA"/>
    </RequirementSet>
    <RequirementSet id="REQSET_11027F_NARRATIVE_REQUISITE">
        <Requirement xref="REQ_STORY_CIVILIZATION_BULGARIA"/>
    </RequirementSet>
    <RequirementSet id="REQSET_11028D_NARRATIVE_REQUISITE">
        <Requirement xref="REQ_STORY_CIVILIZATION_BULGARIA"/>
    </RequirementSet>
    <RequirementSet id="REQSET_11029A_NARRATIVE_REQUISITE">
        <Requirement xref="REQ_STORY_CIVILIZATION_BULGARIA"/>
    </RequirementSet>
    <RequirementSet id="REQSET_11020A_NARRATIVE">
        <Requirement xref="REQ_STORY_CIVILIZATION_BULGARIA"/>
        <Requirement type="REQUIREMENT_PLAYER_HAS_AT_LEAST_NUM_BUILDINGS">
            <Argument name="BuildingType">IMPROVEMENT_HIDDEN_FORTRESS</Argument>
            <Argument name="Amount">2</Argument>
        </Requirement>
        <Requirement type="REQUIREMENT_PLAYER_IS_AT_PEACE_WITH_ALL_MAJORS" inverse="true">
        </Requirement>
    </RequirementSet>
    <RequirementSet id="REQSET_11021A_NARRATIVE">
        <Requirement xref="REQ_STORY_CIVILIZATION_BULGARIA"/>
        <Requirement type="REQUIREMENT_PLAYER_AT_PEACE_X_TURNS_AGO">
            <Argument name="TurnsAgo">10</Argument>
        </Requirement>
        <Requirement type="REQUIREMENT_PLAYER_HAS_AT_LEAST_NUM_GOSSIPS">
            <Argument name="GossipTypes">GOSSIP_MAKE_DOW01</Argument>
        </Requirement>
        <Requirement type="REQUIREMENT_COLLECTION_ANY_MET">
            <Argument name="CollectionType">COLLECTION_PLAYER_UNITS</Argument>
            <Argument name="RequirementSetId">SUBREQSET_11021A_NARRATIVE</Argument>
        </Requirement>
    </RequirementSet>
    <RequirementSet id="SUBREQSET_11021A_NARRATIVE">
        <Requirement type="REQUIREMENT_COMMANDER_HAS_X_PROMOTIONS">
            <Argument name="Amount">6</Argument>
        </Requirement>
        <Requirement type="REQUIREMENT_UNIT_TYPE_MATCHES">
            <Argument name="UnitType">UNIT_BALIK</Argument>
        </Requirement>
    </RequirementSet>
    <RequirementSet id="REQSET_11021D_NARRATIVE">
        <Requirement type="REQUIREMENT_GAME_TURN_IS_X_NARRATIVE">
            <Argument name="AfterTurn">10</Argument>
            <Argument name="Scale">True</Argument>
        </Requirement>
    </RequirementSet>
    <RequirementSet id="REQSET_11022A_NARRATIVE">
        <Requirement xref="REQ_STORY_CIVILIZATION_BULGARIA"/>
        <Requirement type="REQUIREMENT_PLAYER_HAS_COMPLETED_PROGRESSION_TREE_NODE">
            <Argument name="ProgressionTreeNodeType">NODE_CIVIC_EX_BULGARIA_TARNOVO_SCHOOLS</Argument>
            <Argument name="MinDepth">1</Argument>
        </Requirement>
    </RequirementSet>
    <RequirementSet id="REQSET_11022D_NARRATIVE">
        <Requirement xref="REQ_STORY_CIVILIZATION_BULGARIA"/>
        <Requirement type="REQUIREMENT_PLAYER_HAS_AT_LEAST_NUM_GOSSIPS">
            <Argument name="GossipTypes">GOSSIP_WONDER_STARTED01</Argument>
            <Argument name="GOSSIP_WONDER_STARTED01">Hash,ConstructibleType,WONDER_RILA_MONASTERY</Argument>
        </Requirement>
    </RequirementSet>
    <RequirementSet id="REQSET_11023A_NARRATIVE">
        <Requirement xref="REQ_STORY_CIVILIZATION_BULGARIA"/>
        <Requirement type="REQUIREMENT_PLAYER_HAS_AT_LEAST_NUM_BUILDINGS">
            <Argument name="BuildingType">WONDER_RILA_MONASTERY</Argument>
            <Argument name="Amount">1</Argument>
        </Requirement>
        <Requirement type="REQUIREMENT_PLAYER_HAS_X_GREAT_WORKS">
            <Argument name="Count">2</Argument>
            <Argument name="ObjectType">GREATWORKOBJECT_RELIC</Argument>
        </Requirement>
    </RequirementSet>
    <RequirementSet id="REQSET_11024A_NARRATIVE">
        <Requirement xref="REQ_STORY_CIVILIZATION_BULGARIA"/>
        <Requirement type="REQUIREMENT_PLAYER_HAS_AT_LEAST_NUM_GOSSIPS">
            <Argument name="GossipTypes">GOSSIP_CONQUER_CITY01,GOSSIP_UNIT_COMBAT_DEATH02</Argument>
            <Argument name="GOSSIP_CONQUER_CITY01">Hash,OtherPlayer,Self</Argument>
            <Argument name="GOSSIP_UNIT_COMBAT_DEATH02">Hash,OtherPlayer,Self,Hash,DomainType,DOMAIN_LAND,Hash,IsDyingUnitCommander,True</Argument>
            <Argument name="OrderedTurnWindow">10</Argument>
            <Argument name="Amount">2</Argument>
        </Requirement>
    </RequirementSet>
    <RequirementSet id="REQSET_11025A_NARRATIVE">
        <Requirement xref="REQ_STORY_CIVILIZATION_BULGARIA"/>
        <Requirement type="REQUIREMENT_PLAYER_HAS_AT_LEAST_NUM_GOSSIPS">
            <Argument name="GossipTypes">GOSSIP_TRAIN_UNIT01</Argument>
            <Argument name="GOSSIP_TRAIN_UNIT01">Hash,UnitTypeReplaces,UNIT_MISSIONARY</Argument>
        </Requirement>
    </RequirementSet>
    <RequirementSet id="REQSET_11026A_NARRATIVE">
        <Requirement xref="REQ_STORY_CIVILIZATION_BULGARIA"/>
        <Requirement type="REQUIREMENT_PLAYER_HAS_CONVERTED_X_SETTLEMENTS">
            <Argument name="Amount">3</Argument>
            <Argument name="DistantLands">True</Argument>
        </Requirement>
    </RequirementSet>
    <RequirementSet id="REQSET_11027D_NARRATIVE">
        <Requirement xref="REQ_STORY_CIVILIZATION_BULGARIA"/>
        <Requirement type="REQUIREMENT_PLAYER_HAS_AT_LEAST_NUM_GOSSIPS">
            <Argument name="GossipTypes">GOSSIP_PILLAGE01</Argument>
            <Argument name="GOSSIP_PILLAGE01">Hash,UnitType,UNIT_BOYAR</Argument>
            <Argument name="DuplicateCount">3</Argument>
        </Requirement>
    </RequirementSet>
    <RequirementSet id="REQSET_11027E_NARRATIVE">
        <Requirement xref="REQ_STORY_CIVILIZATION_BULGARIA"/>
        <Requirement type="REQUIREMENT_PLAYER_HAS_AT_LEAST_NUM_GOSSIPS">
            <Argument name="GossipTypes">GOSSIP_PILLAGE01</Argument>
            <Argument name="GOSSIP_PILLAGE01">Hash,UnitType,UNIT_BOYAR_2</Argument>
            <Argument name="DuplicateCount">3</Argument>
        </Requirement>
    </RequirementSet>
    <RequirementSet id="REQSET_11027F_NARRATIVE">
        <Requirement xref="REQ_STORY_CIVILIZATION_BULGARIA"/>
        <Requirement type="REQUIREMENT_PLAYER_HAS_AT_LEAST_NUM_GOSSIPS">
            <Argument name="GossipTypes">GOSSIP_PILLAGE01</Argument>
            <Argument name="GOSSIP_PILLAGE01">Hash,UnitType,UNIT_BOYAR_3</Argument>
            <Argument name="DuplicateCount">3</Argument>
        </Requirement>
    </RequirementSet>
    <RequirementSet id="REQSET_11028D_NARRATIVE">
        <Requirement xref="REQ_STORY_CIVILIZATION_BULGARIA"/>
        <Requirement type="REQUIREMENT_PLAYER_HAS_AT_LEAST_NUM_GOSSIPS">
            <Argument name="GossipTypes">GOSSIP_CONQUER_CITY01</Argument>
            <Argument name="GOSSIP_CONQUER_CITY01">Hash,OtherPlayer,Self,Hash,IsCapital,True</Argument>
        </Requirement>
    </RequirementSet>
    <RequirementSet id="REQSET_11028A_NARRATIVE">
        <Requirement type="REQUIREMENT_GAME_TURN_IS_X_NARRATIVE">
            <Argument name="AfterTurn">2</Argument>
        </Requirement>
    </RequirementSet>
    <RequirementSet id="REQSET_11029A_NARRATIVE">
        <Requirement xref="REQ_STORY_CIVILIZATION_BULGARIA"/>
        <Requirement type="REQUIREMENT_PLAYER_HAS_COMPLETED_PROGRESSION_TREE_NODE">
            <Argument name="ProgressionTreeNodeType">NODE_CIVIC_EX_BULGARIA_TSARSTVIE</Argument>
            <Argument name="MinDepth">1</Argument>
        </Requirement>
    </RequirementSet>
    <RequirementSet id="REQSET_12006A_NARRATIVE">
        <Requirement type="REQUIREMENT_PLAYER_HAS_AT_LEAST_NUM_GOSSIPS">
            <Argument name="GossipTypes">GOSSIP_PLAYERS_MEET01</Argument>
            <Argument name="GOSSIP_PLAYERS_MEET01">Hash,OtherPlayer,Other,Hash,Civilization,CIVILIZATION_BULGARIA</Argument>
        </Requirement>
    </RequirementSet>
</GameEffects>
