<?xml version="1.0" encoding="utf-8"?>
<Database>
	<Kinds>
		<InsertOrIgnore Kind="KIND_TRADITION"/>
	</Kinds>
	<Types>
		<!-- ==================================================	-->
		<!--	EXPLORATION							-->
		<!-- ==================================================	-->
		<Row Type="TRADITION_FALSE_RETREAT" Kind="KIND_TRADITION"/>
		<Row Type="TRADITION_ICONOLATRY" Kind="KIND_TRADITION"/>
		<Row Type="TRADITION_STRATAGEMS" Kind="KIND_TRADITION"/>
	</Types>
	<Traditions>
		<!-- ==================================================	-->
		<!--	EXPLORATION							-->
		<!-- ==================================================	-->
		<Row TraditionType="TRADITION_FALSE_RETREAT" Name="LOC_TRADITION_FALSE_RETREAT_NAME" Description="LOC_TRADITION_FALSE_RETREAT_DESCRIPTION" TraitType="TRAIT_BULGARIA" AgeType="AGE_EXPLORATION"/>
		<Row TraditionType="TRADITION_ICONOLATRY" Name="LOC_TRADITION_ICONOLATRY_NAME" Description="LOC_TRADITION_ICONOLATRY_DESCRIPTION" TraitType="TRAIT_BULGARIA" AgeType="AGE_EXPLORATION"/>
		<Row TraditionType="TRADITION_STRATAGEMS" Name="LOC_TRADITION_STRATAGEMS_NAME" Description="LOC_TRADITION_STRATAGEMS_DESCRIPTION" TraitType="TRAIT_BULGARIA" AgeType="AGE_EXPLORATION"/>
	</Traditions>
	<TraditionModifiers>
		<Row TraditionType="TRADITION_FALSE_RETREAT" ModifierId="FALSE_RETREAT_FOOD_PILLAGE_IMPROVEMENT"/>
		<Row TraditionType="TRADITION_FALSE_RETREAT" ModifierId="FALSE_RETREAT_COMBAT_MODIFIER"/>
		<Row TraditionType="TRADITION_ICONOLATRY" ModifierId="ICONOLATRY_GREAT_WORKS_HAPPINESS"/>
		<Row TraditionType="TRADITION_ICONOLATRY" ModifierId="ICONOLATRY_GREAT_WORKS_GOLD"/>
		<Row TraditionType="TRADITION_STRATAGEMS" ModifierId="STRATAGEMS_PILLAGE_BUILDINGS_MODIFIER"/>
		<Row TraditionType="TRADITION_STRATAGEMS" ModifierId="STRATAGEMS_PILLAGE_IMPROVEMENTS_MODIFIER"/>
	</TraditionModifiers>
</Database>