<?xml version="1.0" encoding="utf-8"?>
<Database>
	<Kinds>
		<InsertOrIgnore Kind="KIND_UNLOCK"/>
	</Kinds>
	<Types>
		<InsertOrIgnore Type="UNLOCK_CIVILIZATION_BULGARIA" Kind="KIND_UNLOCK"/>
	</Types>
	<Unlocks>
		<InsertOrIgnore UnlockType="UNLOCK_CIVILIZATION_BULGARIA"/>
	</Unlocks>
	<UnlockRewards>
		<InsertOrIgnore UnlockType="UNLOCK_CIVILIZATION_BULGARIA" Name="LOC_CIVILIZATION_BULGARIA_NAME" Description="LOC_UNLOCK_EXPLORATION_CIV_DESCRIPTION" Icon="CIVILIZATION_BUGANDA" UnlockRewardType="CIVILIZATION_BUGANDA" UnlockRewardKind="KIND_CIVILIZATION"/>
	</UnlockRewards>
	<UnlockConfigurationValues>
		<InsertOrIgnore UnlockType="UNLOCK_CIVILIZATION_BULGARIA" ConfigurationValue="CIVILIZATION_BULGARIA"/>
	</UnlockConfigurationValues>
	<UnlockRequirements>
		<Row UnlockType="UNLOCK_CIVILIZATION_BULGARIA" RequirementSetId="REQSET_CIV_IS_GREECE" Description="LOC_UNLOCK_PLAY_AS_GREECE_DESCRIPTION" Tooltip="LOC_UNLOCK_PLAY_AS_GREECE_BULGARIA_TOOLTIP"/>
		<Row UnlockType="UNLOCK_CIVILIZATION_BULGARIA" RequirementSetId="REQSET_CIV_IS_PERSIA" Description="LOC_UNLOCK_PLAY_AS_PERSIA_DESCRIPTION" Tooltip="LOC_UNLOCK_PLAY_AS_PERSIA_BULGARIA_TOOLTIP"/>
		<InsertOrIgnore UnlockType="UNLOCK_CIVILIZATION_BULGARIA" RequirementSetId="REQSET_LEADER_IS_AUGUSTUS" Description="LOC_UNLOCK_PLAY_AS_AUGUSTUS_DESCRIPTION" Tooltip="LOC_UNLOCK_PLAY_AS_AUGUSTUS_BULGARIA_TOOLTIP"/>
		<InsertOrIgnore UnlockType="UNLOCK_CIVILIZATION_BULGARIA" RequirementSetId="REQSET_LEADER_IS_CATHERINE" Description="LOC_UNLOCK_PLAY_AS_CATHERINE_DESCRIPTION" Tooltip="LOC_UNLOCK_PLAY_AS_CATHERINE_BULGARIA_TOOLTIP"/>
		<InsertOrIgnore UnlockType="UNLOCK_CIVILIZATION_BULGARIA" RequirementSetId="REQSET_LEADER_IS_CHARLEMAGNE" Description="LOC_UNLOCK_PLAY_AS_CHARLEMAGNE_DESCRIPTION" Tooltip="LOC_UNLOCK_PLAY_AS_CHARLEMAGNE_BULGARIA_TOOLTIP"/>
	</UnlockRequirements>
</Database>
