<?xml version="1.0" encoding="utf-8"?>
<Database>
	<EnglishText>
		<!--Carthage Unique Units-->
		<Row Tag="LOC_UNIT_MAGARRU_NAME">
			<Text>Magarru</Text>
		</Row>
		<Row Tag="LOC_UNIT_MAGARRU_BASE_DESCRIPTION">
			<Text>Assyrian Unique Cavalry Unit.  Moves like a wheeled unit and has additional Movement. Can move after attacking and ignores Zone of Control.</Text>
		</Row>
		<Row Tag="LOC_ABILITY_MAGARRU_DESCRIPTION">
			<Text>Can move after attacking and ignores Zone of Control.</Text>
		</Row>
		<Row Tag="LOC_UNIT_MAGARRU_DESCRIPTION">
			<Text>Tier 2 Assyrian Unique Cavalry Unit. Moves like a wheeled unit and has additional movement. Can move after attacking and ignores Zone of Control.</Text>
		</Row>
		<Row Tag="LOC_UNIT_MAGARRU_2_DESCRIPTION">
			<Text>Tier 3 Assyrian Unique Cavalry Unit. Moves like a wheeled unit and has additional Movement. Can move after attacking and ignores Zone of Control.</Text>
		</Row>
		<Row Tag="LOC_UNIT_TURTANU_NAME">
			<Text>Turtanu</Text>
		</Row>
		<Row Tag="LOC_UNIT_TURTANU_DESCRIPTION">
			<Text>Assyrian Unique Army Commander. Infantry and Cavalry units within the Command Radius have +5 Combat Strength against Districts.</Text>
		</Row>
		<Row Tag="LOC_ABILITY_TURTANU_DESCRIPTION">
			<Text>Infantry and Cavalry units within the Command Radius have +5 Combat Strength against Districts.</Text>
		</Row>
		<Row Tag="LOC_ABILITY_TURTANU_COMBAT_DESCRIPTION">
			<Text>+5 Combat Strength against Districts.</Text>
		</Row>
		<Row Tag="LOC_TURTANU_COMMAND_RADIUS_COMBAT_PREVIEW">
			<Text>+{1_Amount} Turtanu</Text>
		</Row>
		<Row Tag="LOC_UNLOCK_PLAY_AS_ASSYRIA_DESCRIPTION">
			<Text>Play as [B]Assyria[/B].</Text>
		</Row>
	</EnglishText>
</Database>