<?xml version="1.0" encoding="utf-8"?>
<Database>
	<EnglishText>
		<!-- ==============================================================	-->
		<!--	Legend Unlocks												-->
		<!-- ==============================================================	-->
		<!-- Cultural Attribute -->
		<Row Tag="LOC_MOD_ATTRIBUTE_CULTURAL_LEGEND_FRIEDRICH_ALT_L1_DESCRIPTION">
			<Text>Legend Unlock. +15% [icon:YIELD_PRODUCTION]Production towards constructing Buildings and Wonders with Great Works slots.</Text>
		</Row>
		<Row Tag="LOC_MOD_ATTRIBUTE_CULTURAL_LEGEND_XERXES_ALT_L1_DESCRIPTION">
			<Text>Legend Unlock. +15% [icon:YIELD_PRODUCTION]Production towards constructing Buildings and Wonders with Great Works slots.</Text>
		</Row>
		<!-- Diplomatic Attribute -->

		<!-- Economic Attribute -->
		<Row Tag="LOC_MOD_ATTRIBUTE_ECONOMIC_LEGEND_XERXES_ALT_L2_DESCRIPTION">
			<Text>Legend Unlock.[n]+25% [icon:YIELD_GOLD]Gold from Trade and Treasure Convoys.</Text>
		</Row>
		<!-- Expansionist Attribute -->

		<!-- Militaristic Attribute -->
		<Row Tag="LOC_MOD_ATTRIBUTE_MILITARISTIC_LEGEND_FRIEDRICH_ALT_L2_DESCRIPTION">
			<Text>Legend Unlock. +5 Combat Strength for all Units against Districts.</Text>
		</Row>
		<Row Tag="LOC_MOD_ATTRIBUTE_MILITARISTIC_LEGEND_FRIEDRICH_ALT_L2_COMBAT_PREVIEW">
			<Text>+{1_Value} Legend Militaristic Attribute</Text>
		</Row>
		<!-- Scientific Attribute -->

	</EnglishText>
</Database>