﻿<?xml version="1.0" encoding="utf-8"?>
<Database>
	<EnglishText>
        <Row Tag="LOC_LEADER_CHAIN_1070E_STORYTITLE">
            <Text>A Man of Taste</Text>
        </Row>
        <Row Tag="LOC_LEADER_CHAIN_1070E_NAME">
            <Text>Battle is the truest art.</Text>
        </Row>
        <Row Tag="LOC_LEADER_CHAIN_1070E_DESCRIPTION">
            <Text>{1_reward} in all Settlements.</Text>
        </Row>
        <Row Tag="LOC_LEADER_CHAIN_1070E_COMPLETION">
            <Text>Friedrich's commanders are conductors on the battlefield, leading the greatest symphonies of life and death.</Text>
        </Row>
        <Row Tag="LOC_LEADER_CHAIN_1070E_IMPERATIVE">
            <Text>Train a Commander.</Text>
        </Row>
        <Row Tag="LOC_LEADER_CHAIN_1070F_STORYTITLE">
            <Text>A Man of Taste</Text>
        </Row>
        <Row Tag="LOC_LEADER_CHAIN_1070F_NAME">
            <Text>The sword makes poor music!</Text>
        </Row>
        <Row Tag="LOC_LEADER_CHAIN_1070F_DESCRIPTION">
            <Text>{1_reward} in all Settlements.</Text>
        </Row>
        <Row Tag="LOC_LEADER_CHAIN_1070F_COMPLETION">
            <Text>Citizens gather in the garden to hear Friedrich's court musicians perform a new piece. Melodies drift through the flowers, and the crowd listens, soaking in the peace of the moment.</Text>
        </Row>
        <Row Tag="LOC_LEADER_CHAIN_1070F_IMPERATIVE">
            <Text>Build a Garden.</Text>
        </Row>
        <Row Tag="LOC_LEADER_CHAIN_1070G_STORYTITLE">
            <Text>A Man of Taste</Text>
        </Row>
        <Row Tag="LOC_LEADER_CHAIN_1070G_NAME">
            <Text>They are both matters of economics.</Text>
        </Row>
        <Row Tag="LOC_LEADER_CHAIN_1070G_DESCRIPTION">
            <Text>{1_reward}.</Text>
        </Row>
        <Row Tag="LOC_LEADER_CHAIN_1071D_STORYTITLE">
            <Text>Kriegslieder</Text>
        </Row>
        <Row Tag="LOC_LEADER_CHAIN_1071D_NAME">
            <Text>This is the sound of victory.</Text>
        </Row>
        <Row Tag="LOC_LEADER_CHAIN_1071D_DESCRIPTION">
            <Text>{1_reward}.</Text>
        </Row>
        <Row Tag="LOC_LEADER_CHAIN_1071D_COMPLETION">
            <Text>News of victory travels swiftly to Friedrich's capital. The orchestra rushes to the amphitheater, ready to serenade him with the newest ode to his prowess.</Text>
        </Row>
        <Row Tag="LOC_LEADER_CHAIN_1071D_IMPERATIVE">
            <Text>Defeat 5 Units.</Text>
        </Row>
        <Row Tag="LOC_LEADER_CHAIN_1071E_STORYTITLE">
            <Text>Kriegslieder</Text>
        </Row>
        <Row Tag="LOC_LEADER_CHAIN_1071E_NAME">
            <Text>Perhaps another composer would be more suitable.</Text>
        </Row>
        <Row Tag="LOC_LEADER_CHAIN_1071E_DESCRIPTION">
            <Text>{1_reward}.</Text>
        </Row>
        <Row Tag="LOC_LEADER_CHAIN_1072D_STORYTITLE">
            <Text>Old Fritz</Text>
        </Row>
        <Row Tag="LOC_LEADER_CHAIN_1072D_NAME">
            <Text>Learned soldiers make for faster victories.</Text>
        </Row>
        <Row Tag="LOC_LEADER_CHAIN_1072D_DESCRIPTION">
            <Text>{1_reward}.</Text>
        </Row>
        <Row Tag="LOC_LEADER_CHAIN_1072D_COMPLETION">
            <Text>Some soldiers become students and return to the battlefield enlightened. Others, inspired by their studies, leave war behind forever. To Friedrich, both avenues deserve praise.</Text>
        </Row>
        <Row Tag="LOC_LEADER_CHAIN_1072D_IMPERATIVE">
            <Text>Build an Academy.</Text>
        </Row>
        <Row Tag="LOC_LEADER_CHAIN_1072E_STORYTITLE">
            <Text>Old Fritz</Text>
        </Row>
        <Row Tag="LOC_LEADER_CHAIN_1072E_NAME">
            <Text>Physical training is imperative. Literacy is optional.</Text>
        </Row>
        <Row Tag="LOC_LEADER_CHAIN_1072E_DESCRIPTION">
            <Text>{1_reward} in {2_capital}.</Text>
        </Row>
        <Row Tag="LOC_LEADER_CHAIN_1180E_STORYTITLE">
            <Text>Shahanshah</Text>
        </Row>
        <Row Tag="LOC_LEADER_CHAIN_1180E_NAME">
            <Text>Xerxes is a god.</Text>
        </Row>
        <Row Tag="LOC_LEADER_CHAIN_1180E_DESCRIPTION">
            <Text>{1_reward}.</Text>
        </Row>
        <Row Tag="LOC_LEADER_CHAIN_1180E_COMPLETION">
            <Text>The monuments of Xerxes draw crowds from city and countryside alike. They bring both curiosity and coin to the surrounding neighborhoods.</Text>
        </Row>
        <Row Tag="LOC_LEADER_CHAIN_1180E_IMPERATIVE">
            <Text>Have 2 Monuments.</Text>
        </Row>
        <Row Tag="LOC_LEADER_CHAIN_1180F_STORYTITLE">
            <Text>Shahanshah</Text>
        </Row>
        <Row Tag="LOC_LEADER_CHAIN_1180F_NAME">
            <Text>Xerxes is a great king.</Text>
        </Row>
        <Row Tag="LOC_LEADER_CHAIN_1180F_DESCRIPTION">
            <Text>{1_reward}.</Text>
        </Row>
        <Row Tag="LOC_LEADER_CHAIN_1180F_COMPLETION">
            <Text>Soldiers pray before the altars of Xerxes. Through his divine guidance, they will find only victory.</Text>
        </Row>
        <Row Tag="LOC_LEADER_CHAIN_1180F_IMPERATIVE">
            <Text>Have 2 Altars.</Text>
        </Row>
        <Row Tag="LOC_LEADER_CHAIN_1180G_STORYTITLE">
            <Text>Shahanshah</Text>
        </Row>
        <Row Tag="LOC_LEADER_CHAIN_1180G_NAME">
            <Text>Is there value in humility?</Text>
        </Row>
        <Row Tag="LOC_LEADER_CHAIN_1180G_DESCRIPTION">
            <Text>{1_reward}.</Text>
        </Row>
        <Row Tag="LOC_LEADER_CHAIN_1181D_STORYTITLE">
            <Text>Axis Mundi</Text>
        </Row>
        <Row Tag="LOC_LEADER_CHAIN_1181D_NAME">
            <Text>...the palace.</Text>
        </Row>
        <Row Tag="LOC_LEADER_CHAIN_1181D_DESCRIPTION">
            <Text>{1_reward}.</Text>
        </Row>
        <Row Tag="LOC_LEADER_CHAIN_1181D_COMPLETION">
            <Text>The name of Xerxes spreads through his merchants. Soon it will ring in the ears of all.</Text>
        </Row>
        <Row Tag="LOC_LEADER_CHAIN_1181D_IMPERATIVE">
            <Text>Have 3 Trade Routes.</Text>
        </Row>
        <Row Tag="LOC_LEADER_CHAIN_1181E_STORYTITLE">
            <Text>Axis Mundi</Text>
        </Row>
        <Row Tag="LOC_LEADER_CHAIN_1181E_NAME">
            <Text>…a unified world.</Text>
        </Row>
        <Row Tag="LOC_LEADER_CHAIN_1181E_DESCRIPTION">
            <Text>{1_reward}.</Text>
        </Row>
        <Row Tag="LOC_LEADER_CHAIN_1182D_STORYTITLE">
            <Text>Ahura Mazda</Text>
        </Row>
        <Row Tag="LOC_LEADER_CHAIN_1182D_NAME">
            <Text>…consume all in their path.</Text>
        </Row>
        <Row Tag="LOC_LEADER_CHAIN_1182D_DESCRIPTION">
            <Text>{1_reward}.</Text>
        </Row>
        <Row Tag="LOC_LEADER_CHAIN_1182D_COMPLETION">
            <Text>The army of Xerxes inflicts devastation upon the enemy, and harvest rich rewards from the ruins.</Text>
        </Row>
        <Row Tag="LOC_LEADER_CHAIN_1182D_IMPERATIVE">
            <Text>Capture a Settlement.</Text>
        </Row>
        <Row Tag="LOC_LEADER_CHAIN_1182E_STORYTITLE">
            <Text>Ahura Mazda</Text>
        </Row>
        <Row Tag="LOC_LEADER_CHAIN_1182E_NAME">
            <Text>…praise the flames of heaven.</Text>
        </Row>
        <Row Tag="LOC_LEADER_CHAIN_1182E_DESCRIPTION">
            <Text>{1_reward}.</Text>
        </Row>
        <Row Tag="LOC_LEADER_CHAIN_1073D_STORYTITLE">
            <Text>A Song for a New Era</Text>
        </Row>
        <Row Tag="LOC_LEADER_CHAIN_1073D_NAME">
            <Text>Steel makes the most memorable tones.</Text>
        </Row>
        <Row Tag="LOC_LEADER_CHAIN_1073D_DESCRIPTION">
            <Text>Story continues.</Text>
        </Row>
        <Row Tag="LOC_LEADER_CHAIN_1073E_STORYTITLE">
            <Text>A Song for a New Era</Text>
        </Row>
        <Row Tag="LOC_LEADER_CHAIN_1073E_NAME">
            <Text>The world will listen to Friedrich's flute.</Text>
        </Row>
        <Row Tag="LOC_LEADER_CHAIN_1073E_DESCRIPTION">
            <Text>Story continues.</Text>
        </Row>
        <Row Tag="LOC_LEADER_CHAIN_1074D_STORYTITLE">
            <Text>Methods of Warfare</Text>
        </Row>
        <Row Tag="LOC_LEADER_CHAIN_1074D_NAME">
            <Text>A good war, like a good play, requires nuance.</Text>
        </Row>
        <Row Tag="LOC_LEADER_CHAIN_1074D_DESCRIPTION">
            <Text>{1_reward}.</Text>
        </Row>
        <Row Tag="LOC_LEADER_CHAIN_1074D_COMPLETION">
            <Text>Friedrich and his army have attacked the enemy from all quarters. Victory was never a question of if, but when.</Text>
        </Row>
        <Row Tag="LOC_LEADER_CHAIN_1074D_IMPERATIVE">
            <Text>Capture a Settlement.</Text>
        </Row>
        <Row Tag="LOC_LEADER_CHAIN_1074E_STORYTITLE">
            <Text>Methods of Warfare</Text>
        </Row>
        <Row Tag="LOC_LEADER_CHAIN_1074E_NAME">
            <Text>Let the siege begin.</Text>
        </Row>
        <Row Tag="LOC_LEADER_CHAIN_1074E_DESCRIPTION">
            <Text>{1_reward} in all Settlements.</Text>
        </Row>
        <Row Tag="LOC_LEADER_CHAIN_1075C_STORYTITLE">
            <Text>Rise and Shine</Text>
        </Row>
        <Row Tag="LOC_LEADER_CHAIN_1075C_NAME">
            <Text>Close.</Text>
        </Row>
        <Row Tag="LOC_LEADER_CHAIN_1075C_DESCRIPTION">
            <Text>{1_reward}.</Text>
        </Row>
        <Row Tag="LOC_LEADER_CHAIN_1075C_COMPLETION">
            <Text>Even in these faraway lands, even amid the fumes of coffee, Friedrich tastes victory in the air – metal and gunpowder.</Text>
        </Row>
        <Row Tag="LOC_LEADER_CHAIN_1075C_IMPERATIVE">
            <Text>Defeat a Commander.</Text>
        </Row>
        <Row Tag="LOC_LEADER_CHAIN_1076D_STORYTITLE">
            <Text>The Poet King</Text>
        </Row>
        <Row Tag="LOC_LEADER_CHAIN_1076D_NAME">
            <Text>This is the ideal marriage of rationality and the arts.</Text>
        </Row>
        <Row Tag="LOC_LEADER_CHAIN_1076D_DESCRIPTION">
            <Text>{1_reward}.</Text>
        </Row>
        <Row Tag="LOC_LEADER_CHAIN_1076D_COMPLETION">
            <Text>The union of the architect's genius and the artist's dream rises above Friedrich's city – the poet king's vision made manifest.</Text>
        </Row>
        <Row Tag="LOC_LEADER_CHAIN_1076D_IMPERATIVE">
            <Text>Build a Wonder.</Text>
        </Row>
        <Row Tag="LOC_LEADER_CHAIN_1076E_STORYTITLE">
            <Text>The Poet King</Text>
        </Row>
        <Row Tag="LOC_LEADER_CHAIN_1076E_NAME">
            <Text>The arts fuel the economy.</Text>
        </Row>
        <Row Tag="LOC_LEADER_CHAIN_1076E_DESCRIPTION">
            <Text>{1_reward} in {2_capital}.</Text>
        </Row>
        <Row Tag="LOC_LEADER_CHAIN_1077C_STORYTITLE">
            <Text>Liquid Diplomacy</Text>
        </Row>
        <Row Tag="LOC_LEADER_CHAIN_1077C_NAME">
            <Text>Close.</Text>
        </Row>
        <Row Tag="LOC_LEADER_CHAIN_1077C_DESCRIPTION">
            <Text>{1_reward}.</Text>
        </Row>
        <Row Tag="LOC_LEADER_CHAIN_1077C_COMPLETION">
            <Text>Friedrich is not alone in his fondness for wine. His allies, plied by grapes, find themselves eager for his friendship.</Text>
        </Row>
        <Row Tag="LOC_LEADER_CHAIN_1077C_IMPERATIVE">
            <Text>Have an Alliance with another Civilization.</Text>
        </Row>
        <Row Tag="LOC_LEADER_CHAIN_1183D_STORYTITLE">
            <Text>Ruler of Fire</Text>
        </Row>
        <Row Tag="LOC_LEADER_CHAIN_1183D_NAME">
            <Text>This is the era of artists and architects.</Text>
        </Row>
        <Row Tag="LOC_LEADER_CHAIN_1183D_DESCRIPTION">
            <Text>Story continues.</Text>
        </Row>
        <Row Tag="LOC_LEADER_CHAIN_1183E_STORYTITLE">
            <Text>Ruler of Fire</Text>
        </Row>
        <Row Tag="LOC_LEADER_CHAIN_1183E_NAME">
            <Text>This is the era of merchants.</Text>
        </Row>
        <Row Tag="LOC_LEADER_CHAIN_1183E_DESCRIPTION">
            <Text>Story continues.</Text>
        </Row>
        <Row Tag="LOC_LEADER_CHAIN_1184D_STORYTITLE">
            <Text>Rules of the Court</Text>
        </Row>
        <Row Tag="LOC_LEADER_CHAIN_1184D_NAME">
            <Text>He must be sent abroad.</Text>
        </Row>
        <Row Tag="LOC_LEADER_CHAIN_1184D_DESCRIPTION">
            <Text>{1_reward}.</Text>
        </Row>
        <Row Tag="LOC_LEADER_CHAIN_1184D_COMPLETION">
            <Text>A treatise on new philosophies arrives in Xerxes' court. It is a gift from a young noble who, once bold enough to address Xerxes directly, now finds success – and ideas – in distant markets.</Text>
        </Row>
        <Row Tag="LOC_LEADER_CHAIN_1184D_IMPERATIVE">
            <Text>Train 2 Merchants.</Text>
        </Row>
        <Row Tag="LOC_LEADER_CHAIN_1184E_STORYTITLE">
            <Text>Rules of the Court</Text>
        </Row>
        <Row Tag="LOC_LEADER_CHAIN_1184E_NAME">
            <Text>Perhaps it is time for the court to change.</Text>
        </Row>
        <Row Tag="LOC_LEADER_CHAIN_1184E_DESCRIPTION">
            <Text>{1_reward}.</Text>
        </Row>
        <Row Tag="LOC_LEADER_CHAIN_1185C_STORYTITLE">
            <Text>Zealous Architects</Text>
        </Row>
        <Row Tag="LOC_LEADER_CHAIN_1185C_NAME">
            <Text>Close.</Text>
        </Row>
        <Row Tag="LOC_LEADER_CHAIN_1185C_DESCRIPTION">
            <Text>{1_reward} in all Settlements.</Text>
        </Row>
        <Row Tag="LOC_LEADER_CHAIN_1185C_COMPLETION">
            <Text>The artistry of Xerxes' palace has found its way into a new masterpiece. With every structure, his architects show off their ingenuity.</Text>
        </Row>
        <Row Tag="LOC_LEADER_CHAIN_1185C_IMPERATIVE">
            <Text>Build a Wonder.</Text>
        </Row>
        <Row Tag="LOC_LEADER_CHAIN_1186D_STORYTITLE">
            <Text>Flames of War</Text>
        </Row>
        <Row Tag="LOC_LEADER_CHAIN_1186D_NAME">
            <Text>Such fires turn land to gold.</Text>
        </Row>
        <Row Tag="LOC_LEADER_CHAIN_1186D_DESCRIPTION">
            <Text>{1_reward}.</Text>
        </Row>
        <Row Tag="LOC_LEADER_CHAIN_1186D_COMPLETION">
            <Text>Homes burn, walls collapse. But the fires of Xerxes have rejuvenated the land, and soon a new harvest will flourish.</Text>
        </Row>
        <Row Tag="LOC_LEADER_CHAIN_1186D_IMPERATIVE">
            <Text>Capture a Settlement.</Text>
        </Row>
        <Row Tag="LOC_LEADER_CHAIN_1186E_STORYTITLE">
            <Text>Flames of War</Text>
        </Row>
        <Row Tag="LOC_LEADER_CHAIN_1186E_NAME">
            <Text>These flames seek only to destroy.</Text>
        </Row>
        <Row Tag="LOC_LEADER_CHAIN_1186E_DESCRIPTION">
            <Text>{1_reward}.</Text>
        </Row>
        <Row Tag="LOC_LEADER_CHAIN_1187C_STORYTITLE">
            <Text>Spreading Fire</Text>
        </Row>
        <Row Tag="LOC_LEADER_CHAIN_1187C_NAME">
            <Text>Close.</Text>
        </Row>
        <Row Tag="LOC_LEADER_CHAIN_1187C_DESCRIPTION">
            <Text>{1_reward} in all Settlements.</Text>
        </Row>
        <Row Tag="LOC_LEADER_CHAIN_1187C_COMPLETION">
            <Text>Xerxes' empire spreads across the hemispheres. As his territory grows, so too does his treasury.</Text>
        </Row>
        <Row Tag="LOC_LEADER_CHAIN_1187C_IMPERATIVE">
            <Text>Capture a Settlement.</Text>
        </Row>
        <Row Tag="LOC_LEADER_CHAIN_1078E_STORYTITLE">
            <Text>A Symphony of Guns</Text>
        </Row>
        <Row Tag="LOC_LEADER_CHAIN_1078E_NAME">
            <Text>Close.</Text>
        </Row>
        <Row Tag="LOC_LEADER_CHAIN_1078E_DESCRIPTION">
            <Text>{1_child_reward}</Text>
        </Row>
        <Row Tag="LOC_LEADER_CHAIN_1078E_COMPLETION">
            <Text>The symphony of war diminishes, giving way to a new solo – one that tells of hard-earned victory, and more to come. Friedrich listens to his own composition with a smile.</Text>
        </Row>
        <Row Tag="LOC_LEADER_CHAIN_1078E_IMPERATIVE">
            <Text>Capture an enemy Capital.</Text>
        </Row>
        <Row Tag="LOC_LEADER_CHAIN_1078F_STORYTITLE">
            <Text>A Symphony of Guns</Text>
        </Row>
        <Row Tag="LOC_LEADER_CHAIN_1078F_NAME">
            <Text>Close.</Text>
        </Row>
        <Row Tag="LOC_LEADER_CHAIN_1078F_DESCRIPTION">
            <Text>{1_reward}.</Text>
        </Row>
        <Row Tag="LOC_LEADER_CHAIN_1078G_STORYTITLE">
            <Text>A Symphony of Guns</Text>
        </Row>
        <Row Tag="LOC_LEADER_CHAIN_1078G_NAME">
            <Text>Close.</Text>
        </Row>
        <Row Tag="LOC_LEADER_CHAIN_1078G_DESCRIPTION">
            <Text>{1_reward} and enter a Celebration.</Text>
        </Row>
        <Row Tag="LOC_LEADER_CHAIN_1079E_STORYTITLE">
            <Text>The Baroque Age</Text>
        </Row>
        <Row Tag="LOC_LEADER_CHAIN_1079E_NAME">
            <Text>Close.</Text>
        </Row>
        <Row Tag="LOC_LEADER_CHAIN_1079E_DESCRIPTION">
            <Text>{1_child_reward}</Text>
        </Row>
        <Row Tag="LOC_LEADER_CHAIN_1079E_COMPLETION">
            <Text>Across Friedrich's empire, ideas cascade like notes from a flute. His people imagine their own outstanding future, then build it themselves.</Text>
        </Row>
        <Row Tag="LOC_LEADER_CHAIN_1079E_IMPERATIVE">
            <Text>Build 2 Laboratories and 2 Radio Stations.</Text>
        </Row>
        <Row Tag="LOC_LEADER_CHAIN_1079F_STORYTITLE">
            <Text>The Baroque Age</Text>
        </Row>
        <Row Tag="LOC_LEADER_CHAIN_1079F_NAME">
            <Text>Close.</Text>
        </Row>
        <Row Tag="LOC_LEADER_CHAIN_1079F_DESCRIPTION">
            <Text>{1_reward}.</Text>
        </Row>
        <Row Tag="LOC_LEADER_CHAIN_1079G_STORYTITLE">
            <Text>The Baroque Age</Text>
        </Row>
        <Row Tag="LOC_LEADER_CHAIN_1079G_NAME">
            <Text>Close.</Text>
        </Row>
        <Row Tag="LOC_LEADER_CHAIN_1079G_DESCRIPTION">
            <Text>{1_reward} and enter a Celebration.</Text>
        </Row>
        <Row Tag="LOC_LEADER_CHAIN_1188E_STORYTITLE">
            <Text>The Order of the Universe</Text>
        </Row>
        <Row Tag="LOC_LEADER_CHAIN_1188E_NAME">
            <Text>Close.</Text>
        </Row>
        <Row Tag="LOC_LEADER_CHAIN_1188E_DESCRIPTION">
            <Text>{1_child_reward}</Text>
        </Row>
        <Row Tag="LOC_LEADER_CHAIN_1188E_COMPLETION">
            <Text>Much as the empire of Xerxes orbits the sun of its ruler, so too does history follow him.</Text>
        </Row>
        <Row Tag="LOC_LEADER_CHAIN_1188E_IMPERATIVE">
            <Text>Have 5 Artifacts.</Text>
        </Row>
        <Row Tag="LOC_LEADER_CHAIN_1188F_STORYTITLE">
            <Text>The Order of the Universe</Text>
        </Row>
        <Row Tag="LOC_LEADER_CHAIN_1188F_NAME">
            <Text>Close.</Text>
        </Row>
        <Row Tag="LOC_LEADER_CHAIN_1188F_DESCRIPTION">
            <Text>{1_reward}.</Text>
        </Row>
        <Row Tag="LOC_LEADER_CHAIN_1188G_STORYTITLE">
            <Text>The Order of the Universe</Text>
        </Row>
        <Row Tag="LOC_LEADER_CHAIN_1188G_NAME">
            <Text>Close.</Text>
        </Row>
        <Row Tag="LOC_LEADER_CHAIN_1188G_DESCRIPTION">
            <Text>{1_reward} and enter a Celebration.</Text>
        </Row>
        <Row Tag="LOC_LEADER_CHAIN_1189E_STORYTITLE">
            <Text>A New Order</Text>
        </Row>
        <Row Tag="LOC_LEADER_CHAIN_1189E_NAME">
            <Text>Close.</Text>
        </Row>
        <Row Tag="LOC_LEADER_CHAIN_1189E_DESCRIPTION">
            <Text>{1_child_reward}</Text>
        </Row>
        <Row Tag="LOC_LEADER_CHAIN_1189E_COMPLETION">
            <Text>The armies of Xerxes gleam gold beneath the burning sun as empires fall before them.</Text>
        </Row>
        <Row Tag="LOC_LEADER_CHAIN_1189E_IMPERATIVE">
            <Text>Score an Ideology Point.</Text>
        </Row>
        <Row Tag="LOC_LEADER_CHAIN_1189F_STORYTITLE">
            <Text>A New Order</Text>
        </Row>
        <Row Tag="LOC_LEADER_CHAIN_1189F_NAME">
            <Text>Close.</Text>
        </Row>
        <Row Tag="LOC_LEADER_CHAIN_1189F_DESCRIPTION">
            <Text>{1_reward}.</Text>
        </Row>
        <Row Tag="LOC_LEADER_CHAIN_1189G_STORYTITLE">
            <Text>A New Order</Text>
        </Row>
        <Row Tag="LOC_LEADER_CHAIN_1189G_NAME">
            <Text>Close.</Text>
        </Row>
        <Row Tag="LOC_LEADER_CHAIN_1189G_DESCRIPTION">
            <Text>{1_reward} and enter a Celebration.</Text>
        </Row>
    </EnglishText>
</Database>
