<?xml version="1.0" encoding="utf-8"?>
<Database>
	<AdvancedStartCards>
		<!-- Advanced Start -->
		<Row Age="AGE_MODERN" CardSet="ADVANCED_START_MOD_DEFAULT" CardID="STRATEGYCARD_AS_FRIEDRICH_BAROQUE_MODERN_1" Name="LOC_CARD_AT_MOD_LEGEND_FRIEDRICH_BAROQUE_1_NAME" Description="LOC_CARD_AT_MOD_LEGEND_FRIEDRICH_BAROQUE_1_DESCRIPTION" CultureCost="1" CardEffectType1="CARD_EFFECT_MOD_LEADER_CULTURE_BOON" CardEffectType2="CARD_EFFECT_MOD_LEADER_SCIENCE_BANE" IndividualLimit="1" UniqueLeader="LEADER_FRIEDRICH_ALT" Unlock="UNLOCK_LEGEND_LEVEL_8_FRIEDRICH_BAROQUE" CategorySortOrder="50000"/>
		<Row Age="AGE_MODERN" CardSet="ADVANCED_START_MOD_DEFAULT" CardID="STRATEGYCARD_AS_FRIEDRICH_BAROQUE_MODERN_2" Name="LOC_CARD_AT_MOD_LEGEND_FRIEDRICH_BAROQUE_2_NAME" Description="LOC_CARD_AT_MOD_LEGEND_FRIEDRICH_BAROQUE_2_DESCRIPTION" MilitaristicCost="1" CardEffectType1="CARD_EFFECT_MOD_LEADER_COMBAT_BOON" CardEffectType2="CARD_EFFECT_MOD_LEADER_INFLUENCE_BANE" IndividualLimit="1" UniqueLeader="LEADER_FRIEDRICH_ALT" Unlock="UNLOCK_LEGEND_LEVEL_8_FRIEDRICH_BAROQUE" CategorySortOrder="50000"/>
		<Row Age="AGE_MODERN" CardSet="ADVANCED_START_MOD_DEFAULT" CardID="STRATEGYCARD_AS_XERXES_ACHAEMENID_MODERN_1" Name="LOC_CARD_AT_MOD_LEGEND_XERXES_ACHAEMENID_1_NAME" Description="LOC_CARD_AT_MOD_LEGEND_XERXES_ACHAEMENID_1_DESCRIPTION" CultureCost="1" CardEffectType1="CARD_EFFECT_MOD_LEADER_CULTURE_BOON" CardEffectType2="CARD_EFFECT_MOD_LEADER_SCIENCE_BANE" IndividualLimit="1" UniqueLeader="LEADER_XERXES_ALT" Unlock="UNLOCK_LEGEND_LEVEL_8_XERXES_ACHAEMENID" CategorySortOrder="50000"/>
		<Row Age="AGE_MODERN" CardSet="ADVANCED_START_MOD_DEFAULT" CardID="STRATEGYCARD_AS_XERXES_ACHAEMENID_MODERN_2" Name="LOC_CARD_AT_MOD_LEGEND_XERXES_ACHAEMENID_2_NAME" Description="LOC_CARD_AT_MOD_LEGEND_XERXES_ACHAEMENID_2_DESCRIPTION" EconomicCost="1" CardEffectType1="CARD_EFFECT_MOD_LEADER_GOLD_BOON" CardEffectType2="CARD_EFFECT_MOD_LEADER_FOOD_BANE" IndividualLimit="1" UniqueLeader="LEADER_XERXES_LT" Unlock="UNLOCK_LEGEND_LEVEL_8_XERXES_ACHAEMENID" CategorySortOrder="50000"/>

		<!-- Age Transition -->
		<Row Age="AGE_MODERN" CardSet="AGE_TRANSITION_MOD_DEFAULT" CardID="STRATEGYCARD_FRIEDRICH_BAROQUE_MODERN_1" Name="LOC_CARD_AT_MOD_LEGEND_FRIEDRICH_BAROQUE_1_NAME" Description="LOC_CARD_AT_MOD_LEGEND_FRIEDRICH_BAROQUE_1_DESCRIPTION" CultureCost="1" CardEffectType1="CARD_EFFECT_MOD_LEADER_CULTURE_BOON" CardEffectType2="CARD_EFFECT_MOD_LEADER_SCIENCE_BANE" IndividualLimit="1" UniqueLeader="LEADER_FRIEDRICH_ALT" Unlock="UNLOCK_LEGEND_LEVEL_8_FRIEDRICH_BAROQUE" CategorySortOrder="50000"/>
		<Row Age="AGE_MODERN" CardSet="AGE_TRANSITION_MOD_DEFAULT" CardID="STRATEGYCARD_FRIEDRICH_BAROQUE_MODERN_2" Name="LOC_CARD_AT_MOD_LEGEND_FRIEDRICH_BAROQUE_2_NAME" Description="LOC_CARD_AT_MOD_LEGEND_FRIEDRICH_BAROQUE_2_DESCRIPTION" MilitaristicCost="1" CardEffectType1="CARD_EFFECT_MOD_LEADER_COMBAT_BOON" CardEffectType2="CARD_EFFECT_MOD_LEADER_INFLUENCE_BANE" IndividualLimit="1" UniqueLeader="LEADER_FRIEDRICH_ALT" Unlock="UNLOCK_LEGEND_LEVEL_8_FRIEDRICH_BAROQUE" CategorySortOrder="50000"/>
		<Row Age="AGE_MODERN" CardSet="AGE_TRANSITION_MOD_DEFAULT" CardID="STRATEGYCARD_XERXES_ACHAEMENID_MODERN_1" Name="LOC_CARD_AT_MOD_LEGEND_XERXES_ACHAEMENID_1_NAME" Description="LOC_CARD_AT_MOD_LEGEND_XERXES_ACHAEMENID_1_DESCRIPTION" CultureCost="1" CardEffectType1="CARD_EFFECT_MOD_LEADER_CULTURE_BOON" CardEffectType2="CARD_EFFECT_MOD_LEADER_SCIENCE_BANE" IndividualLimit="1" UniqueLeader="LEADER_XERXES_ALT" Unlock="UNLOCK_LEGEND_LEVEL_8_XERXES_ACHAEMENID" CategorySortOrder="50000"/>
		<Row Age="AGE_MODERN" CardSet="AGE_TRANSITION_MOD_DEFAULT" CardID="STRATEGYCARD_XERXES_ACHAEMENID_MODERN_2" Name="LOC_CARD_AT_MOD_LEGEND_XERXES_ACHAEMENID_2_NAME" Description="LOC_CARD_AT_MOD_LEGEND_XERXES_ACHAEMENID_2_DESCRIPTION" EconomicCost="1" CardEffectType1="CARD_EFFECT_MOD_LEADER_GOLD_BOON" CardEffectType2="CARD_EFFECT_MOD_LEADER_FOOD_BANE" IndividualLimit="1" UniqueLeader="LEADER_XERXES_ALT" Unlock="UNLOCK_LEGEND_LEVEL_8_XERXES_ACHAEMENID" CategorySortOrder="50000"/>
	</AdvancedStartCards>
</Database>