<?xml version="1.0" encoding="utf-8"?>
<Database>
	<AdvancedStartCards>
		<!-- Advanced Start -->
		<Row Age="AGE_EXPLORATION" CardSet="ADVANCED_START_EXP_DEFAULT" CardID="STRATEGYCARD_AS_FRIEDRICH_BAROQUE_EXPLORATION_1" Name="LOC_CARD_AT_EXP_LEGEND_FRIEDRICH_BAROQUE_1_NAME" Description="LOC_CARD_AT_EXP_LEGEND_FRIEDRICH_BAROQUE_1_DESCRIPTION" CultureCost="1" CardEffectType1="CARD_EFFECT_EXP_LEADER_CULTURE_BOON" CardEffectType2="CARD_EFFECT_EXP_LEADER_SCIENCE_BANE" IndividualLimit="1" UniqueLeader="LEADER_FRIEDRICH_ALT" Unlock="UNLOCK_LEGEND_LEVEL_4_FRIEDRICH_BAROQUE" CategorySortOrder="50000"/>
		<Row Age="AGE_EXPLORATION" CardSet="ADVANCED_START_EXP_DEFAULT" CardID="STRATEGYCARD_AS_FRIEDRICH_BAROQUE_EXPLORATION_2" Name="LOC_CARD_AT_EXP_LEGEND_FRIEDRICH_BAROQUE_2_NAME" Description="LOC_CARD_AT_EXP_LEGEND_FRIEDRICH_BAROQUE_2_DESCRIPTION" MilitaristicCost="1" CardEffectType1="CARD_EFFECT_EXP_LEADER_COMBAT_BOON" CardEffectType2="CARD_EFFECT_EXP_LEADER_INFLUENCE_BANE" IndividualLimit="1" UniqueLeader="LEADER_FRIEDRICH_ALT" Unlock="UNLOCK_LEGEND_LEVEL_4_FRIEDRICH_BAROQUE" CategorySortOrder="50000"/>
		<Row Age="AGE_EXPLORATION" CardSet="ADVANCED_START_EXP_DEFAULT" CardID="STRATEGYCARD_AS_XERXES_ACHAEMENID_EXPLORATION_1" Name="LOC_CARD_AT_EXP_LEGEND_XERXES_ACHAEMENID_1_NAME" Description="LOC_CARD_AT_EXP_LEGEND_XERXES_ACHAEMENID_1_DESCRIPTION" CultureCost="1" CardEffectType1="CARD_EFFECT_EXP_LEADER_CULTURE_BOON" CardEffectType2="CARD_EFFECT_EXP_LEADER_SCIENCE_BANE" IndividualLimit="1" UniqueLeader="LEADER_XERXES_ALT" Unlock="UNLOCK_LEGEND_LEVEL_4_XERXES_ACHAEMENID" CategorySortOrder="50000"/>
		<Row Age="AGE_EXPLORATION" CardSet="ADVANCED_START_EXP_DEFAULT" CardID="STRATEGYCARD_AS_XERXES_ACHAEMENID_EXPLORATION_2" Name="LOC_CARD_AT_EXP_LEGEND_XERXES_ACHAEMENID_2_NAME" Description="LOC_CARD_AT_EXP_LEGEND_XERXES_ACHAEMENID_2_DESCRIPTION" EconomicCost="1" CardEffectType1="CARD_EFFECT_EXP_LEADER_GOLD_BOON" CardEffectType2="CARD_EFFECT_EXP_LEADER_FOOD_BANE" IndividualLimit="1" UniqueLeader="LEADER_XERXES_ALT" Unlock="UNLOCK_LEGEND_LEVEL_4_XERXES_ACHAEMENID" CategorySortOrder="50000"/>

		<!-- Age Transition -->
		<Row Age="AGE_EXPLORATION" CardSet="AGE_TRANSITION_EXP_DEFAULT" CardID="STRATEGYCARD_FRIEDRICH_BAROQUE_EXPLORATION_1" Name="LOC_CARD_AT_EXP_LEGEND_FRIEDRICH_BAROQUE_1_NAME" Description="LOC_CARD_AT_EXP_LEGEND_FRIEDRICH_BAROQUE_1_DESCRIPTION" CultureCost="1" CardEffectType1="CARD_EFFECT_EXP_LEADER_CULTURE_BOON" CardEffectType2="CARD_EFFECT_EXP_LEADER_SCIENCE_BANE" IndividualLimit="1" UniqueLeader="LEADER_FRIEDRICH_ALT" Unlock="UNLOCK_LEGEND_LEVEL_4_FRIEDRICH_BAROQUE" CategorySortOrder="50000"/>
		<Row Age="AGE_EXPLORATION" CardSet="AGE_TRANSITION_EXP_DEFAULT" CardID="STRATEGYCARD_FRIEDRICH_BAROQUE_EXPLORATION_2" Name="LOC_CARD_AT_EXP_LEGEND_FRIEDRICH_BAROQUE_2_NAME" Description="LOC_CARD_AT_EXP_LEGEND_FRIEDRICH_BAROQUE_2_DESCRIPTION" MilitaristicCost="1" CardEffectType1="CARD_EFFECT_EXP_LEADER_COMBAT_BOON" CardEffectType2="CARD_EFFECT_EXP_LEADER_INFLUENCE_BANE" IndividualLimit="1" UniqueLeader="LEADER_FRIEDRICH_ALT" Unlock="UNLOCK_LEGEND_LEVEL_4_FRIEDRICH_BAROQUE" CategorySortOrder="50000"/>
		<Row Age="AGE_EXPLORATION" CardSet="AGE_TRANSITION_EXP_DEFAULT" CardID="STRATEGYCARD_XERXES_ACHAEMENID_EXPLORATION_1" Name="LOC_CARD_AT_EXP_LEGEND_XERXES_ACHAEMENID_1_NAME" Description="LOC_CARD_AT_EXP_LEGEND_XERXES_ACHAEMENID_1_DESCRIPTION" CultureCost="1" CardEffectType1="CARD_EFFECT_EXP_LEADER_CULTURE_BOON" CardEffectType2="CARD_EFFECT_EXP_LEADER_SCIENCE_BANE" IndividualLimit="1" UniqueLeader="LEADER_XERXES_ALT" Unlock="UNLOCK_LEGEND_LEVEL_4_XERXES_ACHAEMENID" CategorySortOrder="50000"/>
		<Row Age="AGE_EXPLORATION" CardSet="AGE_TRANSITION_EXP_DEFAULT" CardID="STRATEGYCARD_XERXES_ACHAEMENID_EXPLORATION_2" Name="LOC_CARD_AT_EXP_LEGEND_XERXES_ACHAEMENID_2_NAME" Description="LOC_CARD_AT_EXP_LEGEND_XERXES_ACHAEMENID_2_DESCRIPTION" EconomicCost="1" CardEffectType1="CARD_EFFECT_EXP_LEADER_GOLD_BOON" CardEffectType2="CARD_EFFECT_EXP_LEADER_FOOD_BANE" IndividualLimit="1" UniqueLeader="LEADER_XERXES_ALT" Unlock="UNLOCK_LEGEND_LEVEL_4_XERXES_ACHAEMENID" CategorySortOrder="50000"/>
	</AdvancedStartCards>
</Database>