<?xml version="1.0" encoding="utf-8"?>
<Database>
	<Types>
		<Row Type="MEMENTO_FRIEDRICH_BAROQUE_FLUTE" Kind="KIND_MEMENTOS"/>
		<Row Type="MEMENTO_FRIEDRICH_BAROQUE_VOLTAIRE_EDITS" Kind="KIND_MEMENTOS"/>
		<Row Type="MEMENTO_FRIEDRICH_BAROQUE_ANTI_MACHIAVEL" Kind="KIND_MEMENTOS"/>

		<Row Type="MEMENTO_XERXES_ACHAEMENID_INCENSE_CENSER" Kind="KIND_MEMENTOS"/>
		<Row Type="MEMENTO_XERXES_ACHAEMENID_GOLD_FLUTED_PHIALE" Kind="KIND_MEMENTOS"/>
		<Row Type="MEMENTO_XERXES_ACHAEMENID_CHALCEDONY_SEAL" Kind="KIND_MEMENTOS"/>
	</Types>
	<Mementos>
		<Row MementoType="MEMENTO_FRIEDRICH_BAROQUE_FLUTE" Name="LOC_MEMENTO_FRIEDRICH_BAROQUE_FLUTE_NAME" Tag="PLACEHOLDER" Region="Unrestricted" Tier="1" Description="LOC_MEMENTO_FRIEDRICH_BAROQUE_FLUTE_DESCRIPTION" FunctionalDescription="LOC_MEMENTO_FRIEDRICH_BAROQUE_FLUTE_FUNCTIONAL_DESCRIPTION"/>
		<Row MementoType="MEMENTO_FRIEDRICH_BAROQUE_VOLTAIRE_EDITS" Name="LOC_MEMENTO_FRIEDRICH_BAROQUE_VOLTAIRE_EDITS_NAME" Tag="Military" Region="Unrestricted" Tier="1" Description="LOC_MEMENTO_FRIEDRICH_BAROQUE_VOLTAIRE_EDITS_DESCRIPTION" FunctionalDescription="LOC_MEMENTO_FRIEDRICH_BAROQUE_VOLTAIRE_EDITS_FUNCTIONAL_DESCRIPTION"/>
		<Row MementoType="MEMENTO_FRIEDRICH_BAROQUE_ANTI_MACHIAVEL" Name="LOC_MEMENTO_FRIEDRICH_BAROQUE_ANTI_MACHIAVEL_NAME" Tag="PLACEHOLDER" Region="Unrestricted" Tier="1" Description="LOC_MEMENTO_FRIEDRICH_BAROQUE_ANTI_MACHIAVEL_DESCRIPTION" FunctionalDescription="LOC_MEMENTO_FRIEDRICH_BAROQUE_ANTI_MACHIAVEL_FUNCTIONAL_DESCRIPTION"/>

		<Row MementoType="MEMENTO_XERXES_ACHAEMENID_INCENSE_CENSER" Name="LOC_MEMENTO_XERXES_ACHAEMENID_INCENSE_CENSER_NAME" Tag="Military" Region="Unrestricted" Tier="1" Description="LOC_MEMENTO_XERXES_ACHAEMENID_INCENSE_CENSER_DESCRIPTION" FunctionalDescription="LOC_MEMENTO_XERXES_ACHAEMENID_INCENSE_CENSER_FUNCTIONAL_DESCRIPTION"/>
		<Row MementoType="MEMENTO_XERXES_ACHAEMENID_GOLD_FLUTED_PHIALE" Name="LOC_MEMENTO_XERXES_ACHAEMENID_GOLD_FLUTED_PHIALE_NAME" Tag="Military" Region="Unrestricted" Tier="1" Description="LOC_MEMENTO_XERXES_ACHAEMENID_GOLD_FLUTED_PHIALE_DESCRIPTION" FunctionalDescription="LOC_MEMENTO_XERXES_ACHAEMENID_FUNCTIONAL_GOLD_FLUTED_PHIALE_DESCRIPTION"/>
		<Row MementoType="MEMENTO_XERXES_ACHAEMENID_CHALCEDONY_SEAL" Name="LOC_MEMENTO_XERXES_ACHAEMENID_CHALCEDONY_SEAL_NAME" Tag="Military" Region="Unrestricted" Tier="1" Description="LOC_MEMENTO_XERXES_ACHAEMENID_CHALCEDONY_SEAL_DESCRIPTION" FunctionalDescription="LOC_MEMENTO_XERXES_ACHAEMENID_CHALCEDONY_SEAL_FUNCTIONAL_DESCRIPTION"/>
	</Mementos>
	<MementoModifiers>
		<Row MementoType="MEMENTO_FRIEDRICH_BAROQUE_FLUTE" ModifierId="MEMENTO_FRIEDRICH_BAROQUE_FLUTE_MODIFIER"/>
		<Row MementoType="MEMENTO_FRIEDRICH_BAROQUE_VOLTAIRE_EDITS" ModifierId="MEMENTO_FRIEDRICH_BAROQUE_VOLTAIRE_EDITS_MODIFIER"/>
		<Row MementoType="MEMENTO_FRIEDRICH_BAROQUE_ANTI_MACHIAVEL" ModifierId="MEMENTO_FRIEDRICH_BAROQUE_ANTI_MACHIAVEL_MODIFIER"/>

		<Row MementoType="MEMENTO_XERXES_ACHAEMENID_INCENSE_CENSER" ModifierId="MEMENTO_XERXES_ACHAEMENID_INCENSE_CENSER_MODIFIER"/>
		<Row MementoType="MEMENTO_XERXES_ACHAEMENID_GOLD_FLUTED_PHIALE" ModifierId="MEMENTO_XERXES_ACHAEMENID_GOLD_FLUTED_PHIALE_MODIFIER"/>
		<Row MementoType="MEMENTO_XERXES_ACHAEMENID_CHALCEDONY_SEAL" ModifierId="MEMENTO_XERXES_ACHAEMENID_CHALCEDONY_SEAL_MODIFIER_1"/>
		<Row MementoType="MEMENTO_XERXES_ACHAEMENID_CHALCEDONY_SEAL" ModifierId="MEMENTO_XERXES_ACHAEMENID_CHALCEDONY_SEAL_MODIFIER_2"/>
	</MementoModifiers>
</Database>