<?xml version="1.0" encoding="utf-8"?>
<Database>
	<MetaprogressionModifiers>
		<Row ModifierId="CHALLENGE_FRIEDRICH_ALT_MILITARY_VICTORY_ANTIQUITY_PROGRESS" RequiredLeaderType="LEADER_FRIEDRICH_ALT" />
		<Row ModifierId="CHALLENGE_FRIEDRICH_ALT_MILITARY_VICTORY_EXPLORATION_PROGRESS" RequiredLeaderType="LEADER_FRIEDRICH_ALT" />
		<Row ModifierId="CHALLENGE_FRIEDRICH_ALT_MILITARY_VICTORY_MODERN_PROGRESS" RequiredLeaderType="LEADER_FRIEDRICH_ALT" />
		<Row ModifierId="CHALLENGE_FRIEDRICH_ALT_ECONOMIC_VICTORY_ANTIQUITY_PROGRESS" RequiredLeaderType="LEADER_FRIEDRICH_ALT" />
		<Row ModifierId="CHALLENGE_FRIEDRICH_ALT_ECONOMIC_VICTORY_EXPLORATION_PROGRESS" RequiredLeaderType="LEADER_FRIEDRICH_ALT" />
		<Row ModifierId="CHALLENGE_FRIEDRICH_ALT_ECONOMIC_VICTORY_MODERN_PROGRESS" RequiredLeaderType="LEADER_FRIEDRICH_ALT" />
		<Row ModifierId="CHALLENGE_FRIEDRICH_ALT_SCIENCE_VICTORY_ANTIQUITY_COMPLETE" RequiredLeaderType="LEADER_FRIEDRICH_ALT" />
		<Row ModifierId="CHALLENGE_FRIEDRICH_ALT_SCIENCE_VICTORY_EXPLORATION_COMPLETE" RequiredLeaderType="LEADER_FRIEDRICH_ALT" />
		<Row ModifierId="CHALLENGE_FRIEDRICH_ALT_SCIENCE_VICTORY_MODERN_COMPLETE" RequiredLeaderType="LEADER_FRIEDRICH_ALT" />
		<Row ModifierId="CHALLENGE_FRIEDRICH_ALT_CULTURE_VICTORY_ANTIQUITY_COMPLETE" RequiredLeaderType="LEADER_FRIEDRICH_ALT" />
		<Row ModifierId="CHALLENGE_FRIEDRICH_ALT_CULTURE_VICTORY_EXPLORATION_COMPLETE" RequiredLeaderType="LEADER_FRIEDRICH_ALT" />
		<Row ModifierId="CHALLENGE_FRIEDRICH_ALT_CULTURE_VICTORY_MODERN_COMPLETE" RequiredLeaderType="LEADER_FRIEDRICH_ALT" />
		<Row ModifierId="CHALLENGE_XERXES_ALT_MILITARY_VICTORY_ANTIQUITY_PROGRESS" RequiredLeaderType="LEADER_XERXES_ALT" />
		<Row ModifierId="CHALLENGE_XERXES_ALT_MILITARY_VICTORY_EXPLORATION_PROGRESS" RequiredLeaderType="LEADER_XERXES_ALT" />
		<Row ModifierId="CHALLENGE_XERXES_ALT_MILITARY_VICTORY_MODERN_PROGRESS" RequiredLeaderType="LEADER_XERXES_ALT" />
		<Row ModifierId="CHALLENGE_XERXES_ALT_ECONOMIC_VICTORY_ANTIQUITY_PROGRESS" RequiredLeaderType="LEADER_XERXES_ALT" />
		<Row ModifierId="CHALLENGE_XERXES_ALT_ECONOMIC_VICTORY_EXPLORATION_PROGRESS" RequiredLeaderType="LEADER_XERXES_ALT" />
		<Row ModifierId="CHALLENGE_XERXES_ALT_ECONOMIC_VICTORY_MODERN_PROGRESS" RequiredLeaderType="LEADER_XERXES_ALT" />
		<Row ModifierId="CHALLENGE_XERXES_ALT_SCIENCE_VICTORY_ANTIQUITY_COMPLETE" RequiredLeaderType="LEADER_XERXES_ALT" />
		<Row ModifierId="CHALLENGE_XERXES_ALT_SCIENCE_VICTORY_EXPLORATION_COMPLETE" RequiredLeaderType="LEADER_XERXES_ALT" />
		<Row ModifierId="CHALLENGE_XERXES_ALT_SCIENCE_VICTORY_MODERN_COMPLETE" RequiredLeaderType="LEADER_XERXES_ALT" />
		<Row ModifierId="CHALLENGE_XERXES_ALT_CULTURE_VICTORY_ANTIQUITY_COMPLETE" RequiredLeaderType="LEADER_XERXES_ALT" />
		<Row ModifierId="CHALLENGE_XERXES_ALT_CULTURE_VICTORY_EXPLORATION_COMPLETE" RequiredLeaderType="LEADER_XERXES_ALT" />
		<Row ModifierId="CHALLENGE_XERXES_ALT_CULTURE_VICTORY_MODERN_COMPLETE" RequiredLeaderType="LEADER_XERXES_ALT" />
		<Row ModifierId="CHALLENGE_FRIEDRICH_ALT_FLAWLESS_VICTORY_ANTIQUITY_COMPLETE" RequiredLeaderType="LEADER_FRIEDRICH_ALT" />
		<Row ModifierId="CHALLENGE_FRIEDRICH_ALT_FLAWLESS_VICTORY_EXPLORATION_COMPLETE" RequiredLeaderType="LEADER_FRIEDRICH_ALT" />
		<Row ModifierId="CHALLENGE_FRIEDRICH_ALT_FLAWLESS_VICTORY_MODERN_COMPLETE" RequiredLeaderType="LEADER_FRIEDRICH_ALT" />
		<Row ModifierId="CHALLENGE_XERXES_ALT_FLAWLESS_VICTORY_ANTIQUITY_COMPLETE" RequiredLeaderType="LEADER_XERXES_ALT" />
		<Row ModifierId="CHALLENGE_XERXES_ALT_FLAWLESS_VICTORY_EXPLORATION_COMPLETE" RequiredLeaderType="LEADER_XERXES_ALT" />
		<Row ModifierId="CHALLENGE_XERXES_ALT_FLAWLESS_VICTORY_MODERN_COMPLETE" RequiredLeaderType="LEADER_XERXES_ALT" />
		<Row ModifierId="CHALLENGE_FRIEDRICH_ALT_QUEST_A_ANTIQUITY_ACHIEVED" RequiredLeaderType="LEADER_FRIEDRICH_ALT" />
		<Row ModifierId="CHALLENGE_FRIEDRICH_ALT_QUEST_B_ANTIQUITY_ACHIEVED" RequiredLeaderType="LEADER_FRIEDRICH_ALT" />
		<Row ModifierId="CHALLENGE_FRIEDRICH_ALT_QUEST_A_EXPLORATION_ACHIEVED" RequiredLeaderType="LEADER_FRIEDRICH_ALT" />
		<Row ModifierId="CHALLENGE_FRIEDRICH_ALT_QUEST_B_EXPLORATION_ACHIEVED" RequiredLeaderType="LEADER_FRIEDRICH_ALT" />
		<Row ModifierId="CHALLENGE_FRIEDRICH_ALT_QUEST_A_MODERN_ACHIEVED" RequiredLeaderType="LEADER_FRIEDRICH_ALT" />
		<Row ModifierId="CHALLENGE_FRIEDRICH_ALT_QUEST_B_MODERN_ACHIEVED" RequiredLeaderType="LEADER_FRIEDRICH_ALT" />
		<Row ModifierId="CHALLENGE_XERXES_ALT_QUEST_A_ANTIQUITY_ACHIEVED" RequiredLeaderType="LEADER_XERXES_ALT" />
		<Row ModifierId="CHALLENGE_XERXES_ALT_QUEST_B_ANTIQUITY_ACHIEVED" RequiredLeaderType="LEADER_XERXES_ALT" />
		<Row ModifierId="CHALLENGE_XERXES_ALT_QUEST_A_EXPLORATION_ACHIEVED" RequiredLeaderType="LEADER_XERXES_ALT" />
		<Row ModifierId="CHALLENGE_XERXES_ALT_QUEST_B_EXPLORATION_ACHIEVED" RequiredLeaderType="LEADER_XERXES_ALT" />
		<Row ModifierId="CHALLENGE_XERXES_ALT_QUEST_A_MODERN_ACHIEVED" RequiredLeaderType="LEADER_XERXES_ALT" />
		<Row ModifierId="CHALLENGE_XERXES_ALT_QUEST_B_MODERN_ACHIEVED" RequiredLeaderType="LEADER_XERXES_ALT" />
		<Row ModifierId="CHALLENGE_XERXES_ALT_UNLOCKED_STRATEGYCARDS_EXPLORATION_ACHIEVED" RequiredLeaderType="LEADER_XERXES_ALT" />
		<Row ModifierId="CHALLENGE_XERXES_ALT_UNLOCKED_STRATEGYCARDS_MODERN_ACHIEVED" RequiredLeaderType="LEADER_XERXES_ALT" />
		<Row ModifierId="CHALLENGE_FRIEDRICH_ALT_UNLOCKED_STRATEGYCARDS_EXPLORATION_ACHIEVED" RequiredLeaderType="LEADER_FRIEDRICH_ALT" />
		<Row ModifierId="CHALLENGE_FRIEDRICH_ALT_UNLOCKED_STRATEGYCARDS_MODERN_ACHIEVED" RequiredLeaderType="LEADER_FRIEDRICH_ALT" />
	</MetaprogressionModifiers>
</Database>