﻿<?xml version="1.0" encoding="utf-8"?>
<Database>
    <Types>
        <Row Type="LEADER_CHAIN_1073D" Kind="KIND_NARRATIVE_STORY"/>
        <Row Type="LEADER_CHAIN_1073E" Kind="KIND_NARRATIVE_STORY"/>
        <Row Type="LEADER_CHAIN_1074D" Kind="KIND_NARRATIVE_STORY"/>
        <Row Type="LEADER_CHAIN_1074E" Kind="KIND_NARRATIVE_STORY"/>
        <Row Type="LEADER_CHAIN_1075C" Kind="KIND_NARRATIVE_STORY"/>
        <Row Type="LEADER_CHAIN_1076D" Kind="KIND_NARRATIVE_STORY"/>
        <Row Type="LEADER_CHAIN_1076E" Kind="KIND_NARRATIVE_STORY"/>
        <Row Type="LEADER_CHAIN_1077C" Kind="KIND_NARRATIVE_STORY"/>
        <Row Type="LEADER_CHAIN_1183D" Kind="KIND_NARRATIVE_STORY"/>
        <Row Type="LEADER_CHAIN_1183E" Kind="KIND_NARRATIVE_STORY"/>
        <Row Type="LEADER_CHAIN_1184D" Kind="KIND_NARRATIVE_STORY"/>
        <Row Type="LEADER_CHAIN_1184E" Kind="KIND_NARRATIVE_STORY"/>
        <Row Type="LEADER_CHAIN_1185C" Kind="KIND_NARRATIVE_STORY"/>
        <Row Type="LEADER_CHAIN_1186D" Kind="KIND_NARRATIVE_STORY"/>
        <Row Type="LEADER_CHAIN_1186E" Kind="KIND_NARRATIVE_STORY"/>
        <Row Type="LEADER_CHAIN_1187C" Kind="KIND_NARRATIVE_STORY"/>
    </Types>
    <NarrativeStories>
        <Row NarrativeStoryType="LEADER_CHAIN_1073D" Name="LOC_LEADER_CHAIN_1073D_NAME" Description="LOC_LEADER_CHAIN_1073D_DESCRIPTION" Completion="LOC_LEADER_CHAIN_1073D_COMPLETION" StoryTitle="LOC_LEADER_CHAIN_1073D_STORYTITLE" Age="AGE_EXPLORATION" Activation="LINKED_REQUISITE" Hidden="TRUE" RequirementSetId="Met" ActivationRequirementSetId="REQSET_LEADER_CHAIN_1073D_NARRATIVE_REQUISITE" UIActivation="STANDARD"/>
        <Row NarrativeStoryType="LEADER_CHAIN_1073E" Name="LOC_LEADER_CHAIN_1073E_NAME" Description="LOC_LEADER_CHAIN_1073E_DESCRIPTION" Completion="LOC_LEADER_CHAIN_1073E_COMPLETION" StoryTitle="LOC_LEADER_CHAIN_1073E_STORYTITLE" Age="AGE_EXPLORATION" Activation="LINKED_REQUISITE" Hidden="TRUE" RequirementSetId="Met" ActivationRequirementSetId="REQSET_LEADER_CHAIN_1073E_NARRATIVE_REQUISITE" UIActivation="STANDARD"/>
        <Row NarrativeStoryType="LEADER_CHAIN_1074D" Name="LOC_LEADER_CHAIN_1074D_NAME" Description="LOC_LEADER_CHAIN_1074D_DESCRIPTION" Completion="LOC_LEADER_CHAIN_1074D_COMPLETION" StoryTitle="LOC_LEADER_CHAIN_1074D_STORYTITLE" Age="AGE_EXPLORATION" Activation="LINKED_REQUISITE" Imperative="LOC_LEADER_CHAIN_1074D_IMPERATIVE" IsQuest="TRUE" RequirementSetId="REQSET_LEADER_CHAIN_1074B_NARRATIVE" ActivationRequirementSetId="REQSET_LEADER_CHAIN_1074D_NARRATIVE_REQUISITE" UIActivation="STANDARD"/>
        <Row NarrativeStoryType="LEADER_CHAIN_1074E" Name="LOC_LEADER_CHAIN_1074E_NAME" Description="LOC_LEADER_CHAIN_1074E_DESCRIPTION" Completion="LOC_LEADER_CHAIN_1074E_COMPLETION" StoryTitle="LOC_LEADER_CHAIN_1074E_STORYTITLE" Age="AGE_EXPLORATION" Activation="LINKED_REQUISITE" Hidden="TRUE" RequirementSetId="Met" ActivationRequirementSetId="REQSET_LEADER_CHAIN_1074E_NARRATIVE_REQUISITE" UIActivation="STANDARD"/>
        <Row NarrativeStoryType="LEADER_CHAIN_1075C" Name="LOC_LEADER_CHAIN_1075C_NAME" Description="LOC_LEADER_CHAIN_1075C_DESCRIPTION" Completion="LOC_LEADER_CHAIN_1075C_COMPLETION" StoryTitle="LOC_LEADER_CHAIN_1075C_STORYTITLE" Age="AGE_EXPLORATION" Activation="LINKED_REQUISITE" Imperative="LOC_LEADER_CHAIN_1075C_IMPERATIVE" IsQuest="TRUE" RequirementSetId="REQSET_LEADER_CHAIN_1075B_NARRATIVE" ActivationRequirementSetId="REQSET_LEADER_CHAIN_1075C_NARRATIVE_REQUISITE" UIActivation="STANDARD"/>
        <Row NarrativeStoryType="LEADER_CHAIN_1076D" Name="LOC_LEADER_CHAIN_1076D_NAME" Description="LOC_LEADER_CHAIN_1076D_DESCRIPTION" Completion="LOC_LEADER_CHAIN_1076D_COMPLETION" StoryTitle="LOC_LEADER_CHAIN_1076D_STORYTITLE" Age="AGE_EXPLORATION" Activation="LINKED_REQUISITE" Imperative="LOC_LEADER_CHAIN_1076D_IMPERATIVE" IsQuest="TRUE" RequirementSetId="REQSET_LEADER_CHAIN_1076B_NARRATIVE" ActivationRequirementSetId="REQSET_LEADER_CHAIN_1076D_NARRATIVE_REQUISITE" UIActivation="STANDARD"/>
        <Row NarrativeStoryType="LEADER_CHAIN_1076E" Name="LOC_LEADER_CHAIN_1076E_NAME" Description="LOC_LEADER_CHAIN_1076E_DESCRIPTION" Completion="LOC_LEADER_CHAIN_1076E_COMPLETION" StoryTitle="LOC_LEADER_CHAIN_1076E_STORYTITLE" Age="AGE_EXPLORATION" Activation="LINKED_REQUISITE" Hidden="TRUE" RequirementSetId="Met" ActivationRequirementSetId="REQSET_LEADER_CHAIN_1076E_NARRATIVE_REQUISITE" UIActivation="STANDARD"/>
        <Row NarrativeStoryType="LEADER_CHAIN_1077C" Name="LOC_LEADER_CHAIN_1077C_NAME" Description="LOC_LEADER_CHAIN_1077C_DESCRIPTION" Completion="LOC_LEADER_CHAIN_1077C_COMPLETION" StoryTitle="LOC_LEADER_CHAIN_1077C_STORYTITLE" Age="AGE_EXPLORATION" Activation="LINKED_REQUISITE" Imperative="LOC_LEADER_CHAIN_1077C_IMPERATIVE" IsQuest="TRUE" RequirementSetId="REQSET_LEADER_CHAIN_1077B_NARRATIVE" ActivationRequirementSetId="REQSET_LEADER_CHAIN_1077C_NARRATIVE_REQUISITE" UIActivation="STANDARD"/>
        <Row NarrativeStoryType="LEADER_CHAIN_1183D" Name="LOC_LEADER_CHAIN_1183D_NAME" Description="LOC_LEADER_CHAIN_1183D_DESCRIPTION" Completion="LOC_LEADER_CHAIN_1183D_COMPLETION" StoryTitle="LOC_LEADER_CHAIN_1183D_STORYTITLE" Age="AGE_EXPLORATION" Activation="LINKED_REQUISITE" Hidden="TRUE" RequirementSetId="Met" ActivationRequirementSetId="REQSET_LEADER_CHAIN_1183D_NARRATIVE_REQUISITE" UIActivation="STANDARD"/>
        <Row NarrativeStoryType="LEADER_CHAIN_1183E" Name="LOC_LEADER_CHAIN_1183E_NAME" Description="LOC_LEADER_CHAIN_1183E_DESCRIPTION" Completion="LOC_LEADER_CHAIN_1183E_COMPLETION" StoryTitle="LOC_LEADER_CHAIN_1183E_STORYTITLE" Age="AGE_EXPLORATION" Activation="LINKED_REQUISITE" Hidden="TRUE" RequirementSetId="Met" ActivationRequirementSetId="REQSET_LEADER_CHAIN_1183E_NARRATIVE_REQUISITE" UIActivation="STANDARD"/>
        <Row NarrativeStoryType="LEADER_CHAIN_1184D" Name="LOC_LEADER_CHAIN_1184D_NAME" Description="LOC_LEADER_CHAIN_1184D_DESCRIPTION" Completion="LOC_LEADER_CHAIN_1184D_COMPLETION" StoryTitle="LOC_LEADER_CHAIN_1184D_STORYTITLE" Age="AGE_EXPLORATION" Activation="LINKED_REQUISITE" Imperative="LOC_LEADER_CHAIN_1184D_IMPERATIVE" IsQuest="TRUE" ShowProgress="TRUE" RequirementSetId="REQSET_LEADER_CHAIN_1184B_NARRATIVE" ActivationRequirementSetId="REQSET_LEADER_CHAIN_1184D_NARRATIVE_REQUISITE" UIActivation="STANDARD"/>
        <Row NarrativeStoryType="LEADER_CHAIN_1184E" Name="LOC_LEADER_CHAIN_1184E_NAME" Description="LOC_LEADER_CHAIN_1184E_DESCRIPTION" Completion="LOC_LEADER_CHAIN_1184E_COMPLETION" StoryTitle="LOC_LEADER_CHAIN_1184E_STORYTITLE" Age="AGE_EXPLORATION" Activation="LINKED_REQUISITE" Hidden="TRUE" RequirementSetId="Met" ActivationRequirementSetId="REQSET_LEADER_CHAIN_1184E_NARRATIVE_REQUISITE" UIActivation="STANDARD"/>
        <Row NarrativeStoryType="LEADER_CHAIN_1185C" Name="LOC_LEADER_CHAIN_1185C_NAME" Description="LOC_LEADER_CHAIN_1185C_DESCRIPTION" Completion="LOC_LEADER_CHAIN_1185C_COMPLETION" StoryTitle="LOC_LEADER_CHAIN_1185C_STORYTITLE" Age="AGE_EXPLORATION" Activation="LINKED_REQUISITE" Imperative="LOC_LEADER_CHAIN_1185C_IMPERATIVE" IsQuest="TRUE" RequirementSetId="REQSET_LEADER_CHAIN_1185B_NARRATIVE" ActivationRequirementSetId="REQSET_LEADER_CHAIN_1185C_NARRATIVE_REQUISITE" UIActivation="STANDARD"/>
        <Row NarrativeStoryType="LEADER_CHAIN_1186D" Name="LOC_LEADER_CHAIN_1186D_NAME" Description="LOC_LEADER_CHAIN_1186D_DESCRIPTION" Completion="LOC_LEADER_CHAIN_1186D_COMPLETION" StoryTitle="LOC_LEADER_CHAIN_1186D_STORYTITLE" Age="AGE_EXPLORATION" Activation="LINKED_REQUISITE" Imperative="LOC_LEADER_CHAIN_1186D_IMPERATIVE" IsQuest="TRUE" RequirementSetId="REQSET_LEADER_CHAIN_1186B_NARRATIVE" ActivationRequirementSetId="REQSET_LEADER_CHAIN_1186D_NARRATIVE_REQUISITE" UIActivation="STANDARD"/>
        <Row NarrativeStoryType="LEADER_CHAIN_1186E" Name="LOC_LEADER_CHAIN_1186E_NAME" Description="LOC_LEADER_CHAIN_1186E_DESCRIPTION" Completion="LOC_LEADER_CHAIN_1186E_COMPLETION" StoryTitle="LOC_LEADER_CHAIN_1186E_STORYTITLE" Age="AGE_EXPLORATION" Activation="LINKED_REQUISITE" Hidden="TRUE" RequirementSetId="Met" ActivationRequirementSetId="REQSET_LEADER_CHAIN_1186E_NARRATIVE_REQUISITE" UIActivation="STANDARD"/>
        <Row NarrativeStoryType="LEADER_CHAIN_1187C" Name="LOC_LEADER_CHAIN_1187C_NAME" Description="LOC_LEADER_CHAIN_1187C_DESCRIPTION" Completion="LOC_LEADER_CHAIN_1187C_COMPLETION" StoryTitle="LOC_LEADER_CHAIN_1187C_STORYTITLE" Age="AGE_EXPLORATION" Activation="LINKED_REQUISITE" Imperative="LOC_LEADER_CHAIN_1187C_IMPERATIVE" IsQuest="TRUE" ShowProgress="TRUE" RequirementSetId="REQSET_LEADER_CHAIN_1187B_NARRATIVE" ActivationRequirementSetId="REQSET_LEADER_CHAIN_1187C_NARRATIVE_REQUISITE" UIActivation="STANDARD"/>
    </NarrativeStories>
    <NarrativeRewards>
        <Row NarrativeRewardType="LEADER_CHAIN_1076D_REWARD" ModifierID="LEADER_CHAIN_1076D_NARRATIVE_MODIFIER"/>
        <Row NarrativeRewardType="LEADER_CHAIN_1076D_REWARD2" ModifierID="LEADER_CHAIN_1076D_NARRATIVE_MODIFIER2"/>
        <Row NarrativeRewardType="LEADER_CHAIN_1184D_REWARD" ModifierID="LEADER_CHAIN_1184D_NARRATIVE_MODIFIER"/>
        <Row NarrativeRewardType="LEADER_CHAIN_1184D_REWARD2" ModifierID="LEADER_CHAIN_1184D_NARRATIVE_MODIFIER2"/>
        <Row NarrativeRewardType="LEADER_CHAIN_1186D_REWARD" ModifierID="LEADER_CHAIN_1186D_NARRATIVE_MODIFIER"/>
        <Row NarrativeRewardType="LEADER_CHAIN_1186D_REWARD2" ModifierID="LEADER_CHAIN_1186D_NARRATIVE_MODIFIER2"/>
    </NarrativeRewards>
    <NarrativeStory_Rewards>
        <Row NarrativeStoryType="LEADER_CHAIN_1073D" NarrativeRewardType="LEADER_CHAIN_1073B_REWARD" Activation="START"/>
        <Row NarrativeStoryType="LEADER_CHAIN_1073E" NarrativeRewardType="LEADER_CHAIN_1073C_REWARD" Activation="START"/>
        <Row NarrativeStoryType="LEADER_CHAIN_1074D" NarrativeRewardType="LEADER_CHAIN_1074B_REWARD" Activation="COMPLETE"/>
        <Row NarrativeStoryType="LEADER_CHAIN_1074D" NarrativeRewardType="LEADER_CHAIN_1074B_REWARD2" Activation="COMPLETE"/>
        <Row NarrativeStoryType="LEADER_CHAIN_1074E" NarrativeRewardType="LEADER_CHAIN_1074C_REWARD" Activation="START"/>
        <Row NarrativeStoryType="LEADER_CHAIN_1075C" NarrativeRewardType="LEADER_CHAIN_1075B_REWARD" Activation="COMPLETE"/>
        <Row NarrativeStoryType="LEADER_CHAIN_1075C" NarrativeRewardType="LEADER_CHAIN_1075B_REWARD2" Activation="COMPLETE"/>
        <Row NarrativeStoryType="LEADER_CHAIN_1076D" NarrativeRewardType="LEADER_CHAIN_1076D_REWARD" Activation="COMPLETE" BonusEligible="FALSE"/>
        <Row NarrativeStoryType="LEADER_CHAIN_1076D" NarrativeRewardType="LEADER_CHAIN_1076D_REWARD2" Activation="COMPLETE"/>
        <Row NarrativeStoryType="LEADER_CHAIN_1076E" NarrativeRewardType="LEADER_CHAIN_1076C_REWARD" Activation="START"/>
        <Row NarrativeStoryType="LEADER_CHAIN_1077C" NarrativeRewardType="LEADER_CHAIN_1077B_REWARD" Activation="COMPLETE"/>
        <Row NarrativeStoryType="LEADER_CHAIN_1077C" NarrativeRewardType="LEADER_CHAIN_1077B_REWARD2" Activation="COMPLETE"/>
        <Row NarrativeStoryType="LEADER_CHAIN_1183D" NarrativeRewardType="LEADER_CHAIN_1183B_REWARD" Activation="START"/>
        <Row NarrativeStoryType="LEADER_CHAIN_1183E" NarrativeRewardType="LEADER_CHAIN_1183C_REWARD" Activation="START"/>
        <Row NarrativeStoryType="LEADER_CHAIN_1184D" NarrativeRewardType="LEADER_CHAIN_1184D_REWARD" Activation="COMPLETE"/>
        <Row NarrativeStoryType="LEADER_CHAIN_1184D" NarrativeRewardType="LEADER_CHAIN_1184D_REWARD2" Activation="COMPLETE"/>
        <Row NarrativeStoryType="LEADER_CHAIN_1184E" NarrativeRewardType="LEADER_CHAIN_1184C_REWARD" Activation="START"/>
        <Row NarrativeStoryType="LEADER_CHAIN_1185C" NarrativeRewardType="LEADER_CHAIN_1185B_REWARD" Activation="COMPLETE"/>
        <Row NarrativeStoryType="LEADER_CHAIN_1185C" NarrativeRewardType="LEADER_CHAIN_1185B_REWARD2" Activation="COMPLETE"/>
        <Row NarrativeStoryType="LEADER_CHAIN_1186D" NarrativeRewardType="LEADER_CHAIN_1186D_REWARD" Activation="COMPLETE" BonusEligible="FALSE"/>
        <Row NarrativeStoryType="LEADER_CHAIN_1186D" NarrativeRewardType="LEADER_CHAIN_1186D_REWARD2" Activation="COMPLETE"/>
        <Row NarrativeStoryType="LEADER_CHAIN_1186E" NarrativeRewardType="LEADER_CHAIN_1186C_REWARD" Activation="START"/>
        <Row NarrativeStoryType="LEADER_CHAIN_1187C" NarrativeRewardType="LEADER_CHAIN_1187B_REWARD" Activation="COMPLETE"/>
        <Row NarrativeStoryType="LEADER_CHAIN_1187C" NarrativeRewardType="LEADER_CHAIN_1187B_REWARD2" Activation="COMPLETE"/>
    </NarrativeStory_Rewards>
    <NarrativeStoryOverrides>
        <Row NarrativeStoryType="LEADER_CHAIN_1073D" OverriddenStoryType="LEADER_CHAIN_1073B"/>
        <Row NarrativeStoryType="LEADER_CHAIN_1073E" OverriddenStoryType="LEADER_CHAIN_1073C"/>
        <Row NarrativeStoryType="LEADER_CHAIN_1074D" OverriddenStoryType="LEADER_CHAIN_1074B"/>
        <Row NarrativeStoryType="LEADER_CHAIN_1074E" OverriddenStoryType="LEADER_CHAIN_1074C"/>
        <Row NarrativeStoryType="LEADER_CHAIN_1075C" OverriddenStoryType="LEADER_CHAIN_1075B"/>
        <Row NarrativeStoryType="LEADER_CHAIN_1076D" OverriddenStoryType="LEADER_CHAIN_1076B"/>
        <Row NarrativeStoryType="LEADER_CHAIN_1076E" OverriddenStoryType="LEADER_CHAIN_1076C"/>
        <Row NarrativeStoryType="LEADER_CHAIN_1077C" OverriddenStoryType="LEADER_CHAIN_1077B"/>
        <Row NarrativeStoryType="LEADER_CHAIN_1183D" OverriddenStoryType="LEADER_CHAIN_1183B"/>
        <Row NarrativeStoryType="LEADER_CHAIN_1183E" OverriddenStoryType="LEADER_CHAIN_1183C"/>
        <Row NarrativeStoryType="LEADER_CHAIN_1184D" OverriddenStoryType="LEADER_CHAIN_1184B"/>
        <Row NarrativeStoryType="LEADER_CHAIN_1184E" OverriddenStoryType="LEADER_CHAIN_1184C"/>
        <Row NarrativeStoryType="LEADER_CHAIN_1185C" OverriddenStoryType="LEADER_CHAIN_1185B"/>
        <Row NarrativeStoryType="LEADER_CHAIN_1186D" OverriddenStoryType="LEADER_CHAIN_1186B"/>
        <Row NarrativeStoryType="LEADER_CHAIN_1186E" OverriddenStoryType="LEADER_CHAIN_1186C"/>
        <Row NarrativeStoryType="LEADER_CHAIN_1187C" OverriddenStoryType="LEADER_CHAIN_1187B"/>
    </NarrativeStoryOverrides>
    <NarrativeVariations>
    </NarrativeVariations>
    <NarrativeRewardIcons>
        <Row NarrativeStoryType="LEADER_CHAIN_1074D" RewardIconType="QUEST"/>
        <Row NarrativeStoryType="LEADER_CHAIN_1074D" RewardIconType="ATTRIBUTE_MILITARISTIC"/>
        <Row NarrativeStoryType="LEADER_CHAIN_1075C" RewardIconType="QUEST"/>
        <Row NarrativeStoryType="LEADER_CHAIN_1075C" RewardIconType="YIELD_DIPLOMACY"/>
        <Row NarrativeStoryType="LEADER_CHAIN_1076D" RewardIconType="QUEST"/>
        <Row NarrativeStoryType="LEADER_CHAIN_1077C" RewardIconType="QUEST"/>
        <Row NarrativeStoryType="LEADER_CHAIN_1077C" RewardIconType="YIELD_HAPPINESS"/>
        <Row NarrativeStoryType="LEADER_CHAIN_1184D" RewardIconType="QUEST"/>
        <Row NarrativeStoryType="LEADER_CHAIN_1185C" RewardIconType="QUEST"/>
        <Row NarrativeStoryType="LEADER_CHAIN_1185C" RewardIconType="YIELD_CULTURE"/>
        <Row NarrativeStoryType="LEADER_CHAIN_1186D" RewardIconType="QUEST"/>
        <Row NarrativeStoryType="LEADER_CHAIN_1187C" RewardIconType="QUEST"/>
        <Row NarrativeStoryType="LEADER_CHAIN_1187C" RewardIconType="YIELD_GOLD"/>
        <Row NarrativeStoryType="LEADER_CHAIN_1076D" RewardIconType="ATTRIBUTE_CULTURAL"/>
        <Row NarrativeStoryType="LEADER_CHAIN_1184D" RewardIconType="ATTRIBUTE_CULTURAL"/>
        <Row NarrativeStoryType="LEADER_CHAIN_1184D" RewardIconType="YIELD_GOLD"/>
        <Row NarrativeStoryType="LEADER_CHAIN_1186D" RewardIconType="ATTRIBUTE_ECONOMIC"/>
    </NarrativeRewardIcons>
    <NarrativeStory_TextReplacements>
        <Row NarrativeStoryType="LEADER_CHAIN_1074D" NarrativeStoryTextType="REWARD" NarrativeTextReplacementType="REWARD" Priority="1"/>
        <Row NarrativeStoryType="LEADER_CHAIN_1074E" NarrativeStoryTextType="REWARD" NarrativeTextReplacementType="REWARD" Priority="1"/>
        <Row NarrativeStoryType="LEADER_CHAIN_1075C" NarrativeStoryTextType="REWARD" NarrativeTextReplacementType="REWARD" Priority="1"/>
        <Row NarrativeStoryType="LEADER_CHAIN_1076D" NarrativeStoryTextType="REWARD" NarrativeTextReplacementType="REWARD" Priority="1"/>
        <Row NarrativeStoryType="LEADER_CHAIN_1076E" NarrativeStoryTextType="REWARD" NarrativeTextReplacementType="REWARD" Priority="1"/>
        <Row NarrativeStoryType="LEADER_CHAIN_1076E" NarrativeStoryTextType="REWARD" NarrativeTextReplacementType="CAPITAL" Priority="2"/>
        <Row NarrativeStoryType="LEADER_CHAIN_1077C" NarrativeStoryTextType="REWARD" NarrativeTextReplacementType="REWARD" Priority="1"/>
        <Row NarrativeStoryType="LEADER_CHAIN_1184D" NarrativeStoryTextType="REWARD" NarrativeTextReplacementType="REWARD" Priority="1"/>
        <Row NarrativeStoryType="LEADER_CHAIN_1184E" NarrativeStoryTextType="REWARD" NarrativeTextReplacementType="REWARD" Priority="1"/>
        <Row NarrativeStoryType="LEADER_CHAIN_1185C" NarrativeStoryTextType="REWARD" NarrativeTextReplacementType="REWARD" Priority="1"/>
        <Row NarrativeStoryType="LEADER_CHAIN_1186D" NarrativeStoryTextType="REWARD" NarrativeTextReplacementType="REWARD" Priority="1"/>
        <Row NarrativeStoryType="LEADER_CHAIN_1186E" NarrativeStoryTextType="REWARD" NarrativeTextReplacementType="REWARD" Priority="1"/>
        <Row NarrativeStoryType="LEADER_CHAIN_1187C" NarrativeStoryTextType="REWARD" NarrativeTextReplacementType="REWARD" Priority="1"/>
    </NarrativeStory_TextReplacements>
    <NarrativeStory_Links>
        <Row FromNarrativeStoryType="LEADER_CHAIN_1073A" ToNarrativeStoryType="LEADER_CHAIN_1073D" Priority="2" Name="LOC_LEADER_CHAIN_1073D_NAME" Description="LOC_LEADER_CHAIN_1073D_DESCRIPTION"/>
        <Row FromNarrativeStoryType="LEADER_CHAIN_1073A" ToNarrativeStoryType="LEADER_CHAIN_1073E" Priority="3" Name="LOC_LEADER_CHAIN_1073E_NAME" Description="LOC_LEADER_CHAIN_1073E_DESCRIPTION"/>
        <Row FromNarrativeStoryType="LEADER_CHAIN_1074A" ToNarrativeStoryType="LEADER_CHAIN_1074D" Priority="2" Name="LOC_LEADER_CHAIN_1074D_NAME" Description="LOC_LEADER_CHAIN_1074D_DESCRIPTION" Imperative="LOC_LEADER_CHAIN_1074D_IMPERATIVE"/>
        <Row FromNarrativeStoryType="LEADER_CHAIN_1074A" ToNarrativeStoryType="LEADER_CHAIN_1074E" Priority="3" Name="LOC_LEADER_CHAIN_1074E_NAME" Description="LOC_LEADER_CHAIN_1074E_DESCRIPTION"/>
        <Row FromNarrativeStoryType="LEADER_CHAIN_1075A" ToNarrativeStoryType="LEADER_CHAIN_1075C" Priority="1" Name="LOC_LEADER_CHAIN_1075C_NAME" Description="LOC_LEADER_CHAIN_1075C_DESCRIPTION" Imperative="LOC_LEADER_CHAIN_1075C_IMPERATIVE"/>
        <Row FromNarrativeStoryType="LEADER_CHAIN_1076A" ToNarrativeStoryType="LEADER_CHAIN_1076D" Priority="2" Name="LOC_LEADER_CHAIN_1076D_NAME" Description="LOC_LEADER_CHAIN_1076D_DESCRIPTION" Imperative="LOC_LEADER_CHAIN_1076D_IMPERATIVE"/>
        <Row FromNarrativeStoryType="LEADER_CHAIN_1076A" ToNarrativeStoryType="LEADER_CHAIN_1076E" Priority="3" Name="LOC_LEADER_CHAIN_1076E_NAME" Description="LOC_LEADER_CHAIN_1076E_DESCRIPTION"/>
        <Row FromNarrativeStoryType="LEADER_CHAIN_1077A" ToNarrativeStoryType="LEADER_CHAIN_1077C" Priority="1" Name="LOC_LEADER_CHAIN_1077C_NAME" Description="LOC_LEADER_CHAIN_1077C_DESCRIPTION" Imperative="LOC_LEADER_CHAIN_1077C_IMPERATIVE"/>
        <Row FromNarrativeStoryType="LEADER_CHAIN_1183A" ToNarrativeStoryType="LEADER_CHAIN_1183D" Priority="0" Name="LOC_LEADER_CHAIN_1183D_NAME" Description="LOC_LEADER_CHAIN_1183D_DESCRIPTION"/>
        <Row FromNarrativeStoryType="LEADER_CHAIN_1183A" ToNarrativeStoryType="LEADER_CHAIN_1183E" Priority="0" Name="LOC_LEADER_CHAIN_1183E_NAME" Description="LOC_LEADER_CHAIN_1183E_DESCRIPTION"/>
        <Row FromNarrativeStoryType="LEADER_CHAIN_1184A" ToNarrativeStoryType="LEADER_CHAIN_1184D" Priority="0" Name="LOC_LEADER_CHAIN_1184D_NAME" Description="LOC_LEADER_CHAIN_1184D_DESCRIPTION" Imperative="LOC_LEADER_CHAIN_1184D_IMPERATIVE"/>
        <Row FromNarrativeStoryType="LEADER_CHAIN_1184A" ToNarrativeStoryType="LEADER_CHAIN_1184E" Priority="0" Name="LOC_LEADER_CHAIN_1184E_NAME" Description="LOC_LEADER_CHAIN_1184E_DESCRIPTION"/>
        <Row FromNarrativeStoryType="LEADER_CHAIN_1185A" ToNarrativeStoryType="LEADER_CHAIN_1185C" Priority="0" Name="LOC_LEADER_CHAIN_1185C_NAME" Description="LOC_LEADER_CHAIN_1185C_DESCRIPTION" Imperative="LOC_LEADER_CHAIN_1185C_IMPERATIVE"/>
        <Row FromNarrativeStoryType="LEADER_CHAIN_1186A" ToNarrativeStoryType="LEADER_CHAIN_1186D" Priority="0" Name="LOC_LEADER_CHAIN_1186D_NAME" Description="LOC_LEADER_CHAIN_1186D_DESCRIPTION" Imperative="LOC_LEADER_CHAIN_1186D_IMPERATIVE"/>
        <Row FromNarrativeStoryType="LEADER_CHAIN_1186A" ToNarrativeStoryType="LEADER_CHAIN_1186E" Priority="0" Name="LOC_LEADER_CHAIN_1186E_NAME" Description="LOC_LEADER_CHAIN_1186E_DESCRIPTION"/>
        <Row FromNarrativeStoryType="LEADER_CHAIN_1187A" ToNarrativeStoryType="LEADER_CHAIN_1187C" Priority="0" Name="LOC_LEADER_CHAIN_1187C_NAME" Description="LOC_LEADER_CHAIN_1187C_DESCRIPTION" Imperative="LOC_LEADER_CHAIN_1187C_IMPERATIVE"/>
    </NarrativeStory_Links>
</Database>
