<?xml version="1.0" encoding="UTF-8" standalone="yes"?>
<Database>
	<PlayerColors>
		<Row>
			<Type>LEADER_FRIEDRICH_ALT</Type>
			<Usage>Unique</Usage>
			<PrimaryColor>COLOR_STANDARD_BLUE_DK</PrimaryColor>
			<SecondaryColor>COLOR_STANDARD_WHITE_LT</SecondaryColor>
			<Alt1PrimaryColor>COLOR_STANDARD_WHITE_DK</Alt1PrimaryColor>
			<Alt1SecondaryColor>COLOR_STANDARD_YELLOW_MD</Alt1SecondaryColor>
			<Alt2PrimaryColor>COLOR_STANDARD_YELLOW_MD</Alt2PrimaryColor>
			<Alt2SecondaryColor>COLOR_STANDARD_BLACK</Alt2SecondaryColor>
			<Alt3PrimaryColor>COLOR_STANDARD_WHITE_LT</Alt3PrimaryColor>
			<Alt3SecondaryColor>COLOR_STANDARD_BLUE_MD</Alt3SecondaryColor>
		</Row>
		<Row>
			<Type>LEADER_XERXES_ALT</Type>
			<Usage>Unique</Usage>
			<PrimaryColor>COLOR_STANDARD_YELLOW_DK</PrimaryColor>
			<SecondaryColor>COLOR_STANDARD_BLACK</SecondaryColor>
			<Alt1PrimaryColor>COLOR_STANDARD_WHITE_DK</Alt1PrimaryColor>
			<Alt1SecondaryColor>COLOR_STANDARD_WHITE_MD2</Alt1SecondaryColor>
			<Alt2PrimaryColor>COLOR_STANDARD_YELLOW_MD</Alt2PrimaryColor>
			<Alt2SecondaryColor>COLOR_STANDARD_WHITE_DK</Alt2SecondaryColor>
			<Alt3PrimaryColor>COLOR_STANDARD_YELLOW_DK</Alt3PrimaryColor>
			<Alt3SecondaryColor>COLOR_STANDARD_YELLOW_LT</Alt3SecondaryColor>
		</Row>
	</PlayerColors>
</Database>