<?xml version="1.0" encoding="utf-8"?>
<Database>
	<Kinds>
		<InsertOrIgnore Kind="KIND_UNLOCK"/>
	</Kinds>
	<Types>
		<InsertOrIgnore Type="UNLOCK_LEGEND_LEVEL_4_FRIEDRICH_BAROQUE" Kind="KIND_UNLOCK"/>
		<InsertOrIgnore Type="UNLOCK_LEGEND_LEVEL_8_FRIEDRICH_BAROQUE" Kind="KIND_UNLOCK"/>

		<InsertOrIgnore Type="UNLOCK_LEGEND_LEVEL_4_XERXES_ACHAEMENID" Kind="KIND_UNLOCK"/>
		<InsertOrIgnore Type="UNLOCK_LEGEND_LEVEL_8_XERXES_ACHAEMENID" Kind="KIND_UNLOCK"/>
		<InsertOrIgnore Type="UNLOCK_CIVILIZATION_MONGOLIA" Kind="KIND_UNLOCK"/>
	</Types>
	<Unlocks>
		<InsertOrIgnore UnlockType="UNLOCK_LEGEND_LEVEL_4_FRIEDRICH_BAROQUE"/>
		<InsertOrIgnore UnlockType="UNLOCK_LEGEND_LEVEL_8_FRIEDRICH_BAROQUE"/>

		<InsertOrIgnore UnlockType="UNLOCK_LEGEND_LEVEL_4_XERXES_ACHAEMENID"/>
		<InsertOrIgnore UnlockType="UNLOCK_LEGEND_LEVEL_8_XERXES_ACHAEMENID"/>
	</Unlocks>
	<UnlockRewards>
		<InsertOrIgnore UnlockType="UNLOCK_LEGEND_LEVEL_4_FRIEDRICH_BAROQUE" Name="LOC_CARD_AT_EXP_LEGEND_FRIEDRICH_BAROQUE_1_NAME" Description="LOC_CARD_AT_EXP_LEGEND_FRIEDRICH_BAROQUE_1_DESCRIPTION" Icon="LEADER_FRIEDRICH_ALT"/>
		<InsertOrIgnore UnlockType="UNLOCK_LEGEND_LEVEL_4_FRIEDRICH_BAROQUE" Name="LOC_CARD_AT_EXP_LEGEND_FRIEDRICH_BAROQUE_2_NAME" Description="LOC_CARD_AT_EXP_LEGEND_FRIEDRICH_BAROQUE_2_DESCRIPTION" Icon="LEADER_FRIEDRICH_ALT"/>
		<InsertOrIgnore UnlockType="UNLOCK_LEGEND_LEVEL_4_XERXES_ACHAEMENID" Name="LOC_CARD_AT_EXP_LEGEND_XERXES_ACHAEMENID_1_NAME" Description="LOC_CARD_AT_EXP_LEGEND_XERXES_ACHAEMENID_1_DESCRIPTION" Icon="LEADER_XERXES_ALT"/>
		<InsertOrIgnore UnlockType="UNLOCK_LEGEND_LEVEL_4_XERXES_ACHAEMENID" Name="LOC_CARD_AT_EXP_LEGEND_XERXES_ACHAEMENID_2_NAME" Description="LOC_CARD_AT_EXP_LEGEND_XERXES_ACHAEMENID_2_DESCRIPTION" Icon="LEADER_XERXES_ALT"/>

		<InsertOrIgnore UnlockType="UNLOCK_LEGEND_LEVEL_8_FRIEDRICH_BAROQUE" Name="LOC_CARD_AT_MOD_LEGEND_FRIEDRICH_BAROQUE_1_NAME" Description="LOC_CARD_AT__LEGEND_FRIEDRICH_BAROQUE_1_DESCRIPTION" Icon="LEADER_FRIEDRICH_ALT"/>
		<InsertOrIgnore UnlockType="UNLOCK_LEGEND_LEVEL_8_FRIEDRICH_BAROQUE" Name="LOC_CARD_AT_MOD_LEGEND_FRIEDRICH_BAROQUE_2_NAME" Description="LOC_CARD_AT_MOD_LEGEND_FRIEDRICH_BAROQUE_2_DESCRIPTION" Icon="LEADER_FRIEDRICH_ALT"/>
		<InsertOrIgnore UnlockType="UNLOCK_LEGEND_LEVEL_8_XERXES_ACHAEMENID" Name="LOC_CARD_AT_MOD_LEGEND_XERXES_ACHAEMENID_1_NAME" Description="LOC_CARD_AT_MOD_LEGEND_XERXES_ACHAEMENID_1_DESCRIPTION" Icon="LEADER_XERXES_ALT"/>
		<InsertOrIgnore UnlockType="UNLOCK_LEGEND_LEVEL_8_XERXES_ACHAEMENID" Name="LOC_CARD_AT_MOD_LEGEND_XERXES_ACHAEMENID_2_NAME" Description="LOC_CARD_AT_MOD_LEGEND_XERXES_ACHAEMENID_2_DESCRIPTION" Icon="LEADER_XERXES_ALT"/>
	</UnlockRewards>
	<RequirementSets>
		<Row RequirementSetId="REQSET_LEADER_IS_FRIEDRICH_ALT" RequirementSetType="REQUIREMENTSET_TEST_ALL"/>
		<Row RequirementSetId="REQSET_LEADER_IS_XERXES_ALT" RequirementSetType="REQUIREMENTSET_TEST_ALL"/>

		<Row RequirementSetId="REQSET_LEGEND_LEVEL_4_FRIEDRICH_BAROQUE" RequirementSetType="REQUIREMENTSET_TEST_ALL"/>
		<Row RequirementSetId="REQSET_LEGEND_LEVEL_8_FRIEDRICH_BAROQUE" RequirementSetType="REQUIREMENTSET_TEST_ALL"/>

		<Row RequirementSetId="REQSET_LEGEND_LEVEL_4_XERXES_ACHAEMENID" RequirementSetType="REQUIREMENTSET_TEST_ALL"/>
		<Row RequirementSetId="REQSET_LEGEND_LEVEL_8_XERXES_ACHAEMENID" RequirementSetType="REQUIREMENTSET_TEST_ALL"/>
	</RequirementSets>
	<Requirements>
		<Row RequirementId="REQ_LEADER_IS_FRIEDRICH_ALT" RequirementType="REQUIREMENT_PLAYER_LEADER_TYPE_MATCHES"/>
		<Row RequirementId="REQ_LEADER_IS_XERXES_ALT" RequirementType="REQUIREMENT_PLAYER_LEADER_TYPE_MATCHES"/>

		<Row RequirementId="REQ_LEGEND_LEVEL_4_FRIEDRICH_BAROQUE" RequirementType="REQUIREMENT_METAPROGRESSION_LEGEND_PATH_LEVEL"/>
		<Row RequirementId="REQ_LEGEND_LEVEL_8_FRIEDRICH_BAROQUE" RequirementType="REQUIREMENT_METAPROGRESSION_LEGEND_PATH_LEVEL"/>

		<Row RequirementId="REQ_LEGEND_LEVEL_4_XERXES_ACHAEMENID" RequirementType="REQUIREMENT_METAPROGRESSION_LEGEND_PATH_LEVEL"/>
		<Row RequirementId="REQ_LEGEND_LEVEL_8_XERXES_ACHAEMENID" RequirementType="REQUIREMENT_METAPROGRESSION_LEGEND_PATH_LEVEL"/>
	</Requirements>
	<RequirementArguments>
		<Row RequirementId="REQ_LEADER_IS_FRIEDRICH_ALT" Name="LeaderType" Value="LEADER_FRIEDRICH_ALT"/>
		<Row RequirementId="REQ_LEADER_IS_XERXES_ALT" Name="LeaderType" Value="LEADER_XERXES_ALT"/>

		<Row RequirementId="REQ_LEGEND_LEVEL_4_FRIEDRICH_BAROQUE" Name="LegendPaths" Value="LEGEND_PATH_FRIEDRICH_ALT"/>
		<Row RequirementId="REQ_LEGEND_LEVEL_4_FRIEDRICH_BAROQUE" Name="LevelThreshold" Value="4"/>
		<Row RequirementId="REQ_LEGEND_LEVEL_4_FRIEDRICH_BAROQUE" Name="Amount" Value="1"/>
		<Row RequirementId="REQ_LEGEND_LEVEL_8_FRIEDRICH_BAROQUE" Name="LegendPaths" Value="LEGEND_PATH_FRIEDRICH_ALT"/>
		<Row RequirementId="REQ_LEGEND_LEVEL_8_FRIEDRICH_BAROQUE" Name="LevelThreshold" Value="8"/>
		<Row RequirementId="REQ_LEGEND_LEVEL_8_FRIEDRICH_BAROQUE" Name="Amount" Value="1"/>

		<Row RequirementId="REQ_LEGEND_LEVEL_4_XERXES_ACHAEMENID" Name="LeaderType" Value="LEADER_XERXES"/>
		<Row RequirementId="REQ_LEGEND_LEVEL_8_XERXES_ACHAEMENID" Name="LeaderType" Value="LEADER_XERXES"/>

		<Row RequirementId="REQ_LEGEND_LEVEL_4_XERXES_ACHAEMENID" Name="LegendPaths" Value="LEGEND_PATH_XERXES_ALT"/>
		<Row RequirementId="REQ_LEGEND_LEVEL_4_XERXES_ACHAEMENID" Name="LevelThreshold" Value="4"/>
		<Row RequirementId="REQ_LEGEND_LEVEL_4_XERXES_ACHAEMENID" Name="Amount" Value="1"/>
		<Row RequirementId="REQ_LEGEND_LEVEL_8_XERXES_ACHAEMENID" Name="LegendPaths" Value="LEGEND_PATH_XERXES_ALT"/>
		<Row RequirementId="REQ_LEGEND_LEVEL_8_XERXES_ACHAEMENID" Name="LevelThreshold" Value="8"/>
		<Row RequirementId="REQ_LEGEND_LEVEL_8_XERXES_ACHAEMENID" Name="Amount" Value="1"/>
	</RequirementArguments>
	<RequirementSetRequirements>
		<Row RequirementSetId="REQSET_LEADER_IS_FRIEDRICH_ALT" RequirementId="REQ_LEADER_IS_FRIEDRICH_ALT"/>
		<Row RequirementSetId="REQSET_LEADER_IS_XERXES_ALT" RequirementId="REQ_LEADER_IS_XERXES_ALT"/>

		<Row RequirementSetId="REQSET_LEGEND_LEVEL_4_FRIEDRICH_BAROQUE" RequirementId="REQ_LEADER_IS_FRIEDRICH_ALT"/>
		<Row RequirementSetId="REQSET_LEGEND_LEVEL_4_FRIEDRICH_BAROQUE" RequirementId="REQ_LEGEND_LEVEL_4_FRIEDRICH_BAROQUE"/>
		<Row RequirementSetId="REQSET_LEGEND_LEVEL_8_FRIEDRICH_BAROQUE" RequirementId="REQ_LEADER_IS_FRIEDRICH_ALT"/>
		<Row RequirementSetId="REQSET_LEGEND_LEVEL_8_FRIEDRICH_BAROQUE" RequirementId="REQ_LEGEND_LEVEL_8_FRIEDRICH_BAROQUE"/>

		<Row RequirementSetId="REQSET_LEGEND_LEVEL_4_XERXES_ACHAEMENID" RequirementId="REQ_LEADER_IS_XERXES_ALT"/>
		<Row RequirementSetId="REQSET_LEGEND_LEVEL_4_XERXES_ACHAEMENID" RequirementId="REQ_LEGEND_LEVEL_4_XERXES_ACHAEMENID"/>
		<Row RequirementSetId="REQSET_LEGEND_LEVEL_8_XERXES_ACHAEMENID" RequirementId="REQ_LEADER_IS_XERXES_ALT"/>
		<Row RequirementSetId="REQSET_LEGEND_LEVEL_8_XERXES_ACHAEMENID" RequirementId="REQ_LEGEND_LEVEL_8_XERXES_ACHAEMENID"/>
	</RequirementSetRequirements>
	<UnlockRequirements>
		<InsertOrIgnore UnlockType="UNLOCK_CIVILIZATION_NORMAN" RequirementSetId="REQSET_LEADER_IS_FRIEDRICH_ALT" Description="LOC_UNLOCK_PLAY_AS_FRIEDRICH_ALT_DESCRIPTION" Tooltip="LOC_UNLOCK_PLAY_AS_FRIEDRICH_ALT_NORMAN_TOOLTIP"/>
		<InsertOrIgnore UnlockType="UNLOCK_CIVILIZATION_SPAIN" RequirementSetId="REQSET_LEADER_IS_FRIEDRICH_ALT" Description="LOC_UNLOCK_PLAY_AS_FRIEDRICH_ALT_DESCRIPTION" Tooltip="LOC_UNLOCK_PLAY_AS_FRIEDRICH_ALT_SPAIN_TOOLTIP"/>
		<InsertOrIgnore UnlockType="UNLOCK_CIVILIZATION_FRENCH_EMPIRE" RequirementSetId="REQSET_LEADER_IS_FRIEDRICH_ALT" Description="LOC_UNLOCK_PLAY_AS_FRIEDRICH_ALT_DESCRIPTION" Tooltip="LOC_UNLOCK_PLAY_AS_FRIEDRICH_ALT_FRENCH_EMPIRE_TOOLTIP"/>
		<InsertOrIgnore UnlockType="UNLOCK_CIVILIZATION_PRUSSIA" RequirementSetId="REQSET_LEADER_IS_FRIEDRICH_ALT" Description="LOC_UNLOCK_PLAY_AS_FRIEDRICH_ALT_DESCRIPTION" Tooltip="LOC_UNLOCK_PLAY_AS_FRIEDRICH_ALT_PRUSSIA_TOOLTIP"/>
		<InsertOrIgnore UnlockType="UNLOCK_CIVILIZATION_ABBASID" RequirementSetId="REQSET_LEADER_IS_XERXES_ALT" Description="LOC_UNLOCK_PLAY_AS_XERXES_ALT_DESCRIPTION" Tooltip="LOC_UNLOCK_PLAY_AS_XERXES_ALT_ABBASID_TOOLTIP"/>
		<InsertOrIgnore UnlockType="UNLOCK_CIVILIZATION_MONGOLIA" RequirementSetId="REQSET_LEADER_IS_XERXES_ALT" Description="LOC_UNLOCK_PLAY_AS_XERXES_ALT_DESCRIPTION" Tooltip="LOC_UNLOCK_PLAY_AS_XERXES_ALT_MONGOLIA_TOOLTIP"/>
		<InsertOrIgnore UnlockType="UNLOCK_CIVILIZATION_MUGHAL" RequirementSetId="REQSET_LEADER_IS_XERXES_ALT" Description="LOC_UNLOCK_PLAY_AS_XERXES_ALT_DESCRIPTION" Tooltip="LOC_UNLOCK_PLAY_AS_XERXES_ALT_MUGHAL_TOOLTIP"/>
		<InsertOrIgnore UnlockType="UNLOCK_CIVILIZATION_RUSSIA" RequirementSetId="REQSET_LEADER_IS_XERXES_ALT" Description="LOC_UNLOCK_PLAY_AS_XERXES_ALT_DESCRIPTION" Tooltip="LOC_UNLOCK_PLAY_AS_XERXES_ALT_RUSSIA_TOOLTIP"/>

		<InsertOrIgnore UnlockType="UNLOCK_LEGEND_LEVEL_4_FRIEDRICH_BAROQUE" RequirementSetId="REQSET_LEGEND_LEVEL_4_FRIEDRICH_BAROQUE" Description=""/>
		<InsertOrIgnore UnlockType="UNLOCK_LEGEND_LEVEL_4_XERXES_ACHAEMENID" RequirementSetId="REQSET_LEGEND_LEVEL_4_XERXES_ACHAEMENID" Description=""/>
		<InsertOrIgnore UnlockType="UNLOCK_LEGEND_LEVEL_8_FRIEDRICH_BAROQUE" RequirementSetId="REQSET_LEGEND_LEVEL_8_FRIEDRICH_BAROQUE" Description=""/>
		<InsertOrIgnore UnlockType="UNLOCK_LEGEND_LEVEL_8_XERXES_ACHAEMENID" RequirementSetId="REQSET_LEGEND_LEVEL_8_XERXES_ACHAEMENID" Description=""/>
	</UnlockRequirements>
</Database>
