<?xml version="1.0" encoding="utf-8"?>
<Database>
	<EnglishText>
		<Row Tag="LOC_UNLOCK_PLAY_AS_NAPOLEON_ALT_DESCRIPTION">
			<Text>Play as [B]Napoleon, Revolutionary[/B].</Text>
		</Row>
		<Row Tag="LOC_UNLOCK_PLAY_AS_NAPOLEON_ALT_EGYPT_TOOLTIP">
			<Text>[B]Persia[/B] strategically complements [B]Napoleon[/B].</Text>
		</Row>
		<Row Tag="LOC_UNLOCK_PLAY_AS_NAPOLEON_ALT_ROME_TOOLTIP">
			<Text>[B]Napoleon[/B] styled himself as a Roman successor.</Text>
		</Row>
		<Row Tag="LOC_UNLOCK_PLAY_AS_NAPOLEON_ALT_SPAIN_TOOLTIP">
			<Text>[B]Napoleon[/B] campaigned in Spain.</Text>
		</Row>
		<Row Tag="LOC_UNLOCK_PLAY_AS_NAPOLEON_ALT_NORMAN_TOOLTIP">
			<Text>[B]Napoleon's[/B] France included Normandy.</Text>
		</Row>
		<Row Tag="LOC_UNLOCK_PLAY_AS_NAPOLEON_ALT_FRENCH_EMPIRE_TOOLTIP">
			<Text>[B]Napoleon[/B] led the French Empire.</Text>
		</Row>
		<Row Tag="LOC_UNLOCK_PLAY_AS_NAPOLEON_ALT_PRUSSIA_TOOLTIP">
			<Text>[B]Prussia[/B] strategically complements [B]Napoleon[/B].</Text>
		</Row>
	</EnglishText>
</Database>