<?xml version="1.0" encoding="utf-8"?>
<metaprogression xmlns="Metaprogression">
	<challenges class="CHALLENGE_CLASS_FOUNDATION" category="CHALLENGE_CATEGORY_FOUNDATION_CIV_VICTORIES" legendPath="LEGEND_PATH_FOUNDATION">
		<challenge id="CHALLENGE_BULGARIA_LEGACY_PATH_MILITARISTIC" scope="Campaign" difficulty="2">
			<l10n>
				<name>Bulgaria Legacy Path</name>
				<description>As Bulgaria, complete a Militaristic Legacy Path</description>
			</l10n>
			<sortIndex>106200</sortIndex>
			<reward type="XP" reward="50" />
		</challenge>
		<challenge id="CHALLENGE_BULGARIA_LEGACY_PATH_MILESTONE_COMPLETED" scope="Campaign" difficulty="2" hidden="true">
			<l10n>
				<name>Bulgaria Legacy Path Milestone</name>
				<description>As Bulgaria, reach at least 1 Legacy Path Milestone</description>
			</l10n>
			<sortIndex>106210</sortIndex>
		</challenge>
	</challenges>
	<challenges class="CHALLENGE_CLASS_FOUNDATION" category="CHALLENGE_CATEGORY_FOUNDATION_WONDERS" legendPath="LEGEND_PATH_FOUNDATION">
		<challenge id="CHALLENGE_BULGARIA_COMPLETE_RILA_MONASTERY" scope="Campaign" difficulty="2">
			<l10n>
				<name>Rila Monastery</name>
				<description>As Bulgaria, complete the Rila Monastery</description>
			</l10n>
			<sortIndex>106300</sortIndex>
			<reward type="XP" reward="50" />
		</challenge>
	</challenges>
</metaprogression>