<?xml version="1.0" encoding="utf-8"?>
<metaprogression xmlns="Metaprogression">
	<legendPath id="LEGEND_PATH_FRIEDRICH_ALT" type="CHALLENGE_CLASS_LEADER">
		<sortIndex>40</sortIndex>
		<level level="2">
			<reward reward="MEMENTO_FRIEDRICH_BAROQUE_FLUTE"/>
		</level>
		<level level="3">
			<reward reward="NODE_ATTRIBUTE_CULTURAL_LEGEND_FRIEDRICH_ALT_L1"/>
		</level>
		<level level="4">
			<reward reward="STRATEGYCARD_FRIEDRICH_BAROQUE_EXPLORATION_1"/>
			<reward reward="STRATEGYCARD_FRIEDRICH_BAROQUE_EXPLORATION_2"/>
		</level>
		<level level="5">
			<reward reward="MEMENTO_FRIEDRICH_BAROQUE_VOLTAIRE_EDITS"/>
		</level>
		<level level="6">
			<reward reward="BANNER_FRIEDRICH_BAROQUE"/>
			<reward reward="BADGE_FRIEDRICH_BAROQUE"/>
		</level>
		<level level="7">
			<reward reward="NODE_ATTRIBUTE_MILITARISTIC_LEGEND_FRIEDRICH_ALT_L2"/>
		</level>
		<level level="8">
			<reward reward="STRATEGYCARD_FRIEDRICH_BAROQUE_MODERN_1"/>
			<reward reward="STRATEGYCARD_FRIEDRICH_BAROQUE_MODERN_2"/>
		</level>
		<level level="9">
			<reward reward="MEMENTO_FRIEDRICH_BAROQUE_ANTI_MACHIAVEL"/>
		</level>
		<level level="10">
			<reward reward="TITLE_FRIEDRICH_BAROQUE"/>
			<reward reward="BADGE_FRIEDRICH_BAROQUE_P"/>
		</level>
	</legendPath>
	<challengeEvents>
		<event id="CHALLENGE_EVENT_LEADER_FRIEDRICH_ALT_AGE_ENDED" />
		<event id="CHALLENGE_EVENT_LEADER_FRIEDRICH_ALT_VICTORY_ACHIEVED" />
		<event id="CHALLENGE_EVENT_LEADER_FRIEDRICH_ALT_FLAWLESS_VICTORY_ACHIEVED" />
		<event id="CHALLENGE_EVENT_LEADER_FRIEDRICH_ALT_LEGACY_PATH_MILESTONE_COMPLETED" />
	</challengeEvents>
	<statistics>
		<statistic id="CHALLENGE_STATISTIC_LEADER_FRIEDRICH_ALT_LEGACY_PATH_MILESTONE_COMPLETED" event="CHALLENGE_EVENT_LEADER_FRIEDRICH_ALT_LEGACY_PATH_MILESTONE_COMPLETED"/>
		<statistic id="CHALLENGE_STATISTIC_LEADER_FRIEDRICH_ALT_MILITARY_VICTORY_ANTIQUITY" event="CHALLENGE_EVENT_LEADER_FRIEDRICH_ALT_VICTORY_ACHIEVED">
			<rules>
				<rule type="and">
					<rule type="equals" var="victoryType">VICTORY_CLASS_MILITARY</rule>
					<rule type="equals" var="age">AGE_ANTIQUITY</rule>
				</rule>
			</rules>
		</statistic>
		<statistic id="CHALLENGE_STATISTIC_LEADER_FRIEDRICH_ALT_MILITARY_VICTORY_EXPLORATION" event="CHALLENGE_EVENT_LEADER_FRIEDRICH_ALT_VICTORY_ACHIEVED">
			<rules>
				<rule type="and">
					<rule type="equals" var="victoryType">VICTORY_CLASS_MILITARY</rule>
					<rule type="equals" var="age">AGE_EXPLORATION</rule>
				</rule>
			</rules>
		</statistic>
		<statistic id="CHALLENGE_STATISTIC_LEADER_FRIEDRICH_ALT_MILITARY_VICTORY_MODERN" event="CHALLENGE_EVENT_LEADER_FRIEDRICH_ALT_VICTORY_ACHIEVED">
			<rules>
				<rule type="and">
					<rule type="equals" var="victoryType">VICTORY_CLASS_MILITARY</rule>
					<rule type="equals" var="age">AGE_MODERN</rule>
				</rule>
			</rules>
		</statistic>
		<statistic id="CHALLENGE_STATISTIC_LEADER_FRIEDRICH_ALT_ECONOMIC_VICTORY_ANTIQUITY" event="CHALLENGE_EVENT_LEADER_FRIEDRICH_ALT_VICTORY_ACHIEVED">
			<rules>
				<rule type="and">
					<rule type="equals" var="victoryType">VICTORY_CLASS_ECONOMIC</rule>
					<rule type="equals" var="age">AGE_ANTIQUITY</rule>
				</rule>
			</rules>
		</statistic>
		<statistic id="CHALLENGE_STATISTIC_LEADER_FRIEDRICH_ALT_ECONOMIC_VICTORY_EXPLORATION" event="CHALLENGE_EVENT_LEADER_FRIEDRICH_ALT_VICTORY_ACHIEVED">
			<rules>
				<rule type="and">
					<rule type="equals" var="victoryType">VICTORY_CLASS_ECONOMIC</rule>
					<rule type="equals" var="age">AGE_EXPLORATION</rule>
				</rule>
			</rules>
		</statistic>
		<statistic id="CHALLENGE_STATISTIC_LEADER_FRIEDRICH_ALT_ECONOMIC_VICTORY_MODERN" event="CHALLENGE_EVENT_LEADER_FRIEDRICH_ALT_VICTORY_ACHIEVED">
			<rules>
				<rule type="and">
					<rule type="equals" var="victoryType">VICTORY_CLASS_ECONOMIC</rule>
					<rule type="equals" var="age">AGE_MODERN</rule>
				</rule>
			</rules>
		</statistic>
		<statistic id="CHALLENGE_STATISTIC_LEADER_FRIEDRICH_ALT_SCIENCE_VICTORY_ANTIQUITY" event="CHALLENGE_EVENT_LEADER_FRIEDRICH_ALT_VICTORY_ACHIEVED">
			<rules>
				<rule type="and">
					<rule type="equals" var="victoryType">VICTORY_CLASS_SCIENCE</rule>
					<rule type="equals" var="age">AGE_ANTIQUITY</rule>
				</rule>
			</rules>
		</statistic>
		<statistic id="CHALLENGE_STATISTIC_LEADER_FRIEDRICH_ALT_SCIENCE_VICTORY_EXPLORATION" event="CHALLENGE_EVENT_LEADER_FRIEDRICH_ALT_VICTORY_ACHIEVED">
			<rules>
				<rule type="and">
					<rule type="equals" var="victoryType">VICTORY_CLASS_SCIENCE</rule>
					<rule type="equals" var="age">AGE_EXPLORATION</rule>
				</rule>
			</rules>
		</statistic>
		<statistic id="CHALLENGE_STATISTIC_LEADER_FRIEDRICH_ALT_SCIENCE_VICTORY_MODERN" event="CHALLENGE_EVENT_LEADER_FRIEDRICH_ALT_VICTORY_ACHIEVED">
			<rules>
				<rule type="and">
					<rule type="equals" var="victoryType">VICTORY_CLASS_SCIENCE</rule>
					<rule type="equals" var="age">AGE_MODERN</rule>
				</rule>
			</rules>
		</statistic>
		<statistic id="CHALLENGE_STATISTIC_LEADER_FRIEDRICH_ALT_CULTURE_VICTORY_ANTIQUITY" event="CHALLENGE_EVENT_LEADER_FRIEDRICH_ALT_VICTORY_ACHIEVED">
			<rules>
				<rule type="and">
					<rule type="equals" var="victoryType">VICTORY_CLASS_CULTURE</rule>
					<rule type="equals" var="age">AGE_ANTIQUITY</rule>
				</rule>
			</rules>
		</statistic>
		<statistic id="CHALLENGE_STATISTIC_LEADER_FRIEDRICH_ALT_CULTURE_VICTORY_EXPLORATION" event="CHALLENGE_EVENT_LEADER_FRIEDRICH_ALT_VICTORY_ACHIEVED">
			<rules>
				<rule type="and">
					<rule type="equals" var="victoryType">VICTORY_CLASS_CULTURE</rule>
					<rule type="equals" var="age">AGE_EXPLORATION</rule>
				</rule>
			</rules>
		</statistic>
		<statistic id="CHALLENGE_STATISTIC_LEADER_FRIEDRICH_ALT_CULTURE_VICTORY_MODERN" event="CHALLENGE_EVENT_LEADER_FRIEDRICH_ALT_VICTORY_ACHIEVED">
			<rules>
				<rule type="and">
					<rule type="equals" var="victoryType">VICTORY_CLASS_CULTURE</rule>
					<rule type="equals" var="age">AGE_MODERN</rule>
				</rule>
			</rules>
		</statistic>
		<statistic id="CHALLENGE_STATISTIC_LEADER_FRIEDRICH_ALT_ANTIQUITY_AGES_COMPLETED" event="CHALLENGE_EVENT_LEADER_FRIEDRICH_ALT_AGE_ENDED">
			<rules>
				<rule type="equals" var="age">AGE_ANTIQUITY</rule>
			</rules>
		</statistic>
		<statistic id="CHALLENGE_STATISTIC_LEADER_FRIEDRICH_ALT_EXPLORATION_AGES_COMPLETED" event="CHALLENGE_EVENT_LEADER_FRIEDRICH_ALT_AGE_ENDED">
			<rules>
				<rule type="equals" var="age">AGE_EXPLORATION</rule>
			</rules>
		</statistic>
		<statistic id="CHALLENGE_STATISTIC_LEADER_FRIEDRICH_ALT_MODERN_AGES_COMPLETED" event="CHALLENGE_EVENT_LEADER_FRIEDRICH_ALT_AGE_ENDED">
			<rules>
				<rule type="equals" var="age">AGE_MODERN</rule>
			</rules>
		</statistic>
	</statistics>
	<challengeCategoryData>
		<challengeCategory id="CHALLENGE_CATEGORY_LEADER_FRIEDRICH_ALT" locName="LOC_LEADER_FRIEDRICH_ALT_NAME" sortIndex="27000"/>
	</challengeCategoryData>
	<challenges class="CHALLENGE_CLASS_LEADER" category="CHALLENGE_CATEGORY_LEADER_FRIEDRICH_ALT" legendPath="LEGEND_PATH_FRIEDRICH_ALT">
		<challenge id="CHALLENGE_FRIEDRICH_ALT_MILITARY_VICTORY_ANTIQUITY" scope="Career" difficulty="3">
			<l10n>
				<name>Pax Imperatoria</name>
				<description>As Friedrich, Baroque, complete the Pax Imperatoria Legacy Path.</description>
			</l10n>
			<sortIndex>49600</sortIndex>
			<careerConfig statistic="CHALLENGE_STATISTIC_LEADER_FRIEDRICH_ALT_MILITARY_VICTORY_ANTIQUITY" threshold="1" />
			<reward type="XP" reward="50" />
		</challenge>
		<challenge id="CHALLENGE_FRIEDRICH_ALT_MILITARY_VICTORY_ANTIQUITY_2" scope="Career" difficulty="3">
			<l10n>
				<name>Pax Imperatoria 2</name>
				<description>As Friedrich, Baroque, complete the Pax Imperatoria Legacy Path twice.</description>
			</l10n>
			<sortIndex>49610</sortIndex>
			<careerConfig statistic="CHALLENGE_STATISTIC_LEADER_FRIEDRICH_ALT_MILITARY_VICTORY_ANTIQUITY" threshold="2" />
			<reward type="XP" reward="25" />
		</challenge>
		<challenge id="CHALLENGE_FRIEDRICH_ALT_MILITARY_VICTORY_ANTIQUITY_3" scope="Career" difficulty="3">
			<l10n>
				<name>Pax Imperatoria 3</name>
				<description>As Friedrich, Baroque, complete the Pax Imperatoria Legacy Path thrice.</description>
			</l10n>
			<sortIndex>49620</sortIndex>
			<careerConfig statistic="CHALLENGE_STATISTIC_LEADER_FRIEDRICH_ALT_MILITARY_VICTORY_ANTIQUITY" threshold="3" />
			<reward type="XP" reward="25" />
		</challenge>
		<challenge id="CHALLENGE_FRIEDRICH_ALT_ECONOMIC_VICTORY_ANTIQUITY" scope="Career" difficulty="3">
			<l10n>
				<name>Silk Roads</name>
				<description>As Friedrich, Baroque, complete the Silk Roads Legacy Path.</description>
			</l10n>
			<sortIndex>49800</sortIndex>
			<careerConfig statistic="CHALLENGE_STATISTIC_LEADER_FRIEDRICH_ALT_ECONOMIC_VICTORY_ANTIQUITY" threshold="1" />
			<reward type="XP" reward="50" />
		</challenge>
		<challenge id="CHALLENGE_FRIEDRICH_ALT_ECONOMIC_VICTORY_ANTIQUITY_2" scope="Career" difficulty="3">
			<l10n>
				<name>Silk Roads 2</name>
				<description>As Friedrich, Baroque, complete the Silk Roads Legacy Path twice.</description>
			</l10n>
			<sortIndex>49810</sortIndex>
			<careerConfig statistic="CHALLENGE_STATISTIC_LEADER_FRIEDRICH_ALT_ECONOMIC_VICTORY_ANTIQUITY" threshold="2" />
			<reward type="XP" reward="25" />
		</challenge>
		<challenge id="CHALLENGE_FRIEDRICH_ALT_ECONOMIC_VICTORY_ANTIQUITY_3" scope="Career" difficulty="3">
			<l10n>
				<name>Silk Roads 3</name>
				<description>As Friedrich, Baroque, complete the Silk Roads Legacy Path thrice.</description>
			</l10n>
			<sortIndex>49820</sortIndex>
			<careerConfig statistic="CHALLENGE_STATISTIC_LEADER_FRIEDRICH_ALT_ECONOMIC_VICTORY_ANTIQUITY" threshold="3" />
			<reward type="XP" reward="25" />
		</challenge>
		<challenge id="CHALLENGE_FRIEDRICH_ALT_MILITARY_VICTORY_EXPLORATION" scope="Career" difficulty="3">
			<l10n>
				<name>Non Sufficit Orbis</name>
				<description>As Friedrich, Baroque, complete the Non Sufficit Orbis Legacy Path.</description>
			</l10n>
			<sortIndex>50200</sortIndex>
			<careerConfig statistic="CHALLENGE_STATISTIC_LEADER_FRIEDRICH_ALT_MILITARY_VICTORY_EXPLORATION" threshold="1" />
			<reward type="XP" reward="50" />
		</challenge>
		<challenge id="CHALLENGE_FRIEDRICH_ALT_MILITARY_VICTORY_EXPLORATION_2" scope="Career" difficulty="3">
			<l10n>
				<name>Non Sufficit Orbis 2</name>
				<description>As Friedrich, Baroque, complete the Non Sufficit Orbis Legacy Path twice.</description>
			</l10n>
			<sortIndex>50210</sortIndex>
			<careerConfig statistic="CHALLENGE_STATISTIC_LEADER_FRIEDRICH_ALT_MILITARY_VICTORY_EXPLORATION" threshold="2" />
			<reward type="XP" reward="25" />
		</challenge>
		<challenge id="CHALLENGE_FRIEDRICH_ALT_MILITARY_VICTORY_EXPLORATION_3" scope="Career" difficulty="3">
			<l10n>
				<name>Non Sufficit Orbis 3</name>
				<description>As Friedrich, Baroque, complete the Non Sufficit Orbis Legacy Path thrice.</description>
			</l10n>
			<sortIndex>50220</sortIndex>
			<careerConfig statistic="CHALLENGE_STATISTIC_LEADER_FRIEDRICH_ALT_MILITARY_VICTORY_EXPLORATION" threshold="3" />
			<reward type="XP" reward="25" />
		</challenge>
		<challenge id="CHALLENGE_FRIEDRICH_ALT_ECONOMIC_VICTORY_EXPLORATION" scope="Career" difficulty="3">
			<l10n>
				<name>Treasure Fleet</name>
				<description>As Friedrich, Baroque, complete the Treasure Fleet Legacy Path.</description>
			</l10n>
			<sortIndex>50400</sortIndex>
			<careerConfig statistic="CHALLENGE_STATISTIC_LEADER_FRIEDRICH_ALT_ECONOMIC_VICTORY_EXPLORATION" threshold="1" />
			<reward type="XP" reward="50" />
		</challenge>
		<challenge id="CHALLENGE_FRIEDRICH_ALT_ECONOMIC_VICTORY_EXPLORATION_2" scope="Career" difficulty="3">
			<l10n>
				<name>Treasure Fleet 2</name>
				<description>As Friedrich, Baroque, complete the Treasure Fleet Legacy Path twice.</description>
			</l10n>
			<sortIndex>50410</sortIndex>
			<careerConfig statistic="CHALLENGE_STATISTIC_LEADER_FRIEDRICH_ALT_ECONOMIC_VICTORY_EXPLORATION" threshold="2" />
			<reward type="XP" reward="25" />
		</challenge>
		<challenge id="CHALLENGE_FRIEDRICH_ALT_ECONOMIC_VICTORY_EXPLORATION_3" scope="Career" difficulty="3">
			<l10n>
				<name>Treasure Fleet 3</name>
				<description>As Friedrich, Baroque, complete the Treasure Fleet Legacy Path thrice.</description>
			</l10n>
			<sortIndex>50420</sortIndex>
			<careerConfig statistic="CHALLENGE_STATISTIC_LEADER_FRIEDRICH_ALT_ECONOMIC_VICTORY_EXPLORATION" threshold="3" />
			<reward type="XP" reward="25" />
		</challenge>
		<challenge id="CHALLENGE_FRIEDRICH_ALT_MILITARY_VICTORY_MODERN" scope="Career" difficulty="3">
			<l10n>
				<name>Ideology</name>
				<description>As Friedrich, Baroque, complete the Ideology Legacy Path.</description>
			</l10n>
			<sortIndex>50800</sortIndex>
			<careerConfig statistic="CHALLENGE_STATISTIC_LEADER_FRIEDRICH_ALT_MILITARY_VICTORY_MODERN" threshold="1" />
			<reward type="XP" reward="50" />
		</challenge>
		<challenge id="CHALLENGE_FRIEDRICH_ALT_MILITARY_VICTORY_MODERN_2" scope="Career" difficulty="3">
			<l10n>
				<name>Ideology 2</name>
				<description>As Friedrich, Baroque, complete the Ideology Legacy Path twice.</description>
			</l10n>
			<sortIndex>50810</sortIndex>
			<careerConfig statistic="CHALLENGE_STATISTIC_LEADER_FRIEDRICH_ALT_MILITARY_VICTORY_MODERN" threshold="2" />
			<reward type="XP" reward="25" />
		</challenge>
		<challenge id="CHALLENGE_FRIEDRICH_ALT_MILITARY_VICTORY_MODERN_3" scope="Career" difficulty="3">
			<l10n>
				<name>Ideology 3</name>
				<description>As Friedrich, Baroque, complete the Ideology Legacy Path thrice.</description>
			</l10n>
			<sortIndex>50820</sortIndex>
			<careerConfig statistic="CHALLENGE_STATISTIC_LEADER_FRIEDRICH_ALT_MILITARY_VICTORY_MODERN" threshold="3" />
			<reward type="XP" reward="25" />
		</challenge>
		<challenge id="CHALLENGE_FRIEDRICH_ALT_ECONOMIC_VICTORY_MODERN" scope="Career" difficulty="3">
			<l10n>
				<name>Railroad Tycoon</name>
				<description>As Friedrich, Baroque, complete the Railroad Tycoon Legacy Path.</description>
			</l10n>
			<sortIndex>50700</sortIndex>
			<careerConfig statistic="CHALLENGE_STATISTIC_LEADER_FRIEDRICH_ALT_ECONOMIC_VICTORY_MODERN" threshold="1" />
			<reward type="XP" reward="50" />
		</challenge>
		<challenge id="CHALLENGE_FRIEDRICH_ALT_ECONOMIC_VICTORY_MODERN_2" scope="Career" difficulty="3">
			<l10n>
				<name>Railroad Tycoon 2</name>
				<description>As Friedrich, Baroque, complete the Railroad Tycoon Legacy Path twice.</description>
			</l10n>
			<sortIndex>50710</sortIndex>
			<careerConfig statistic="CHALLENGE_STATISTIC_LEADER_FRIEDRICH_ALT_ECONOMIC_VICTORY_MODERN" threshold="2" />
			<reward type="XP" reward="25" />
		</challenge>
		<challenge id="CHALLENGE_FRIEDRICH_ALT_ECONOMIC_VICTORY_MODERN_3" scope="Career" difficulty="3">
			<l10n>
				<name>Railroad Tycoon 3</name>
				<description>As Friedrich, Baroque, complete the Railroad Tycoon Legacy Path thrice.</description>
			</l10n>
			<sortIndex>50720</sortIndex>
			<careerConfig statistic="CHALLENGE_STATISTIC_LEADER_FRIEDRICH_ALT_ECONOMIC_VICTORY_MODERN" threshold="3" />
			<reward type="XP" reward="25" />
		</challenge>
		<challenge id="CHALLENGE_FRIEDRICH_ALT_AGE_COMPLETED_ANTIQUITY" scope="Career" difficulty="2">
			<l10n>
				<name>Antiquity Complete</name>
				<description>As Friedrich, Baroque, finish the Antiquity Age.</description>
			</l10n>
			<sortIndex>49400</sortIndex>
			<careerConfig statistic="CHALLENGE_STATISTIC_LEADER_FRIEDRICH_ALT_ANTIQUITY_AGES_COMPLETED" threshold="1" />
			<reward type="XP" reward="25" />
		</challenge>
		<challenge id="CHALLENGE_FRIEDRICH_ALT_AGE_COMPLETED_ANTIQUITY_2" scope="Career" difficulty="2">
			<l10n>
				<name>Antiquity Complete 2</name>
				<description>As Friedrich, Baroque, finish the Antiquity Age twice.</description>
			</l10n>
			<sortIndex>49410</sortIndex>
			<careerConfig statistic="CHALLENGE_STATISTIC_LEADER_FRIEDRICH_ALT_ANTIQUITY_AGES_COMPLETED" threshold="2" />
			<reward type="XP" reward="25" />
		</challenge>
		<challenge id="CHALLENGE_FRIEDRICH_ALT_AGE_COMPLETED_ANTIQUITY_3" scope="Career" difficulty="2">
			<l10n>
				<name>Antiquity Complete 3</name>
				<description>As Friedrich, Baroque, finish the Antiquity Age thrice.</description>
			</l10n>
			<sortIndex>49420</sortIndex>
			<careerConfig statistic="CHALLENGE_STATISTIC_LEADER_FRIEDRICH_ALT_ANTIQUITY_AGES_COMPLETED" threshold="3" />
			<reward type="XP" reward="25" />
		</challenge>
		<challenge id="CHALLENGE_FRIEDRICH_ALT_AGE_COMPLETED_EXPLORATION" scope="Career" difficulty="3">
			<l10n>
				<name>Exploration Complete</name>
				<description>As Friedrich, Baroque, finish the Exploration Age.</description>
			</l10n>
			<sortIndex>50000</sortIndex>
			<careerConfig statistic="CHALLENGE_STATISTIC_LEADER_FRIEDRICH_ALT_EXPLORATION_AGES_COMPLETED" threshold="1" />
			<reward type="XP" reward="25" />
		</challenge>
		<challenge id="CHALLENGE_FRIEDRICH_ALT_AGE_COMPLETED_EXPLORATION_2" scope="Career" difficulty="3">
			<l10n>
				<name>Exploration Complete 2</name>
				<description>As Friedrich, Baroque, finish the Exploration Age twice.</description>
			</l10n>
			<sortIndex>50010</sortIndex>
			<careerConfig statistic="CHALLENGE_STATISTIC_LEADER_FRIEDRICH_ALT_EXPLORATION_AGES_COMPLETED" threshold="2" />
			<reward type="XP" reward="25" />
		</challenge>
		<challenge id="CHALLENGE_FRIEDRICH_ALT_AGE_COMPLETED_EXPLORATION_3" scope="Career" difficulty="3">
			<l10n>
				<name>Exploration Complete 3</name>
				<description>As Friedrich, Baroque, finish the Exploration Age thrice.</description>
			</l10n>
			<sortIndex>50020</sortIndex>
			<careerConfig statistic="CHALLENGE_STATISTIC_LEADER_FRIEDRICH_ALT_EXPLORATION_AGES_COMPLETED" threshold="3" />
			<reward type="XP" reward="25" />
		</challenge>
		<challenge id="CHALLENGE_FRIEDRICH_ALT_AGE_COMPLETED_MODERN" scope="Career" difficulty="2">
			<l10n>
				<name>Modern Complete</name>
				<description>As Friedrich, Baroque, finish the Modern Age.</description>
			</l10n>
			<sortIndex>50600</sortIndex>
			<careerConfig statistic="CHALLENGE_STATISTIC_LEADER_FRIEDRICH_ALT_MODERN_AGES_COMPLETED" threshold="1" />
			<reward type="XP" reward="25" />
		</challenge>
		<challenge id="CHALLENGE_FRIEDRICH_ALT_AGE_COMPLETED_MODERN_2" scope="Career" difficulty="2">
			<l10n>
				<name>Modern Complete 2</name>
				<description>As Friedrich, Baroque, finish the Modern Age twice.</description>
			</l10n>
			<sortIndex>50610</sortIndex>
			<careerConfig statistic="CHALLENGE_STATISTIC_LEADER_FRIEDRICH_ALT_MODERN_AGES_COMPLETED" threshold="2" />
			<reward type="XP" reward="25" />
		</challenge>
		<challenge id="CHALLENGE_FRIEDRICH_ALT_AGE_COMPLETED_MODERN_3" scope="Career" difficulty="2">
			<l10n>
				<name>Modern Complete 3</name>
				<description>As Friedrich, Baroque, finish the Modern Age thrice.</description>
			</l10n>
			<sortIndex>50620</sortIndex>
			<careerConfig statistic="CHALLENGE_STATISTIC_LEADER_FRIEDRICH_ALT_MODERN_AGES_COMPLETED" threshold="3" />
			<reward type="XP" reward="25" />
		</challenge>
		<challenge id="CHALLENGE_FRIEDRICH_ALT_PLAY_GAMES_1" scope="Career" difficulty="1">
			<l10n>
				<name>Play Game 1</name>
				<description>As Friedrich, Baroque, reach at least 1 Legacy Path Milestone.</description>
			</l10n>
			<sortIndex>51200</sortIndex>
			<careerConfig statistic="CHALLENGE_STATISTIC_LEADER_FRIEDRICH_ALT_LEGACY_PATH_MILESTONE_COMPLETED" threshold="1" />
			<reward type="XP" reward="25" />
		</challenge>
		<challenge id="CHALLENGE_FRIEDRICH_ALT_PLAY_GAMES_2" scope="Career" difficulty="1">
			<l10n>
				<name>Play Game 2</name>
				<description>As Friedrich, Baroque, reach at least 2 Legacy Path Milestones.</description>
			</l10n>
			<sortIndex>51300</sortIndex>
			<careerConfig statistic="CHALLENGE_STATISTIC_LEADER_FRIEDRICH_ALT_LEGACY_PATH_MILESTONE_COMPLETED" threshold="2" />
			<reward type="XP" reward="25" />
		</challenge>
		<challenge id="CHALLENGE_FRIEDRICH_ALT_PLAY_GAMES_3" scope="Career" difficulty="1">
			<l10n>
				<name>Play Game 3</name>
				<description>As Friedrich, Baroque, reach at least 3 Legacy Path Milestones.</description>
			</l10n>
			<sortIndex>51400</sortIndex>
			<careerConfig statistic="CHALLENGE_STATISTIC_LEADER_FRIEDRICH_ALT_LEGACY_PATH_MILESTONE_COMPLETED" threshold="3" />
			<reward type="XP" reward="25" />
		</challenge>
		<challenge id="CHALLENGE_FRIEDRICH_ALT_SCIENCE_VICTORY_ANTIQUITY" scope="Career" difficulty="3">
			<l10n>
				<name>Great Library</name>
				<description>As Friedrich, Baroque, complete the Great Library Legacy Path.</description>
			</l10n>
			<sortIndex>49700</sortIndex>
			<careerConfig statistic="CHALLENGE_STATISTIC_LEADER_FRIEDRICH_ALT_SCIENCE_VICTORY_ANTIQUITY" threshold="1" />
			<reward type="XP" reward="50" />
		</challenge>
		<challenge id="CHALLENGE_FRIEDRICH_ALT_SCIENCE_VICTORY_ANTIQUITY_2" scope="Career" difficulty="3">
			<l10n>
				<name>Great Library 2</name>
				<description>As Friedrich, Baroque, complete the Great Library Legacy Path twice.</description>
			</l10n>
			<sortIndex>49710</sortIndex>
			<careerConfig statistic="CHALLENGE_STATISTIC_LEADER_FRIEDRICH_ALT_SCIENCE_VICTORY_ANTIQUITY" threshold="2" />
			<reward type="XP" reward="25" />
		</challenge>
		<challenge id="CHALLENGE_FRIEDRICH_ALT_SCIENCE_VICTORY_ANTIQUITY_3" scope="Career" difficulty="3">
			<l10n>
				<name>Great Library 3</name>
				<description>As Friedrich, Baroque, complete the Great Library Legacy Path thrice.</description>
			</l10n>
			<sortIndex>49720</sortIndex>
			<careerConfig statistic="CHALLENGE_STATISTIC_LEADER_FRIEDRICH_ALT_SCIENCE_VICTORY_ANTIQUITY" threshold="3" />
			<reward type="XP" reward="25" />
		</challenge>
		<challenge id="CHALLENGE_FRIEDRICH_ALT_SCIENCE_VICTORY_EXPLORATION" scope="Career" difficulty="3">
			<l10n>
				<name>Enlightenment</name>
				<description>As Friedrich, Baroque, complete the Enlightenment Legacy Path.</description>
			</l10n>
			<sortIndex>50300</sortIndex>
			<careerConfig statistic="CHALLENGE_STATISTIC_LEADER_FRIEDRICH_ALT_SCIENCE_VICTORY_EXPLORATION" threshold="1" />
			<reward type="XP" reward="50" />
		</challenge>
		<challenge id="CHALLENGE_FRIEDRICH_ALT_SCIENCE_VICTORY_EXPLORATION_2" scope="Career" difficulty="3">
			<l10n>
				<name>Enlightenment 2</name>
				<description>As Friedrich, Baroque, complete the Enlightenment Legacy Path twice.</description>
			</l10n>
			<sortIndex>50310</sortIndex>
			<careerConfig statistic="CHALLENGE_STATISTIC_LEADER_FRIEDRICH_ALT_SCIENCE_VICTORY_EXPLORATION" threshold="2" />
			<reward type="XP" reward="25" />
		</challenge>
		<challenge id="CHALLENGE_FRIEDRICH_ALT_SCIENCE_VICTORY_EXPLORATION_3" scope="Career" difficulty="3">
			<l10n>
				<name>Enlightenment 3</name>
				<description>As Friedrich, Baroque, complete the Enlightenment Legacy Path thrice.</description>
			</l10n>
			<sortIndex>50320</sortIndex>
			<careerConfig statistic="CHALLENGE_STATISTIC_LEADER_FRIEDRICH_ALT_SCIENCE_VICTORY_EXPLORATION" threshold="3" />
			<reward type="XP" reward="25" />
		</challenge>
		<challenge id="CHALLENGE_FRIEDRICH_ALT_SCIENCE_VICTORY_MODERN" scope="Career" difficulty="3">
			<l10n>
				<name>Space Race</name>
				<description>As Friedrich, Baroque, complete the Space Race Legacy Path.</description>
			</l10n>
			<sortIndex>50900</sortIndex>
			<careerConfig statistic="CHALLENGE_STATISTIC_LEADER_FRIEDRICH_ALT_SCIENCE_VICTORY_MODERN" threshold="1" />
			<reward type="XP" reward="50" />
		</challenge>
		<challenge id="CHALLENGE_FRIEDRICH_ALT_SCIENCE_VICTORY_MODERN_2" scope="Career" difficulty="3">
			<l10n>
				<name>Space Race 2</name>
				<description>As Friedrich, Baroque, complete the Space Race Legacy Path twice.</description>
			</l10n>
			<sortIndex>50910</sortIndex>
			<careerConfig statistic="CHALLENGE_STATISTIC_LEADER_FRIEDRICH_ALT_SCIENCE_VICTORY_MODERN" threshold="2" />
			<reward type="XP" reward="25" />
		</challenge>
		<challenge id="CHALLENGE_FRIEDRICH_ALT_SCIENCE_VICTORY_MODERN_3" scope="Career" difficulty="3">
			<l10n>
				<name>Space Race 3</name>
				<description>As Friedrich, Baroque, complete the Space Race Legacy Path thrice.</description>
			</l10n>
			<sortIndex>50920</sortIndex>
			<careerConfig statistic="CHALLENGE_STATISTIC_LEADER_FRIEDRICH_ALT_SCIENCE_VICTORY_MODERN" threshold="3" />
			<reward type="XP" reward="25" />
		</challenge>
		<challenge id="CHALLENGE_FRIEDRICH_ALT_CULTURE_VICTORY_ANTIQUITY" scope="Career" difficulty="3">
			<l10n>
				<name>Wonders of the Ancient World</name>
				<description>As Friedrich, Baroque, complete the Wonders of the Ancient World Legacy Path.</description>
			</l10n>
			<sortIndex>49500</sortIndex>
			<careerConfig statistic="CHALLENGE_STATISTIC_LEADER_FRIEDRICH_ALT_CULTURE_VICTORY_ANTIQUITY" threshold="1" />
			<reward type="XP" reward="50" />
		</challenge>
		<challenge id="CHALLENGE_FRIEDRICH_ALT_CULTURE_VICTORY_ANTIQUITY_2" scope="Career" difficulty="3">
			<l10n>
				<name>Wonders of the Ancient World 2</name>
				<description>As Friedrich, Baroque, complete the Wonders of the Ancient World Legacy Path twice.</description>
			</l10n>
			<sortIndex>49510</sortIndex>
			<careerConfig statistic="CHALLENGE_STATISTIC_LEADER_FRIEDRICH_ALT_CULTURE_VICTORY_ANTIQUITY" threshold="2" />
			<reward type="XP" reward="25" />
		</challenge>
		<challenge id="CHALLENGE_FRIEDRICH_ALT_CULTURE_VICTORY_ANTIQUITY_3" scope="Career" difficulty="3">
			<l10n>
				<name>Wonders of the Ancient World 3</name>
				<description>As Friedrich, Baroque, complete the Wonders of the Ancient World Legacy Path thrice.</description>
			</l10n>
			<sortIndex>49520</sortIndex>
			<careerConfig statistic="CHALLENGE_STATISTIC_LEADER_FRIEDRICH_ALT_CULTURE_VICTORY_ANTIQUITY" threshold="3" />
			<reward type="XP" reward="25" />
		</challenge>
		<challenge id="CHALLENGE_FRIEDRICH_ALT_CULTURE_VICTORY_EXPLORATION" scope="Career" difficulty="3">
			<l10n>
				<name>Toshakhana</name>
				<description>As Friedrich, Baroque, complete the Toshakhana Legacy Path.</description>
			</l10n>
			<sortIndex>50100</sortIndex>
			<careerConfig statistic="CHALLENGE_STATISTIC_LEADER_FRIEDRICH_ALT_CULTURE_VICTORY_EXPLORATION" threshold="1" />
			<reward type="XP" reward="50" />
		</challenge>
		<challenge id="CHALLENGE_FRIEDRICH_ALT_CULTURE_VICTORY_EXPLORATION_2" scope="Career" difficulty="3">
			<l10n>
				<name>Toshakhana 2</name>
				<description>As Friedrich, Baroque, complete the Toshakhana Legacy Path twice.</description>
			</l10n>
			<sortIndex>50110</sortIndex>
			<careerConfig statistic="CHALLENGE_STATISTIC_LEADER_FRIEDRICH_ALT_CULTURE_VICTORY_EXPLORATION" threshold="2" />
			<reward type="XP" reward="25" />
		</challenge>
		<challenge id="CHALLENGE_FRIEDRICH_ALT_CULTURE_VICTORY_EXPLORATION_3" scope="Career" difficulty="3">
			<l10n>
				<name>Toshakhana 3</name>
				<description>As Friedrich, Baroque, complete the Toshakhana Legacy Path thrice.</description>
			</l10n>
			<sortIndex>50120</sortIndex>
			<careerConfig statistic="CHALLENGE_STATISTIC_LEADER_FRIEDRICH_ALT_CULTURE_VICTORY_EXPLORATION" threshold="3" />
			<reward type="XP" reward="25" />
		</challenge>
		<challenge id="CHALLENGE_FRIEDRICH_ALT_CULTURE_VICTORY_MODERN" scope="Career" difficulty="3">
			<l10n>
				<name>Geographic Society</name>
				<description>As Friedrich, Baroque, complete the Geographic Society Legacy Path.</description>
			</l10n>
			<sortIndex>51000</sortIndex>
			<careerConfig statistic="CHALLENGE_STATISTIC_LEADER_FRIEDRICH_ALT_CULTURE_VICTORY_MODERN" threshold="1" />
			<reward type="XP" reward="50" />
		</challenge>
		<challenge id="CHALLENGE_FRIEDRICH_ALT_CULTURE_VICTORY_MODERN_2" scope="Career" difficulty="3">
			<l10n>
				<name>Geographic Society 2</name>
				<description>As Friedrich, Baroque, complete the Geographic Society Legacy Path twice.</description>
			</l10n>
			<sortIndex>51010</sortIndex>
			<careerConfig statistic="CHALLENGE_STATISTIC_LEADER_FRIEDRICH_ALT_CULTURE_VICTORY_MODERN" threshold="2" />
			<reward type="XP" reward="25" />
		</challenge>
		<challenge id="CHALLENGE_FRIEDRICH_ALT_CULTURE_VICTORY_MODERN_3" scope="Career" difficulty="3">
			<l10n>
				<name>Geographic Society 3</name>
				<description>As Friedrich, Baroque, complete the Geographic Society Legacy Path thrice.</description>
			</l10n>
			<sortIndex>51020</sortIndex>
			<careerConfig statistic="CHALLENGE_STATISTIC_LEADER_FRIEDRICH_ALT_CULTURE_VICTORY_MODERN" threshold="3" />
			<reward type="XP" reward="25" />
		</challenge>
		<challenge id="CHALLENGE_FRIEDRICH_ALT_FLAWLESS_VICTORY_ANTIQUITY" scope="Campaign" difficulty="4">
			<l10n>
				<name>Dual Legacies, Antiquity</name>
				<description>As Friedrich, Baroque, complete 2 Legacy Paths in a single Antiquity Age.</description>
			</l10n>
			<sortIndex>49900</sortIndex>
			<campaignConfig event="CHALLENGE_EVENT_LEADER_FRIEDRICH_ALT_FLAWLESS_VICTORY_ACHIEVED" />
			<rules>
				<rule type="and">
					<rule type="equals" var="legacyPathCount">2</rule>
					<rule type="equals" var="age">AGE_ANTIQUITY</rule>
				</rule>
			</rules>
			<reward type="XP" reward="50" />
		</challenge>
		<challenge id="CHALLENGE_FRIEDRICH_ALT_FLAWLESS_VICTORY_EXPLORATION" scope="Campaign" difficulty="4">
			<l10n>
				<name>Dual Legacies, Exploration</name>
				<description>As Friedrich, Baroque, complete 2 Legacy Paths in a single Exploration Age.</description>
			</l10n>
			<sortIndex>50500</sortIndex>
			<campaignConfig event="CHALLENGE_EVENT_LEADER_FRIEDRICH_ALT_FLAWLESS_VICTORY_ACHIEVED" />
			<rules>
				<rule type="and">
					<rule type="equals" var="legacyPathCount">2</rule>
					<rule type="equals" var="age">AGE_EXPLORATION</rule>
				</rule>
			</rules>
			<reward type="XP" reward="50" />
		</challenge>
		<challenge id="CHALLENGE_FRIEDRICH_ALT_FLAWLESS_VICTORY_MODERN" scope="Campaign" difficulty="4">
			<l10n>
				<name>Dual Legacies, Modern</name>
				<description>As Friedrich, Baroque, complete 2 Legacy Paths in a single Modern Age.</description>
			</l10n>
			<sortIndex>51100</sortIndex>
			<campaignConfig event="CHALLENGE_EVENT_LEADER_FRIEDRICH_ALT_FLAWLESS_VICTORY_ACHIEVED" />
			<rules>
				<rule type="and">
					<rule type="equals" var="legacyPathCount">2</rule>
					<rule type="equals" var="age">AGE_MODERN</rule>
				</rule>
			</rules>
			<reward type="XP" reward="50" />
		</challenge>
		<challenge id="CHALLENGE_FRIEDRICH_ALT_QUEST_A_ANTIQUITY" scope="Campaign" difficulty="2">
			<l10n>
				<name>Kriegslieder</name>
				<description>As Friedrich, Baroque, in Antiquity, complete a quest to rouse the orchestra.</description>
			</l10n>
			<sortIndex>55000</sortIndex>
			<reward type="XP" reward="50" />
		</challenge>
		<challenge id="CHALLENGE_FRIEDRICH_ALT_QUEST_B_ANTIQUITY" scope="Campaign" difficulty="2">
			<l10n>
				<name>Old Fritz</name>
				<description>As Friedrich, Baroque, in Antiquity, complete a quest to enlighten your people.</description>
			</l10n>
			<sortIndex>55005</sortIndex>
			<reward type="XP" reward="50" />
		</challenge>
		<challenge id="CHALLENGE_FRIEDRICH_ALT_QUEST_A_EXPLORATION" scope="Campaign" difficulty="2">
			<l10n>
				<name>Methods of Warfare</name>
				<description>As Friedrich, Baroque, in Exploration, complete a quest to conduct a strategic attack.</description>
			</l10n>
			<sortIndex>55010</sortIndex>
			<reward type="XP" reward="50" />
		</challenge>
		<challenge id="CHALLENGE_FRIEDRICH_ALT_QUEST_B_EXPLORATION" scope="Campaign" difficulty="2">
			<l10n>
				<name>The Poet King</name>
				<description>As Friedrich, Baroque, in Exploration, complete a quest to realize the artist's dream.</description>
			</l10n>
			<sortIndex>55015</sortIndex>
			<reward type="XP" reward="50" />
		</challenge>
		<challenge id="CHALLENGE_FRIEDRICH_ALT_QUEST_A_MODERN" scope="Campaign" difficulty="2">
			<l10n>
				<name>A Symphony of Guns</name>
				<description>As Friedrich, Baroque, in Modern, complete a quest to compose a new kind of symphony.</description>
			</l10n>
			<sortIndex>55020</sortIndex>
			<reward type="XP" reward="50" />
		</challenge>
		<challenge id="CHALLENGE_FRIEDRICH_ALT_QUEST_B_MODERN" scope="Campaign" difficulty="2">
			<l10n>
				<name>The Baroque Age</name>
				<description>As Friedrich, Baroque, in Modern, complete a quest to serenade the future.</description>
			</l10n>
			<sortIndex>55025</sortIndex>
			<reward type="XP" reward="50" />
		</challenge>
		<challenge id="CHALLENGE_FRIEDRICH_ALT_UNLOCKED_STRATEGYCARDS_EXPLORATION" scope="Campaign" difficulty="1" hidden="true" allowRewardWhenHidden="true">
			<l10n>
				<name>Age Transition Card Exploration</name>
				<description>As Friedrich, Baroque unlock age transition legend strategycards for exploration age.</description>
			</l10n>
			<sortIndex>51101</sortIndex>
			<reward type="UnlockableReward" reward="STRATEGYCARD_AS_FRIEDRICH_BAROQUE_EXPLORATION_1" />
			<reward type="UnlockableReward" reward="STRATEGYCARD_AS_FRIEDRICH_BAROQUE_EXPLORATION_2" />
		</challenge>
		<challenge id="CHALLENGE_FRIEDRICH_ALT_UNLOCKED_STRATEGYCARDS_MODERN" scope="Campaign" difficulty="1" hidden="true" allowRewardWhenHidden="true">
			<l10n>
				<name>Age Transition Card Modern</name>
				<description>As Friedrich, Baroque unlock age transition legend strategycards for modern age.</description>
			</l10n>
			<sortIndex>51102</sortIndex>
			<reward type="UnlockableReward" reward="STRATEGYCARD_AS_FRIEDRICH_BAROQUE_MODERN_1" />
			<reward type="UnlockableReward" reward="STRATEGYCARD_AS_FRIEDRICH_BAROQUE_MODERN_2" />
		</challenge>
	</challenges>
</metaprogression>