<?xml version="1.0" encoding="utf-8"?>
<Database>
	<EnglishText>
		<Row Tag="LOC_CITIZEN_NEPAL_MALE_1">
			<Text>Bibek</Text>
		</Row>
		<Row Tag="LOC_CITIZEN_NEPAL_MALE_2">
			<Text>Krishna</Text>
		</Row>
		<Row Tag="LOC_CITIZEN_NEPAL_MALE_3">
			<Text>Kamal</Text>
		</Row>
		<Row Tag="LOC_CITIZEN_NEPAL_MALE_4">
			<Text>Prasad</Text>
		</Row>
		<Row Tag="LOC_CITIZEN_NEPAL_MALE_5">
			<Text>Gagan</Text>
		</Row>
		<Row Tag="LOC_CITIZEN_NEPAL_MALE_6">
			<Text>Ram</Text>
		</Row>
		<Row Tag="LOC_CITIZEN_NEPAL_MALE_7">
			<Text>Bishal</Text>
		</Row>
		<Row Tag="LOC_CITIZEN_NEPAL_MALE_8">
			<Text>Amir</Text>
		</Row>
		<Row Tag="LOC_CITIZEN_NEPAL_MALE_9">
			<Text>Roshan</Text>
		</Row>
		<Row Tag="LOC_CITIZEN_NEPAL_MALE_10">
			<Text>Udgam</Text>
		</Row>
		<Row Tag="LOC_CITIZEN_NEPAL_FEMALE_1">
			<Text>Shambhav</Text>
		</Row>
		<Row Tag="LOC_CITIZEN_NEPAL_FEMALE_2">
			<Text>Sneha</Text>
		</Row>
		<Row Tag="LOC_CITIZEN_NEPAL_FEMALE_3">
			<Text>Sarita</Text>
		</Row>
		<Row Tag="LOC_CITIZEN_NEPAL_FEMALE_4">
			<Text>Amita</Text>
		</Row>
		<Row Tag="LOC_CITIZEN_NEPAL_FEMALE_5">
			<Text>Alina</Text>
		</Row>
		<Row Tag="LOC_CITIZEN_NEPAL_FEMALE_6">
			<Text>Tanisha</Text>
		</Row>
		<Row Tag="LOC_CITIZEN_NEPAL_FEMALE_7">
			<Text>Reshma</Text>
		</Row>
		<Row Tag="LOC_CITIZEN_NEPAL_FEMALE_8">
			<Text>Shreeja</Text>
		</Row>
		<Row Tag="LOC_CITIZEN_NEPAL_FEMALE_9">
			<Text>Soneeya</Text>
		</Row>
		<Row Tag="LOC_CITIZEN_NEPAL_FEMALE_10">
			<Text>Anuska</Text>
		</Row>
	</EnglishText>
</Database>
