<?xml version="1.0" encoding="utf-8"?>
<Database>
	<EnglishText>
		<!--Civilization Traits-->
		<Row Tag="LOC_TRAIT_NEPAL_ABILITY_NAME">
			<Text>Roof of the World</Text>
		</Row>
		<Row Tag="LOC_TRAIT_NEPAL_ABILITY_DESCRIPTION">
			<Text>[BLIST][LI][B]All Warehouse buildings[/B] apply to [B]Mountain Terrain[/B] tiles, but they cost +1 [icon:YIELD_GOLD] Gold and[icon:YIELD_HAPPINESS] Happiness Maintenance. [LI][B]+30% [icon:YIELD_PRODUCTION] Production [/B]towards constructing the [B]Boudhanath[/B].[/LIST]</Text>
		</Row>
		<Row Tag="LOC_MOD_CIV_WONDER_PRODUCTION_NEPAL_DESCRIPTION">
			<Text>+30% Production from being the Nepal's unique wonder.</Text>
		</Row>
		<!--Civilization Descriptions-->
		<Row Tag="LOC_CIVILIZATION_NEPAL_DESCRIPTION">
			<Text>All Warehouse buildings apply to Mountain Terrain tiles, but they cost +1 [icon:YIELD_GOLD] Gold and [icon:YIELD_HAPPINESS] Happiness Maintenance.</Text>
		</Row>
	</EnglishText>
</Database>