<?xml version="1.0" encoding="utf-8"?>
<!-- !! DO NOT EDIT THIS FILE !! -->
<!-- This file was automatically generated via the metaprogression generation workflow. -->
<Database>
    <EnglishText>
		<!-- Challenges -->
		<Row Tag="LOC_METAPROGRESSION_CHALLENGE_NEPAL_LEGACY_PATH_CULTURAL_NAME">
			<Text>Nepal Legacy Path</Text>
		</Row>
		<Row Tag="LOC_METAPROGRESSION_CHALLENGE_NEPAL_LEGACY_PATH_CULTURAL_DESC">
			<Text>As Nepal, complete a Cultural Legacy Path</Text>
		</Row>
		<Row Tag="LOC_METAPROGRESSION_CHALLENGE_NEPAL_COMPLETE_BOUDHANATH_NAME">
			<Text>Boudhanath</Text>
		</Row>
		<Row Tag="LOC_METAPROGRESSION_CHALLENGE_NEPAL_COMPLETE_BOUDHANATH_DESC">
			<Text>As Nepal, complete the Boudhanath</Text>
		</Row>
	</EnglishText>
</Database>
<!-- !! DO NOT EDIT THIS FILE !! -->
<!-- This file was automatically generated via the metaprogression generation workflow. -->