<?xml version="1.0" encoding="utf-8"?>
<Database>
	<EnglishText>
		<!-- Ashoka, World Conqueror -->
		<Row Tag="LOC_LEADER_ASHOKA_ALT_NAME">
			<Text>Ashoka, World Conqueror</Text>
		</Row>
		<Row Tag="LOC_LEADER_ASHOKA_ALT_DESCRIPTION">
			<Text>+1[icon:YIELD_PRODUCTION] Production for every 5 excess [icon:YIELD_HAPPINESS] Happiness in [icon:YIELD_CITIES] Cities. +10% [icon:YIELD_PRODUCTION] Production in Settlements not founded by you. Declaring a [icon:WAR] Formal War grants a [icon:NOTIFICATION_CHOOSE_GOLDEN_AGE] Celebration. +5 [icon:NAR_REW_COMBAT] Combat Strength against [icon:CITY_URBAN] Districts for all Units during a [icon:NOTIFICATION_CHOOSE_GOLDEN_AGE] Celebration.</Text>
		</Row>
		<Row Tag="LOC_TRAIT_LEADER_ASHOKA_ALT_ABILITY_NAME">
			<Text>Devaraja</Text>
		</Row>
		<Row Tag="LOC_TRAIT_LEADER_ASHOKA_ALT_ABILITY_DESCRIPTION">
			<Text>[BLIST][LI][B]+1[icon:YIELD_PRODUCTION] Production [/B]for every [B]5 [/B]excess [icon:YIELD_HAPPINESS] [B]Happiness [/B]in [icon:YIELD_CITIES] [B]Cities[/B].[LI][B]+10% [icon:YIELD_PRODUCTION] Production [/B]in Settlements not founded by you.[LI]Declaring a [icon:WAR] [B]Formal War [/B]grants a [icon:NOTIFICATION_CHOOSE_GOLDEN_AGE] [B]Celebration[/B].[LI][B]+5 [icon:NAR_REW_COMBAT] Combat Strength[/B] against [icon:CITY_URBAN] [B]Districts [/B]for all Units during a [icon:NOTIFICATION_CHOOSE_GOLDEN_AGE] [B]Celebration[/B].[/LIST]</Text>
		</Row>
		<Row Tag="LOC_ABILITY_ASHOKA_CONQUEROR_DESCRIPTION">
			<Text>+{1_Value} Combat Strength against Districts for all Units during a Celebration.</Text>
		</Row>
		<Row Tag="LOC_ABILITY_ASHOKA_CONQUEROR_COMBAT_PREVIEW">
			<Text>+{1_Amount} Devaraja</Text>
		</Row>
		<!-- Himiko, High Shaman -->
		<Row Tag="LOC_LEADER_HIMIKO_ALT_NAME">
			<Text>Himiko, High Shaman</Text>
		</Row>
		<Row Tag="LOC_LEADER_HIMIKO_ALT_DESCRIPTION">
			<Text>+2 [icon:YIELD_HAPPINESS] Happiness per Age on [icon:YIELD_HAPPINESS] Happiness and [icon:YIELD_DIPLOMACY] Influence Buildings, doubled if a Building is both. +50% [icon:YIELD_PRODUCTION] Production towards constructing [icon:YIELD_HAPPINESS] Happiness and [icon:YIELD_DIPLOMACY] Influence Buildings, doubled if a Building is both. +20% [icon:YIELD_CULTURE] Culture but -10% [icon:YIELD_SCIENCE] Science, and these effects are doubled while in a [icon:NOTIFICATION_CHOOSE_GOLDEN_AGE] Celebration.</Text>
		</Row>
		<Row Tag="LOC_TRAIT_LEADER_HIMIKO_ALT_ABILITY_NAME">
			<Text>Miko of Amaterasu</Text>
		</Row>
		<Row Tag="LOC_TRAIT_LEADER_HIMIKO_ALT_ABILITY_DESCRIPTION">
			<Text>[BLIST][LI][B]+2 [icon:YIELD_HAPPINESS] Happiness [/B]per Age on [icon:YIELD_HAPPINESS] [B]Happiness [/B]and [icon:YIELD_DIPLOMACY] [B]Influence Buildings[/B], doubled if a [B]Building[/B] is both.[LI][B]+50% [icon:YIELD_PRODUCTION] Production [/B]towards constructing [icon:YIELD_HAPPINESS] [B]Happiness[/B] and [icon:YIELD_DIPLOMACY] [B]Influence Buildings[/B], doubled if a [B]Building[/B] is both.[LI][B]+20% [icon:YIELD_CULTURE] Culture [/B]but [B]-10% [icon:YIELD_SCIENCE] Science[/B], and these effects are [B]doubled [/B]while in a [icon:NOTIFICATION_CHOOSE_GOLDEN_AGE] [B]Celebration[/B].[/LIST]</Text>
		</Row>
	</EnglishText>
</Database>