<?xml version="1.0" encoding="utf-8"?>
<Database>
	<EnglishText>
		<Row Tag="LOC_STRATEGYCARD_ASHOKA_CONQUEROR_EXPLORATION_1_NAME">
			<Text>Exploration Diplomatic Legacy Card</Text>
		</Row>
		<Row Tag="LOC_STRATEGYCARD_ASHOKA_CONQUEROR_EXPLORATION_1_DESCRIPTION">
			<Text>As Ashoka, access a new Exploration Legacy Card:[n]
				+15% Influence, -2 Combat Strength for Naval Units</Text>
		</Row>
		<Row Tag="LOC_STRATEGYCARD_ASHOKA_CONQUEROR_EXPLORATION_2_NAME">
			<Text>Exploration Militaristic Legacy Card</Text>
		</Row>
		<Row Tag="LOC_STRATEGYCARD_ASHOKA_CONQUEROR_EXPLORATION_2_DESCRIPTION">
			<Text>As Ashoka, access a new Exploration Legacy Card:[n]
				+3 Combat Strength towards Naval Units, -10% Influence</Text>
		</Row>
		<Row Tag="LOC_STRATEGYCARD_ASHOKA_CONQUEROR_MODERN_1_NAME">
			<Text>Modern Diplomatic Legacy Card</Text>
		</Row>
		<Row Tag="LOC_STRATEGYCARD_ASHOKA_CONQUEROR_MODERN_1_DESCRIPTION">
			<Text>As Ashoka, access a new Modern Legacy Card:[n]
				+15% Influence, -2 Combat Strength for Air Units</Text>
		</Row>
		<Row Tag="LOC_STRATEGYCARD_ASHOKA_CONQUEROR_MODERN_2_NAME">
			<Text>Modern Militaristic Legacy Card</Text>
		</Row>
		<Row Tag="LOC_STRATEGYCARD_ASHOKA_CONQUEROR_MODERN_2_DESCRIPTION">
			<Text>As Ashoka, access a new Modern Legacy Card:[n]
				+3 Combat Strength towards Air Units, -10% Influence</Text>
		</Row>
		<Row Tag="LOC_ATTRIBUTENODE_ASHOKA_CONQUEROR_L1_NAME">
			<Text>Diplomatic Attribute Node</Text>
		</Row>
		<Row Tag="LOC_ATTRIBUTENODE_ASHOKA_CONQUEROR_L1_DESCRIPTION">
			<Text>+25% Relationship from starting or supporting Endeavors. -25% Relationship from starting Sanctions or rejecting Endeavors.</Text>
		</Row>
		<Row Tag="LOC_ATTRIBUTENODE_ASHOKA_CONQUEROR_L2_NAME">
			<Text>Militaristic Attribute Node</Text>
		</Row>
		<Row Tag="LOC_ATTRIBUTENODE_ASHOKA_CONQUEROR_L2_DESCRIPTION">
			<Text>+5 Combat Strength for all Units against Districts.</Text>
		</Row>
		<Row Tag="LOC_BADGE_ASHOKA_CONQUEROR_NAME">
			<Text>Ashoka, World Conqueror Badge 1</Text>
		</Row>
		<Row Tag="LOC_BADGE_ASHOKA_CONQUEROR_P_NAME">
			<Text>Ashoka, World Conqueror Badge 2</Text>
		</Row>
		<Row Tag="LOC_BANNER_ASHOKA_CONQUEROR_NAME">
			<Text>Ashoka, World Conqueror Banner</Text>
		</Row>
		<Row Tag="LOC_TITLE_ASHOKA_CONQUEROR_NAME">
			<Text>World Conqueror</Text>
		</Row>
		<Row Tag="LOC_TITLE_HIMIKO_HIGH_SHAMAN_NAME">
			<Text>Avatar of Amaterasu</Text>
		</Row>
		<Row Tag="LOC_BADGE_HIMIKO_HIGH_SHAMAN_NAME">
			<Text>Himiko, High Shaman Badge 1</Text>
		</Row>
		<Row Tag="LOC_BANNER_HIMIKO_HIGH_SHAMAN_NAME">
			<Text>Himiko, High Shaman Banner</Text>
		</Row>
		<Row Tag="LOC_STRATEGYCARD_HIMIKO_SHAMAN_EXPLORATION_1_NAME">
			<Text>Exploration Cultural Legacy Card</Text>
		</Row>
		<Row Tag="LOC_STRATEGYCARD_HIMIKO_SHAMAN_EXPLORATION_1_DESCRIPTION">
			<Text>As Himiko, access a new Exploration Legacy Card:[n]
				+15% Culture, -10% Science</Text>
		</Row>
		<Row Tag="LOC_STRATEGYCARD_HIMIKO_SHAMAN_EXPLORATION_2_NAME">
			<Text>Exploration Diplomatic Legacy Card</Text>
		</Row>
		<Row Tag="LOC_STRATEGYCARD_HIMIKO_SHAMAN_EXPLORATION_2_DESCRIPTION">
			<Text>As Himiko, access a new Exploration Legacy Card:[n]
				+15% Influence, -2 Combat Strength for Naval Units</Text>
		</Row>
		<Row Tag="LOC_STRATEGYCARD_HIMIKO_SHAMAN_MODERN_1_NAME">
			<Text>Modern Cultural Legacy Card</Text>
		</Row>
		<Row Tag="LOC_STRATEGYCARD_HIMIKO_SHAMAN_MODERN_1_DESCRIPTION">
			<Text>As Himiko, access a new Modern Legacy Card:[n]
				+15% Culture, -10% Science</Text>
		</Row>
		<Row Tag="LOC_STRATEGYCARD_HIMIKO_SHAMAN_MODERN_2_NAME">
			<Text>Modern Diplomatic Legacy Card</Text>
		</Row>
		<Row Tag="LOC_STRATEGYCARD_HIMIKO_SHAMAN_MODERN_2_DESCRIPTION">
			<Text>As Himiko, access a new Modern Legacy Card:[n]
				+15% Influence, -2 Combat Strength for Air Units</Text>
		</Row>
		<Row Tag="LOC_ATTRIBUTENODE_HIMIKO_SHAMAN_L1_NAME">
			<Text>Cultural Attribute Node</Text>
		</Row>
		<Row Tag="LOC_ATTRIBUTENODE_HIMIKO_SHAMAN_L1_DESCRIPTION">
			<Text>+15% Production towards constructing Buildings and Wonders with Great Works slots.</Text>
		</Row>
		<Row Tag="LOC_ATTRIBUTENODE_HIMIKO_SHAMAN_L2_NAME">
			<Text>Diplomatic Attribute Node</Text>
		</Row>
		<Row Tag="LOC_ATTRIBUTENODE_HIMIKO_SHAMAN_L2_DESCRIPTION">
			<Text>+25% Relationship from starting or supporting Endeavors. -25% Relationship from starting Sanctions or rejecting Endeavors.</Text>
		</Row>
		<Row Tag="LOC_BADGE_HIMIKO_SHAMAN_P_NAME">
			<Text>Himiko, High Shaman Badge 2</Text>
		</Row>
	</EnglishText>
</Database>