<?xml version="1.0" encoding="utf-8"?>
<Database>
	<AiListTypes>

		<!-- Leader Yield biases -->
		<Row ListType="Napoleon Revolutionary Yield Biases"/>

		<!-- Leader AI Budget Biases -->
		<Row ListType="Napoleon Revolutionary Budget Biases"/>

	</AiListTypes>
	<AiLists>

		<!-- Leader Yield Biases -->
		<Row ListType="Napoleon Revolutionary Yield Biases" LeaderType="TRAIT_LEADER_NAPOLEON_ALT_ABILITY" System="YieldBiases"/>

		<!-- Leader AI Budget Biases -->
		<Row ListType="Napoleon Revolutionary Budget Biases" LeaderType="TRAIT_LEADER_NAPOLEON_ALT_ABILITY" System="AiBudgetBiases"/>

	</AiLists>
	<AiFavoredItems>

		<!-- Leader Yield Biases -->
		<Row ListType="Napoleon Revolutionary Yield Biases" Item="YIELD_CULTURE" Value="50"/>
		<Row ListType="Napoleon Revolutionary Yield Biases" Item="YIELD_PRODUCTION" Value="25"/>

		<!-- Leader AI Budget Biases -->
		<Row ListType="Napoleon Revolutionary Budget Biases" Item="AI_BUDGET_STANDING_ARMY" Value="50"/>

	</AiFavoredItems>
</Database>