<?xml version="1.0" encoding="utf-8"?>
<Database>
	<LegacyLeaderCivPriorities>
		<Row Leader="LEADER_NAPOLEON_ALT" CivilizationType="CIVILIZATION_EGYPT"/>
		<Row Leader="LEADER_NAPOLEON_ALT" CivilizationType="CIVILIZATION_ROME"/>
		<Row Leader="LEADER_NAPOLEON_ALT" CivilizationType="CIVILIZATION_NORMAN"/>
		<Row Leader="LEADER_NAPOLEON_ALT" CivilizationType="CIVILIZATION_SPAIN"/>
		<Row Leader="LEADER_NAPOLEON_ALT" CivilizationType="CIVILIZATION_FRENCH_EMPIRE"/>
		<Row Leader="LEADER_NAPOLEON_ALT" CivilizationType="CIVILIZATION_RUSSIA"/>
	</LegacyLeaderCivPriorities>
</Database>