<?xml version="1.0" encoding="utf-8"?>
<GameEffects xmlns="GameEffects">
	<Modifier id="MEMENTO_NAPOLEON_REVOLUTIONARY_ARTILLERYMAN_GLOVES_MODIFIER" collection="COLLECTION_PLAYER_UNITS" effect="EFFECT_PLAYER_ADJUST_YIELD_PER_UNIT_LEVEL">
		<SubjectRequirements>
			<Requirement type="REQUIREMENT_UNIT_TYPE_MATCHES">
				<Argument name="UnitType">UNIT_ARMY_COMMANDER</Argument>
			</Requirement>
		</SubjectRequirements>
		<Argument name="YieldType">YIELD_CULTURE</Argument>
		<Argument name="Amount" type="ScaleByGameAge" extra="100">1</Argument>
	</Modifier>
	<Modifier id="MEMENTO_NAPOLEON_REVOLUTIONARY_BICORNE_HAT_MODIFIER" collection="COLLECTION_PLAYER_UNITS" effect="EFFECT_UNIT_ADJUST_MOVEMENT">
		<SubjectRequirements>
			<Requirement type="REQUIREMENT_UNIT_TAG_MATCHES">
				<Argument name="Tag">UNIT_CLASS_INFANTRY</Argument>
			</Requirement>
		</SubjectRequirements>
		<Argument name="Amount">1</Argument>
		<String context="Description">LOC_MEMENTO_NAPOLEON_REVOLUTIONARY_BICORNE_HAT_FUNCTIONAL_DESCRIPTION</String>
	</Modifier>
	<Modifier id="MEMENTO_NAPOLEON_REVOLUTIONARY_LEGION_DHONNEUR_GRAND_EAGLE_CROSS_MODIFIER_1" collection="COLLECTION_PLAYER_UNITS" effect="EFFECT_ATTACH_MODIFIERS">
		<SubjectRequirements>
			<Requirement type="REQUIREMENT_UNIT_TAG_MATCHES">
				<Argument name="Tag">UNIT_CLASS_COMMAND</Argument>
			</Requirement>
		</SubjectRequirements>
		<Argument name="ModifierId">MEMENTO_NAPOLEON_REVOLUTIONARY_LEGION_DHONNEUR_GRAND_EAGLE_CROSS_MODIFIER_2</Argument>
	</Modifier>
	<Modifier id="MEMENTO_NAPOLEON_REVOLUTIONARY_LEGION_DHONNEUR_GRAND_EAGLE_CROSS_MODIFIER_2" collection="COLLECTION_PLAYER_UNITS" effect="EFFECT_ADJUST_UNIT_POST_COMBAT_HEAL">
		<SubjectRequirements>
			<Requirement type="REQUIREMENT_PLOT_IN_COMMAND_RADIUS"/>
		</SubjectRequirements>
		<Argument name="AttackAmount">10</Argument>
	</Modifier>
</GameEffects>