<?xml version="1.0" encoding="utf-8"?>
<GameEffects xmlns="GameEffects">
    <Modifier id="LEADER_CHAIN_1194D_NARRATIVE_MODIFIER" collection="COLLECTION_OWNER" effect="EFFECT_PLAYER_ATTRIBUTE" run-once="false" permanent="true">
        <Argument name="AttributeType">ATTRIBUTE_CULTURAL</Argument>
        <Argument name="Amount">1</Argument>
    </Modifier>
    <Modifier id="LEADER_CHAIN_1194E_NARRATIVE_MODIFIER" collection="COLLECTION_OWNER" effect="EFFECT_PLAYER_GRANT_YIELD_NARRATIVE" run-once="false" permanent="true">
        <Argument name="YieldType">YIELD_SCIENCE</Argument>
        <Argument name="MultiplierType">REWARD_TYPE_MAJOR_EARLY</Argument>
    </Modifier>
    <Modifier id="LEADER_CHAIN_1195C_NARRATIVE_MODIFIER" collection="COLLECTION_PLAYER_CITIES" effect="EFFECT_CITY_ADJUST_YIELD" run-once="false" permanent="true">
        <Argument name="YieldType">YIELD_GOLD</Argument>
        <Argument name="Amount" type="ScaleByGameAge" extra="100">1</Argument>
    </Modifier>
    <Modifier id="LEADER_CHAIN_1196D_NARRATIVE_MODIFIER" collection="COLLECTION_OWNER" effect="EFFECT_PLAYER_ATTRIBUTE" run-once="false" permanent="true">
        <Argument name="AttributeType">ATTRIBUTE_MILITARISTIC</Argument>
        <Argument name="Amount">1</Argument>
    </Modifier>
    <Modifier id="LEADER_CHAIN_1196E_NARRATIVE_MODIFIER" collection="COLLECTION_OWNER" effect="EFFECT_PLAYER_GRANT_YIELD_NARRATIVE" run-once="false" permanent="true">
        <Argument name="YieldType">YIELD_DIPLOMACY</Argument>
        <Argument name="MultiplierType">REWARD_TYPE_MINOR_EARLY</Argument>
    </Modifier>
    <Modifier id="LEADER_CHAIN_1197C_NARRATIVE_MODIFIER" collection="COLLECTION_PLAYER_CAPITAL_CITY" effect="EFFECT_CITY_GRANT_UNIT" run-once="false" permanent="true">
        <Argument name="UnitTag">UNIT_CLASS_SIEGE</Argument>
        <Argument name="Amount">1</Argument>
    </Modifier>
    <Modifier id="3706_ALTB_NARRATIVE_MODIFIER" collection="COLLECTION_PLAYER_CITIES" effect="EFFECT_CITY_ADJUST_CONSTRUCTIBLE_PRODUCTION" run-once="false" permanent="true">
        <Argument name="Percent">25</Argument>
        <Argument name="ConstructibleType">BUILDING_MEDIEVAL_BRIDGE</Argument>
    </Modifier>
    <Modifier id="3706_ALTC_NARRATIVE_MODIFIER" collection="COLLECTION_OWNER" effect="EFFECT_PLAYER_GRANT_YIELD_NARRATIVE" run-once="false" permanent="true">
        <Argument name="YieldType">YIELD_SCIENCE</Argument>
        <Argument name="MultiplierType">REWARD_TYPE_MEDIUM_EARLY</Argument>
    </Modifier>
    <Modifier id="3707_ALTB_NARRATIVE_MODIFIER" collection="COLLECTION_OWNER" effect="EFFECT_PLAYER_GRANT_YIELD_NARRATIVE" run-once="false" permanent="true">
        <Argument name="YieldType">YIELD_CULTURE</Argument>
        <Argument name="MultiplierType">REWARD_TYPE_MEDIUM_EARLY</Argument>
    </Modifier>
    <Modifier id="3707_ALTC_NARRATIVE_MODIFIER" collection="COLLECTION_PLAYER_CITIES" effect="EFFECT_CITY_ADJUST_CONSTRUCTIBLE_PRODUCTION" run-once="false" permanent="true">
        <Argument name="Percent">25</Argument>
        <Argument name="ConstructibleType">BUILDING_UNIVERSITY</Argument>
    </Modifier>
    <Modifier id="3708_ALTB_NARRATIVE_MODIFIER" collection="COLLECTION_OWNER" effect="EFFECT_PLAYER_GRANT_YIELD_NARRATIVE" run-once="false" permanent="true">
        <Argument name="YieldType">YIELD_HAPPINESS</Argument>
        <Argument name="MultiplierType">REWARD_TYPE_MINOR_EARLY</Argument>
    </Modifier>
    <Modifier id="3708_ALTC_NARRATIVE_MODIFIER" collection="COLLECTION_OWNER" effect="EFFECT_PLAYER_GRANT_YIELD_NARRATIVE" run-once="false" permanent="true">
        <Argument name="YieldType">YIELD_CULTURE</Argument>
        <Argument name="MultiplierType">REWARD_TYPE_MINOR_EARLY</Argument>
    </Modifier>
    <Modifier id="LEADER_CHAIN_1193D_NARRATIVE_MODIFIER" collection="COLLECTION_OWNER" effect="EFFECT_PLAYER_GRANT_NARRATIVE_TAG" run-once="false" permanent="true">
        <Argument name="Amount">1</Argument>
        <Argument name="NarrativeTagType">NARRATIVE_TAG_LEADER_CHAIN_A</Argument>
    </Modifier>
    <Modifier id="LEADER_CHAIN_1193E_NARRATIVE_MODIFIER" collection="COLLECTION_OWNER" effect="EFFECT_PLAYER_GRANT_NARRATIVE_TAG" run-once="false" permanent="true">
        <Argument name="Amount">1</Argument>
        <Argument name="NarrativeTagType">NARRATIVE_TAG_LEADER_CHAIN_B</Argument>
    </Modifier>
    <Modifier id="LEADER_CHAIN_1195C_NARRATIVE_MODIFIER2" collection="COLLECTION_OWNER" effect="EFFECT_PLAYER_GRANT_NARRATIVE_TAG" run-once="false" permanent="true">
        <Argument name="Amount">1</Argument>
        <Argument name="NarrativeTagType">NARRATIVE_TAG_LEADER_CHAIN_A</Argument>
    </Modifier>
    <Modifier id="LEADER_CHAIN_1196D_NARRATIVE_MODIFIER2" collection="COLLECTION_OWNER" effect="EFFECT_PLAYER_GRANT_NARRATIVE_TAG" run-once="false" permanent="true">
        <Argument name="Amount">1</Argument>
        <Argument name="NarrativeTagType">NARRATIVE_TAG_LEADER_CHAIN_B</Argument>
    </Modifier>
    <Modifier id="LEADER_CHAIN_1197C_NARRATIVE_MODIFIER2" collection="COLLECTION_OWNER" effect="EFFECT_PLAYER_GRANT_NARRATIVE_TAG" run-once="false" permanent="true">
        <Argument name="Amount">1</Argument>
        <Argument name="NarrativeTagType">NARRATIVE_TAG_LEADER_CHAIN_B</Argument>
    </Modifier>
    <RequirementSet id="REQSET_LEADER_CHAIN_1193F_NARRATIVE_REQUISITE">
        <Requirement xref="REQ_STORY_LEADER_NAPOLEON_ALT_ONLY"/>
    </RequirementSet>
    <RequirementSet id="REQSET_LEADER_CHAIN_1194F_NARRATIVE_REQUISITE">
        <Requirement xref="REQ_STORY_LEADER_NAPOLEON_ALT_ONLY"/>
    </RequirementSet>
    <RequirementSet id="REQSET_LEADER_CHAIN_1195D_NARRATIVE_REQUISITE">
        <Requirement xref="REQ_STORY_LEADER_NAPOLEON_ALT_ONLY"/>
    </RequirementSet>
    <RequirementSet id="REQSET_LEADER_CHAIN_1196F_NARRATIVE_REQUISITE">
        <Requirement xref="REQ_STORY_LEADER_NAPOLEON_ALT_ONLY"/>
    </RequirementSet>
    <RequirementSet id="REQSET_LEADER_CHAIN_1197D_NARRATIVE_REQUISITE">
        <Requirement xref="REQ_STORY_LEADER_NAPOLEON_ALT_ONLY"/>
    </RequirementSet>
    <RequirementSet id="REQSET_3706_ALTA_NARRATIVE_REQUISITE">
        <Requirement xref="REQ_STORY_LEADER_NAPOLEON_ALT_ONLY"/>
    </RequirementSet>
    <RequirementSet id="REQSET_3707_ALTA_NARRATIVE_REQUISITE">
        <Requirement xref="REQ_STORY_LEADER_NAPOLEON_ALT_ONLY"/>
    </RequirementSet>
    <RequirementSet id="REQSET_3708_ALTA_NARRATIVE_REQUISITE">
        <Requirement xref="REQ_STORY_LEADER_NAPOLEON_ALT_ONLY"/>
    </RequirementSet>
    <RequirementSet id="REQSET_LEADER_CHAIN_1193F_NARRATIVE">
        <Requirement type="REQUIREMENT_IS_AGE_COUNT">
            <Argument name="AgeCount">1</Argument>
        </Requirement>
        <Requirement type="REQUIREMENT_PLAYER_HAS_AT_LEAST_NUM_GOSSIPS">
            <Argument name="GossipTypes">GOSSIP_COMPLETED_PROGRESSION_TREE_NODE01</Argument>
            <Argument name="GOSSIP_COMPLETED_PROGRESSION_TREE_NODE01">Hash,ProgressionTreeNodeType,NODE_CIVIC_EX_MAIN_AUTHORITY</Argument>
        </Requirement>
    </RequirementSet>
    <RequirementSet id="REQSET_LEADER_CHAIN_1194F_NARRATIVE">
        <Requirement type="REQUIREMENT_PLAYER_HAS_AT_LEAST_NUM_GOSSIPS">
            <Argument name="GossipTypes">GOSSIP_FOUND_RELIGION01</Argument>
        </Requirement>
        <Requirement type="REQUIREMENT_PLAYER_HAS_AT_LEAST_NUM_NARRATIVE_TAGS">
            <Argument name="NarrativeTagType">NARRATIVE_TAG_LEADER_CHAIN_A</Argument>
            <Argument name="Amount">1</Argument>
        </Requirement>
    </RequirementSet>
    <RequirementSet id="REQSET_LEADER_CHAIN_1194D_NARRATIVE">
        <Requirement type="REQUIREMENT_PLAYER_HAS_AT_LEAST_NUM_BUILDINGS">
            <Argument name="BuildingType">BUILDING_TEMPLE</Argument>
            <Argument name="Amount">3</Argument>
        </Requirement>
    </RequirementSet>
    <RequirementSet id="REQSET_LEADER_CHAIN_1195D_NARRATIVE">
        <Requirement type="REQUIREMENT_PLAYER_HAS_AT_LEAST_NUM_GOSSIPS">
            <Argument name="GossipTypes">GOSSIP_TRAIN_UNIT01</Argument>
            <Argument name="GOSSIP_TRAIN_UNIT01">Hash,UnitTypeReplaces,UNIT_MERCHANT</Argument>
            <Argument name="AfterInit">True</Argument>
        </Requirement>
        <Requirement type="REQUIREMENT_PLAYER_HAS_AT_LEAST_NUM_NARRATIVE_TAGS">
            <Argument name="NarrativeTagType">NARRATIVE_TAG_LEADER_CHAIN_A</Argument>
            <Argument name="Amount">1</Argument>
        </Requirement>
    </RequirementSet>
    <RequirementSet id="REQSET_LEADER_CHAIN_1195C_NARRATIVE">
        <Requirement type="REQUIREMENT_PLAYER_HAS_AT_LEAST_NUM_GOSSIPS">
            <Argument name="GossipTypes">GOSSIP_GATHER_RESOURCE01</Argument>
            <Argument name="GOSSIP_GATHER_RESOURCE01">Hash,IsForeignHemisphere,True</Argument>
            <Argument name="DuplicateCount">4</Argument>
        </Requirement>
    </RequirementSet>
    <RequirementSet id="REQSET_LEADER_CHAIN_1196F_NARRATIVE">
        <Requirement type="REQUIREMENT_PLAYER_HAS_AT_LEAST_NUM_NARRATIVE_TAGS">
            <Argument name="NarrativeTagType">NARRATIVE_TAG_LEADER_CHAIN_B</Argument>
            <Argument name="Amount">1</Argument>
        </Requirement>
        <Requirement type="REQUIREMENT_PLAYER_HAS_AT_LEAST_NUM_GOSSIPS">
            <Argument name="GossipTypes">GOSSIP_FOUND_CITY01</Argument>
            <Argument name="GOSSIP_FOUND_CITY01">Hash,IsForeignHemisphere,True</Argument>
        </Requirement>
    </RequirementSet>
    <RequirementSet id="REQSET_LEADER_CHAIN_1196D_NARRATIVE">
        <Requirement type="REQUIREMENT_PLAYER_HAS_AT_LEAST_NUM_GOSSIPS">
            <Argument name="GossipTypes">GOSSIP_CONQUER_CITY01</Argument>
            <Argument name="GOSSIP_CONQUER_CITY01">Hash,OtherPlayer,Other,Hash,IsForeignHemisphere,True</Argument>
        </Requirement>
    </RequirementSet>
    <RequirementSet id="REQSET_LEADER_CHAIN_1197D_NARRATIVE">
        <Requirement type="REQUIREMENT_PLAYER_HAS_AT_LEAST_NUM_NARRATIVE_TAGS">
            <Argument name="NarrativeTagType">NARRATIVE_TAG_LEADER_CHAIN_B</Argument>
            <Argument name="Amount">1</Argument>
        </Requirement>
        <Requirement type="REQUIREMENT_PLAYER_HAS_AT_LEAST_NUM_GOSSIPS">
            <Argument name="GossipTypes">GOSSIP_GATHER_RESOURCE01</Argument>
            <Argument name="GOSSIP_GATHER_RESOURCE01">Hash,ResourceType,RESOURCE_NITER</Argument>
        </Requirement>
    </RequirementSet>
    <RequirementSet id="REQSET_LEADER_CHAIN_1197C_NARRATIVE">
        <Requirement type="REQUIREMENT_PLAYER_HAS_AT_LEAST_NUM_GOSSIPS">
            <Argument name="GossipTypes">GOSSIP_TRAIN_UNIT01</Argument>
            <Argument name="GOSSIP_TRAIN_UNIT01">Hash,UnitTypeReplaces,UNIT_BOMBARD</Argument>
            <Argument name="AfterInit">True</Argument>
            <Argument name="DuplicateCount">3</Argument>
        </Requirement>
    </RequirementSet>
    <RequirementSet id="REQSET_3706_ALTA_NARRATIVE">
        <Requirement xref="REQ_STORY_LEADER_NAPOLEON_ALT_ONLY"/>
        <Requirement type="REQUIREMENT_PLAYER_HAS_COMPLETED_PROGRESSION_TREE_NODE">
            <Argument name="ProgressionTreeNodeType">NODE_TECH_EX_EDUCATION</Argument>
        </Requirement>
        <Requirement type="REQUIREMENT_PLAYER_HAS_COMPLETED_PROGRESSION_TREE_NODE">
            <Argument name="ProgressionTreeNodeType">NODE_TECH_EX_FEUDALISM</Argument>
        </Requirement>
    </RequirementSet>
    <RequirementSet id="REQSET_3707_ALTA_NARRATIVE">
        <Requirement xref="REQ_STORY_LEADER_NAPOLEON_ALT_ONLY"/>
        <Requirement type="REQUIREMENT_PLAYER_HAS_AT_LEAST_NUM_GOSSIPS">
            <Argument name="GossipTypes">GOSSIP_CONSTRUCT_BUILDING01,GOSSIP_MAKE_DOW02</Argument>
            <Argument name="GOSSIP_CONSTRUCT_BUILDING01">Hash,ConstructibleType,BUILDING_UNIVERSITY</Argument>
            <Argument name="GOSSIP_MAKE_DOW02">Hash,OtherPlayer,Self</Argument>
            <Argument name="Amount">2</Argument>
        </Requirement>
    </RequirementSet>
    <RequirementSet id="REQSET_3708_ALTA_NARRATIVE">
        <Requirement xref="REQ_STORY_LEADER_NAPOLEON_ALT_ONLY"/>
        <Requirement type="REQUIREMENT_PLAYER_CONQUERED_RELIGIOUS_CITY">
            <Argument name="DifferentThanMajority">True</Argument>
            <Argument name="DifferentThanFounded">True</Argument>
        </Requirement>
    </RequirementSet>
</GameEffects>
