<?xml version="1.0" encoding="utf-8"?>
<Database>
	<Kinds>
		<InsertOrIgnore Kind="KIND_UNLOCK"/>
	</Kinds>
	<Types>
		<InsertOrIgnore Type="UNLOCK_LEGEND_LEVEL_4_NAPOLEON_REVOLUTIONARY" Kind="KIND_UNLOCK"/>
		<InsertOrIgnore Type="UNLOCK_LEGEND_LEVEL_8_NAPOLEON_REVOLUTIONARY" Kind="KIND_UNLOCK"/>
	</Types>
	<Unlocks>
		<InsertOrIgnore UnlockType="UNLOCK_LEGEND_LEVEL_4_NAPOLEON_REVOLUTIONARY"/>
		<InsertOrIgnore UnlockType="UNLOCK_LEGEND_LEVEL_8_NAPOLEON_REVOLUTIONARY"/>
	</Unlocks>
	<UnlockRewards>
		<InsertOrIgnore UnlockType="UNLOCK_LEGEND_LEVEL_4_NAPOLEON_REVOLUTIONARY" Name="LOC_CARD_AT_EXP_LEGEND_NAPOLEON_REVOLUTIONARY_1_NAME" Description="LOC_CARD_AT_EXP_LEGEND_NAPOLEON_REVOLUTIONARY_1_DESCRIPTION" Icon="LEADER_NAPOLEON_ALT"/>
		<InsertOrIgnore UnlockType="UNLOCK_LEGEND_LEVEL_4_NAPOLEON_REVOLUTIONARY" Name="LOC_CARD_AT_EXP_LEGEND_NAPOLEON_REVOLUTIONARY_2_NAME" Description="LOC_CARD_AT_EXP_LEGEND_NAPOLEON_REVOLUTIONARY_2_DESCRIPTION" Icon="LEADER_NAPOLEON_ALT"/>
		<InsertOrIgnore UnlockType="UNLOCK_LEGEND_LEVEL_8_NAPOLEON_REVOLUTIONARY" Name="LOC_CARD_AT_MOD_LEGEND_NAPOLEON_REVOLUTIONARY_1_NAME" Description="LOC_CARD_AT_MOD_LEGEND_NAPOLEON_REVOLUTIONARY_1_DESCRIPTION" Icon="LEADER_NAPOLEON_ALT"/>
		<InsertOrIgnore UnlockType="UNLOCK_LEGEND_LEVEL_8_NAPOLEON_REVOLUTIONARY" Name="LOC_CARD_AT_MOD_LEGEND_NAPOLEON_REVOLUTIONARY_2_NAME" Description="LOC_CARD_AT_MOD_LEGEND_NAPOLEON_REVOLUTIONARY_2_DESCRIPTION" Icon="LEADER_NAPOLEON_ALT"/>
	</UnlockRewards>
	<RequirementSets>
		<Row RequirementSetId="REQSET_LEADER_IS_NAPOLEON_ALT" RequirementSetType="REQUIREMENTSET_TEST_ALL"/>

		<Row RequirementSetId="REQSET_LEGEND_LEVEL_4_NAPOLEON_REVOLUTIONARY" RequirementSetType="REQUIREMENTSET_TEST_ALL"/>
		<Row RequirementSetId="REQSET_LEGEND_LEVEL_8_NAPOLEON_REVOLUTIONARY" RequirementSetType="REQUIREMENTSET_TEST_ALL"/>
	</RequirementSets>
	<Requirements>
		<Row RequirementId="REQ_LEADER_IS_NAPOLEON_ALT" RequirementType="REQUIREMENT_PLAYER_LEADER_TYPE_MATCHES"/>

		<Row RequirementId="REQ_LEGEND_LEVEL_4_NAPOLEON_REVOLUTIONARY" RequirementType="REQUIREMENT_METAPROGRESSION_LEGEND_PATH_LEVEL"/>
		<Row RequirementId="REQ_LEGEND_LEVEL_8_NAPOLEON_REVOLUTIONARY" RequirementType="REQUIREMENT_METAPROGRESSION_LEGEND_PATH_LEVEL"/>
	</Requirements>
	<RequirementArguments>
		<Row RequirementId="REQ_LEADER_IS_NAPOLEON_ALT" Name="LeaderType" Value="LEADER_NAPOLEON_ALT"/>

		<Row RequirementId="REQ_LEGEND_LEVEL_4_NAPOLEON_REVOLUTIONARY" Name="LegendPaths" Value="LEGEND_PATH_NAPOLEON_ALT"/>
		<Row RequirementId="REQ_LEGEND_LEVEL_4_NAPOLEON_REVOLUTIONARY" Name="LevelThreshold" Value="4"/>
		<Row RequirementId="REQ_LEGEND_LEVEL_4_NAPOLEON_REVOLUTIONARY" Name="Amount" Value="1"/>
		<Row RequirementId="REQ_LEGEND_LEVEL_8_NAPOLEON_REVOLUTIONARY" Name="LegendPaths" Value="LEGEND_PATH_NAPOLEON_ALT"/>
		<Row RequirementId="REQ_LEGEND_LEVEL_8_NAPOLEON_REVOLUTIONARY" Name="LevelThreshold" Value="8"/>
		<Row RequirementId="REQ_LEGEND_LEVEL_8_NAPOLEON_REVOLUTIONARY" Name="Amount" Value="1"/>
	</RequirementArguments>
	<RequirementSetRequirements>
		<Row RequirementSetId="REQSET_LEADER_IS_NAPOLEON_ALT" RequirementId="REQ_LEADER_IS_NAPOLEON_ALT"/>

		<Row RequirementSetId="REQSET_LEGEND_LEVEL_4_NAPOLEON_REVOLUTIONARY" RequirementId="REQ_LEADER_IS_NAPOLEON_ALT"/>
		<Row RequirementSetId="REQSET_LEGEND_LEVEL_4_NAPOLEON_REVOLUTIONARY" RequirementId="REQ_LEGEND_LEVEL_4_NAPOLEON_REVOLUTIONARY"/>
		<Row RequirementSetId="REQSET_LEGEND_LEVEL_8_NAPOLEON_REVOLUTIONARY" RequirementId="REQ_LEADER_IS_NAPOLEON_ALT"/>
		<Row RequirementSetId="REQSET_LEGEND_LEVEL_8_NAPOLEON_REVOLUTIONARY" RequirementId="REQ_LEGEND_LEVEL_8_NAPOLEON_REVOLUTIONARY"/>
	</RequirementSetRequirements>
	<UnlockRequirements>
		<InsertOrIgnore UnlockType="UNLOCK_CIVILIZATION_NORMAN" RequirementSetId="REQSET_LEADER_IS_NAPOLEON_ALT" Description="LOC_UNLOCK_PLAY_AS_NAPOLEON_ALT_DESCRIPTION" Tooltip="LOC_UNLOCK_PLAY_AS_NAPOLEON_ALT_NORMAN_TOOLTIP"/>
		<InsertOrIgnore UnlockType="UNLOCK_CIVILIZATION_SPAIN" RequirementSetId="REQSET_LEADER_IS_NAPOLEON_ALT" Description="LOC_UNLOCK_PLAY_AS_NAPOLEON_ALT_DESCRIPTION" Tooltip="LOC_UNLOCK_PLAY_AS_NAPOLEON_ALT_SPAIN_TOOLTIP"/>
		<InsertOrIgnore UnlockType="UNLOCK_CIVILIZATION_FRENCH_EMPIRE" RequirementSetId="REQSET_LEADER_IS_NAPOLEON_ALT" Description="LOC_UNLOCK_PLAY_AS_NAPOLEON_ALT_DESCRIPTION" Tooltip="LOC_UNLOCK_PLAY_AS_NAPOLEON_ALT_FRENCH_EMPIRE_TOOLTIP"/>
		<InsertOrIgnore UnlockType="UNLOCK_CIVILIZATION_PRUSSIA" RequirementSetId="REQSET_LEADER_IS_NAPOLEON_ALT" Description="LOC_UNLOCK_PLAY_AS_NAPOLEON_ALT_DESCRIPTION" Tooltip="LOC_UNLOCK_PLAY_AS_NAPOLEON_ALT_PRUSSIA_TOOLTIP"/>

		<InsertOrIgnore UnlockType="UNLOCK_LEGEND_LEVEL_4_NAPOLEON_REVOLUTIONARY" RequirementSetId="REQSET_LEGEND_LEVEL_4_NAPOLEON_REVOLUTIONARY" Description=""/>
		<InsertOrIgnore UnlockType="UNLOCK_LEGEND_LEVEL_8_NAPOLEON_REVOLUTIONARY" RequirementSetId="REQSET_LEGEND_LEVEL_8_NAPOLEON_REVOLUTIONARY" Description=""/>
	</UnlockRequirements>
</Database>
