<?xml version="1.0" encoding="utf-8"?>
<Database>
	<EnglishText>
		<!--Civilization Traits-->
		<Row Tag="LOC_TRAIT_GREAT_BRITAIN_ABILITY_NAME">
			<Text>Workshop of the World</Text>
		</Row>
		<Row Tag="LOC_CIVILIZATION_GREAT_BRITAIN_DESCRIPTION">
			<Text>+25%[icon:YIELD_GOLD] Gold towards purchasing Buildings and +25%[icon:YIELD_PRODUCTION] Production towards constructing Buildings. It costs 50% more to Convert Towns into Cities.</Text>
		</Row>
		<Row Tag="LOC_TRAIT_GREAT_BRITAIN_ABILITY_DESCRIPTION">
			<Text>[BLIST][LI]+25%[icon:YIELD_GOLD] Gold towards purchasing Buildings and +25%[icon:YIELD_PRODUCTION] Production towards constructing Buildings.[LI]It costs 50% more to Convert Towns into Cities.[LI][B]+30%[icon:YIELD_PRODUCTION] Production [/B]towards constructing [B]Battersea Power Station[/B].[/LIST]</Text>
		</Row>
		<Row Tag="LOC_MOD_CIV_WONDER_PRODUCTION_GREAT_BRITAIN_DESCRIPTION">
			<Text>+30%[icon:YIELD_PRODUCTION] Production from being the Great Britain's associated Wonder.</Text>
		</Row>
	</EnglishText>
</Database>