<?xml version="1.0" encoding="utf-8"?>
<!-- !! DO NOT EDIT THIS FILE !! -->
<!-- This file was automatically generated via the metaprogression generation workflow. -->
<Database>
	<Challenges>
		<Row ChallengeType="CHALLENGE_GREAT_BRITAIN_LEGACY_PATH_ECONOMIC" DNAChallengeID="9c2d06fb-8346-460a-9f7e-d5f84842da75" ChallengeClass="CHALLENGE_CLASS_FOUNDATION" ChallengeCategory="CHALLENGE_CATEGORY_FOUNDATION_CIV_VICTORIES" Difficulty="2" SortIndex="105000" />
		<Row ChallengeType="CHALLENGE_GREAT_BRITAIN_LEGACY_PATH_MILESTONE_COMPLETED" DNAChallengeID="693b887c-711c-4913-87b0-aea8cd258c9a" ChallengeClass="CHALLENGE_CLASS_FOUNDATION" ChallengeCategory="CHALLENGE_CATEGORY_FOUNDATION_CIV_VICTORIES" Difficulty="2" SortIndex="105010" Hidden="true" />
		<Row ChallengeType="CHALLENGE_GREAT_BRITAIN_COMPLETE_BATTERSEA_POWER_STATION" DNAChallengeID="af0f76de-ef36-4ee2-a1c8-51289900295a" ChallengeClass="CHALLENGE_CLASS_FOUNDATION" ChallengeCategory="CHALLENGE_CATEGORY_FOUNDATION_WONDERS" Difficulty="2" SortIndex="105100" />
	</Challenges>
<ChallengesRewards>
		<Row ChallengeType="CHALLENGE_GREAT_BRITAIN_LEGACY_PATH_ECONOMIC" RewardType="XP" Reward="50" />
		<Row ChallengeType="CHALLENGE_GREAT_BRITAIN_COMPLETE_BATTERSEA_POWER_STATION" RewardType="XP" Reward="50" />
	</ChallengesRewards>
	<ChallengeEvents>
		<Row ChallengeEventType="CHALLENGE_EVENT_GREAT_BRITAIN_LEGACY_PATH_ECONOMIC_COMPLETE" DNAEventID="c75e5aff-30ad-4d6b-95c7-505e4dd80190" CompletesChallengeType="CHALLENGE_GREAT_BRITAIN_LEGACY_PATH_ECONOMIC" />
		<Row ChallengeEventType="CHALLENGE_EVENT_GREAT_BRITAIN_LEGACY_PATH_MILESTONE_COMPLETED_COMPLETE" DNAEventID="cbcb71cd-e838-44b5-845d-9c1877cc1585" CompletesChallengeType="CHALLENGE_GREAT_BRITAIN_LEGACY_PATH_MILESTONE_COMPLETED" />
		<Row ChallengeEventType="CHALLENGE_EVENT_GREAT_BRITAIN_COMPLETE_BATTERSEA_POWER_STATION_COMPLETE" DNAEventID="20064e2f-ca5c-4eb1-8a4f-c431aa5c108d" CompletesChallengeType="CHALLENGE_GREAT_BRITAIN_COMPLETE_BATTERSEA_POWER_STATION" />
	</ChallengeEvents>
<ChallengeEventChallengeStatEffects>
	</ChallengeEventChallengeStatEffects>
	<ChallengeCategoryData>
	</ChallengeCategoryData>
</Database>