<?xml version="1.0" encoding="utf-8"?>
<Database>
	<Types>
		<Row Type="MEMENTO_NAPOLEON_REVOLUTIONARY_ARTILLERYMAN_GLOVES" Kind="KIND_MEMENTOS"/>
		<Row Type="MEMENTO_NAPOLEON_REVOLUTIONARY_BICORNE_HAT" Kind="KIND_MEMENTOS"/>
		<Row Type="MEMENTO_NAPOLEON_REVOLUTIONARY_LEGION_DHONNEUR_GRAND_EAGLE_CROSS" Kind="KIND_MEMENTOS"/>
	</Types>
	<Mementos>
		<Row MementoType="MEMENTO_NAPOLEON_REVOLUTIONARY_ARTILLERYMAN_GLOVES" Name="LOC_MEMENTO_NAPOLEON_REVOLUTIONARY_ARTILLERYMAN_GLOVES_NAME" Tag="Military" Region="Unrestricted" Tier="1" Description="LOC_MEMENTO_NAPOLEON_REVOLUTIONARY_ARTILLERYMAN_GLOVES_DESCRIPTION" FunctionalDescription="LOC_MEMENTO_NAPOLEON_REVOLUTIONARY_ARTILLERYMAN_GLOVES_FUNCTIONAL_DESCRIPTION"/>
		<Row MementoType="MEMENTO_NAPOLEON_REVOLUTIONARY_BICORNE_HAT" Name="LOC_MEMENTO_NAPOLEON_REVOLUTIONARY_BICORNE_HAT_NAME" Tag="Military" Region="Unrestricted" Tier="1" Description="LOC_MEMENTO_NAPOLEON_REVOLUTIONARY_BICORNE_HAT_DESCRIPTION" FunctionalDescription="LOC_MEMENTO_NAPOLEON_REVOLUTIONARY_BICORNE_HAT_FUNCTIONAL_DESCRIPTION"/>
		<Row MementoType="MEMENTO_NAPOLEON_REVOLUTIONARY_LEGION_DHONNEUR_GRAND_EAGLE_CROSS" Name="LOC_MEMENTO_NAPOLEON_REVOLUTIONARY_LEGION_DHONNEUR_GRAND_EAGLE_CROSS_NAME" Tag="Military" Region="Unrestricted" Tier="1" Description="LOC_MEMENTO_NAPOLEON_REVOLUTIONARY_LEGION_DHONNEUR_GRAND_EAGLE_CROSS_DESCRIPTION" FunctionalDescription="LOC_MEMENTO_NAPOLEON_REVOLUTIONARY_LEGION_DHONNEUR_GRAND_EAGLE_CROSS_FUNCTIONAL_DESCRIPTION"/>
	</Mementos>
	<MementoModifiers>
		<Row MementoType="MEMENTO_NAPOLEON_REVOLUTIONARY_ARTILLERYMAN_GLOVES" ModifierId="MEMENTO_NAPOLEON_REVOLUTIONARY_ARTILLERYMAN_GLOVES_MODIFIER"/>
		<Row MementoType="MEMENTO_NAPOLEON_REVOLUTIONARY_BICORNE_HAT" ModifierId="MEMENTO_NAPOLEON_REVOLUTIONARY_BICORNE_HAT_MODIFIER"/>
		<Row MementoType="MEMENTO_NAPOLEON_REVOLUTIONARY_LEGION_DHONNEUR_GRAND_EAGLE_CROSS" ModifierId="MEMENTO_NAPOLEON_REVOLUTIONARY_LEGION_DHONNEUR_GRAND_EAGLE_CROSS_MODIFIER_1"/>
	</MementoModifiers>
</Database>