<?xml version="1.0" encoding="utf-8"?>
<GameEffects xmlns="GameEffects">
    <Requirement id="REQ_STORY_LEADER_NAPOLEON_ALT" type="REQUIREMENT_PLAYER_LEADER_TYPE_MATCHES">
        <Argument name="LeaderType">LEADER_NAPOLEON_ALT</Argument>
        <Argument name="AcceptVariation">true</Argument>
    </Requirement>
    <Requirement id="REQ_STORY_LEADER_NAPOLEON_ALT_ONLY" type="REQUIREMENT_PLAYER_LEADER_TYPE_MATCHES">
        <Argument name="LeaderType">LEADER_NAPOLEON_ALT</Argument>
    </Requirement>
</GameEffects>
