<?xml version="1.0" encoding="UTF-8" standalone="yes"?>
<Database>
	<PlayerColors>
		<Row>
			<Type>LEADER_NAPOLEON_ALT</Type>
			<Usage>Unique</Usage>
			<PrimaryColor>COLOR_STANDARD_RED_DK</PrimaryColor>
			<SecondaryColor>COLOR_STANDARD_BLUE_LT</SecondaryColor>
			<Alt1PrimaryColor>COLOR_STANDARD_BLUE_DK</Alt1PrimaryColor>
			<Alt1SecondaryColor>COLOR_STANDARD_RED_MD</Alt1SecondaryColor>
			<Alt2PrimaryColor>COLOR_STANDARD_YELLOW_MD</Alt2PrimaryColor>
			<Alt2SecondaryColor>COLOR_STANDARD_BLUE_DK</Alt2SecondaryColor>
			<Alt3PrimaryColor>COLOR_STANDARD_YELLOW_MD</Alt3PrimaryColor>
			<Alt3SecondaryColor>COLOR_STANDARD_BLUE_MD</Alt3SecondaryColor>
		</Row>
	</PlayerColors>
</Database>