<?xml version="1.0" encoding="utf-8"?>
<!-- !! DO NOT EDIT THIS FILE !! -->
<!-- This file was automatically generated via the metaprogression generation workflow. -->
<Database>
	<Challenges>
		<Row ChallengeType="CHALLENGE_BULGARIA_LEGACY_PATH_MILITARISTIC" DNAChallengeID="29e9ffff-4873-4fab-a31e-1326808a00bc" ChallengeClass="CHALLENGE_CLASS_FOUNDATION" ChallengeCategory="CHALLENGE_CATEGORY_FOUNDATION_CIV_VICTORIES" Difficulty="2" SortIndex="106200" />
		<Row ChallengeType="CHALLENGE_BULGARIA_LEGACY_PATH_MILESTONE_COMPLETED" DNAChallengeID="594d4ba9-ea3e-427d-8b57-96edf7be0ce4" ChallengeClass="CHALLENGE_CLASS_FOUNDATION" ChallengeCategory="CHALLENGE_CATEGORY_FOUNDATION_CIV_VICTORIES" Difficulty="2" SortIndex="106210" Hidden="true" />
		<Row ChallengeType="CHALLENGE_BULGARIA_COMPLETE_RILA_MONASTERY" DNAChallengeID="5ef3ad85-d898-4097-ab72-510fd9f3976f" ChallengeClass="CHALLENGE_CLASS_FOUNDATION" ChallengeCategory="CHALLENGE_CATEGORY_FOUNDATION_WONDERS" Difficulty="2" SortIndex="106300" />
	</Challenges>
<ChallengesRewards>
		<Row ChallengeType="CHALLENGE_BULGARIA_LEGACY_PATH_MILITARISTIC" RewardType="XP" Reward="50" />
		<Row ChallengeType="CHALLENGE_BULGARIA_COMPLETE_RILA_MONASTERY" RewardType="XP" Reward="50" />
	</ChallengesRewards>
	<ChallengeEvents>
		<Row ChallengeEventType="CHALLENGE_EVENT_BULGARIA_LEGACY_PATH_MILITARISTIC_COMPLETE" DNAEventID="8d773c30-4f94-4f94-a881-0f50cd88bbdd" CompletesChallengeType="CHALLENGE_BULGARIA_LEGACY_PATH_MILITARISTIC" />
		<Row ChallengeEventType="CHALLENGE_EVENT_BULGARIA_LEGACY_PATH_MILESTONE_COMPLETED_COMPLETE" DNAEventID="5996aa7f-a27b-4149-9f70-1967269f7a96" CompletesChallengeType="CHALLENGE_BULGARIA_LEGACY_PATH_MILESTONE_COMPLETED" />
		<Row ChallengeEventType="CHALLENGE_EVENT_BULGARIA_COMPLETE_RILA_MONASTERY_COMPLETE" DNAEventID="0eb665f7-501f-424a-b4aa-23fae27d9afd" CompletesChallengeType="CHALLENGE_BULGARIA_COMPLETE_RILA_MONASTERY" />
	</ChallengeEvents>
<ChallengeEventChallengeStatEffects>
	</ChallengeEventChallengeStatEffects>
	<ChallengeCategoryData>
	</ChallengeCategoryData>
</Database>