<?xml version="1.0" encoding="utf-8"?>
<Database>
	<EnglishText>
		<Row Tag="LOC_CARD_AT_MOD_LEGEND_NAPOLEON_REVOLUTIONARY_1_NAME">
			<Text>Napoleon Modern Legend Cultural</Text>
		</Row>
		<Row Tag="LOC_CARD_AT_MOD_LEGEND_NAPOLEON_REVOLUTIONARY_1_DESCRIPTION">
			<Text>For this Age, gain +15% CULTURE[icon:YIELD_CULTURE] at the cost of -10% Science[icon:YIELD_Science]</Text>
		</Row>

		<Row Tag="LOC_CARD_AT_MOD_LEGEND_NAPOLEON_REVOLUTIONARY_2_NAME">
			<Text>Napoleon Modern Legend Militaristic</Text>
		</Row>
		<Row Tag="LOC_CARD_AT_MOD_LEGEND_NAPOLEON_REVOLUTIONARY_2_DESCRIPTION">
			<Text>For this Age, +3 Combat Strength for your Air Units at the cost of -10% Influence[icon:YIELD_DIPLOMACY]</Text>
		</Row>
	</EnglishText>
</Database>