﻿<?xml version="1.0" encoding="utf-8"?>
<Database>
    <EnglishText>
        <Row Tag="LOC_LEADER_CHAIN_1190H_STORYTITLE">
            <Text>The Man of Destiny</Text>
        </Row>
        <Row Tag="LOC_LEADER_CHAIN_1190H_COMPLETION">
            <Text>Napoleon wakes in the night, dreams still clouding his mind. A tiny man, bright red in color, had perched upon his chest and read to him the fate of the world: a world lit by lightning, where men fly and the stars descend to burn the earth.[n][n]The firelight gutters in the low bronze braziers. Napoleon struggles to remember the last part. “As for you,” the dream-man had said, “you will take this world, and…”</Text>
        </Row>
        <Row Tag="LOC_LEADER_CHAIN_1190E_STORYTITLE">
            <Text>The Man of Destiny</Text>
        </Row>
        <Row Tag="LOC_LEADER_CHAIN_1190E_NAME">
            <Text>Infuse it with fresh ideas.</Text>
        </Row>
        <Row Tag="LOC_LEADER_CHAIN_1190E_DESCRIPTION">
            <Text>{1_reward}.</Text>
        </Row>
        <Row Tag="LOC_LEADER_CHAIN_1190E_COMPLETION">
            <Text>New philosophies travel fast, and Napoleon presses their charge to reform his realm.</Text>
        </Row>
        <Row Tag="LOC_LEADER_CHAIN_1190E_IMPERATIVE">
            <Text>Meet all Leaders.</Text>
        </Row>
        <Row Tag="LOC_LEADER_CHAIN_1190F_STORYTITLE">
            <Text>The Man of Destiny</Text>
        </Row>
        <Row Tag="LOC_LEADER_CHAIN_1190F_NAME">
            <Text>Galvanize it with strength.</Text>
        </Row>
        <Row Tag="LOC_LEADER_CHAIN_1190F_DESCRIPTION">
            <Text>{1_reward}.</Text>
        </Row>
        <Row Tag="LOC_LEADER_CHAIN_1190F_COMPLETION">
            <Text>Napoleon distributes his new list of commands. His generals are carefully trained, but at the end of the day, they are but an extension of himself.</Text>
        </Row>
        <Row Tag="LOC_LEADER_CHAIN_1190F_IMPERATIVE">
            <Text>Have 2 Commanders.</Text>
        </Row>
        <Row Tag="LOC_LEADER_CHAIN_1190G_STORYTITLE">
            <Text>The Man of Destiny</Text>
        </Row>
        <Row Tag="LOC_LEADER_CHAIN_1190G_NAME">
            <Text>A dream is but a dream.</Text>
        </Row>
        <Row Tag="LOC_LEADER_CHAIN_1190G_DESCRIPTION">
            <Text>{1_reward} in all Settlements.</Text>
        </Row>
        <Row Tag="LOC_LEADER_CHAIN_1191F_STORYTITLE">
            <Text>Independence</Text>
        </Row>
        <Row Tag="LOC_LEADER_CHAIN_1191F_COMPLETION">
            <Text>“The world is chaos,” the red man of destiny whispers to Bonaparte. And, indeed, the world is full of illogic and superstition – its people follow symbols, rather than ideas.</Text>
        </Row>
        <Row Tag="LOC_LEADER_CHAIN_1191D_STORYTITLE">
            <Text>Independence</Text>
        </Row>
        <Row Tag="LOC_LEADER_CHAIN_1191D_NAME">
            <Text>Revolutions begin at home, in the mind.</Text>
        </Row>
        <Row Tag="LOC_LEADER_CHAIN_1191D_DESCRIPTION">
            <Text>{1_reward}.</Text>
        </Row>
        <Row Tag="LOC_LEADER_CHAIN_1191D_COMPLETION">
            <Text>Napoleon never lacks for ideas, nor do his people. They congregate in homes and in the streets, debating the change they effect on the world.</Text>
        </Row>
        <Row Tag="LOC_LEADER_CHAIN_1191D_IMPERATIVE">
            <Text>Reach 25 Population across all Settlements.</Text>
        </Row>
        <Row Tag="LOC_LEADER_CHAIN_1191E_STORYTITLE">
            <Text>Independence</Text>
        </Row>
        <Row Tag="LOC_LEADER_CHAIN_1191E_NAME">
            <Text>Education is sorely lacking.</Text>
        </Row>
        <Row Tag="LOC_LEADER_CHAIN_1191E_DESCRIPTION">
            <Text>{1_reward} in all Settlements.</Text>
        </Row>
        <Row Tag="LOC_LEADER_CHAIN_1192F_STORYTITLE">
            <Text>Independents</Text>
        </Row>
        <Row Tag="LOC_LEADER_CHAIN_1192F_COMPLETION">
            <Text>“The world is chaos,” the red man of destiny whispers to Bonaparte. And, indeed, the landscape is a patchwork of petty, would-be kings and tyrants. What these smaller powers lack is vision.[n][n]Napoleon, while he may have his shortcomings, does not lack in vision.</Text>
        </Row>
        <Row Tag="LOC_LEADER_CHAIN_1192D_STORYTITLE">
            <Text>Independents</Text>
        </Row>
        <Row Tag="LOC_LEADER_CHAIN_1192D_NAME">
            <Text>Willing or not, they will be brought into our fold.</Text>
        </Row>
        <Row Tag="LOC_LEADER_CHAIN_1192D_DESCRIPTION">
            <Text>{1_reward}.</Text>
        </Row>
        <Row Tag="LOC_LEADER_CHAIN_1192D_COMPLETION">
            <Text>The village forces are no match for Napoleon's well-trained army. Their people, and their goods, now acquiesce to the true authority.</Text>
        </Row>
        <Row Tag="LOC_LEADER_CHAIN_1192D_IMPERATIVE">
            <Text>Capture a Settlement.</Text>
        </Row>
        <Row Tag="LOC_LEADER_CHAIN_1192E_STORYTITLE">
            <Text>Independents</Text>
        </Row>
        <Row Tag="LOC_LEADER_CHAIN_1192E_NAME">
            <Text>Trade is more persuasive than the sword.</Text>
        </Row>
        <Row Tag="LOC_LEADER_CHAIN_1192E_DESCRIPTION">
            <Text>{1_reward}.</Text>
        </Row>
        <Row Tag="LOC_3703_ALTA_STORYTITLE">
            <Text>Forty Centuries</Text>
        </Row>
        <Row Tag="LOC_3703_ALTA_COMPLETION">
            <Text>Gazing at his city from the base of the Great Pyramids, Napoleon sees the full extent of his lands – and those that have yet to submit to his reign. War calls out to him, but greatness may also be achieved through alternative measures.</Text>
        </Row>
        <Row Tag="LOC_3703_ALTB_NAME">
            <Text>Conquest requires preparation.</Text>
        </Row>
        <Row Tag="LOC_3703_ALTB_DESCRIPTION">
            <Text>{1_reward}.</Text>
        </Row>
        <Row Tag="LOC_3703_ALTC_NAME">
            <Text>Bloodshed is not always the answer.</Text>
        </Row>
        <Row Tag="LOC_3703_ALTC_DESCRIPTION">
            <Text>{1_reward}.</Text>
        </Row>
        <Row Tag="LOC_3704_ALTA_STORYTITLE">
            <Text>The Start of Something Great</Text>
        </Row>
        <Row Tag="LOC_3704_ALTA_COMPLETION">
            <Text>The legions of Napoleon stream through the streets of their newest settlement. Now his power resonates across the known world, the first step in a long journey – the foundation of empire that will linger forever.</Text>
        </Row>
        <Row Tag="LOC_3704_ALTB_NAME">
            <Text>This imperial army needs reinforcement.</Text>
        </Row>
        <Row Tag="LOC_3704_ALTB_DESCRIPTION">
            <Text>{1_reward}.</Text>
        </Row>
        <Row Tag="LOC_3704_ALTC_NAME">
            <Text>All must know of this victory.</Text>
        </Row>
        <Row Tag="LOC_3704_ALTC_DESCRIPTION">
            <Text>{1_reward}.</Text>
        </Row>
        <Row Tag="LOC_3705_ALTA_STORYTITLE">
            <Text>A Breach of Privacy</Text>
        </Row>
        <Row Tag="LOC_3705_ALTA_COMPLETION">
            <Text>Napoleon watches his ships disappear beneath the waves, and with them, his letters home – and those of his soldiers. But someone thought to rescue them from a watery fate, and soon these private confessions appear in translation, published by the enemy!</Text>
        </Row>
        <Row Tag="LOC_3705_ALTB_NAME">
            <Text>Such humiliation is unforgivable.</Text>
        </Row>
        <Row Tag="LOC_3705_ALTB_DESCRIPTION">
            <Text>{1_reward}.</Text>
        </Row>
        <Row Tag="LOC_3705_ALTC_NAME">
            <Text>Personal secrets are nothing to be ashamed of.</Text>
        </Row>
        <Row Tag="LOC_3705_ALTC_DESCRIPTION">
            <Text>{1_reward}.</Text>
        </Row>
        <Row Tag="LOC_LEADER_CHAIN_1193F_STORYTITLE">
            <Text>The Next Giant</Text>
        </Row>
        <Row Tag="LOC_LEADER_CHAIN_1193F_COMPLETION">
            <Text>What is greatness in a leader – the ambition to reform society, or the strength to conquer the world? Whatever his path, Napoleon knows that history sits in his hands.</Text>
        </Row>
        <Row Tag="LOC_LEADER_CHAIN_1193D_STORYTITLE">
            <Text>The Next Giant</Text>
        </Row>
        <Row Tag="LOC_LEADER_CHAIN_1193D_NAME">
            <Text>Ideas build empires.</Text>
        </Row>
        <Row Tag="LOC_LEADER_CHAIN_1193D_DESCRIPTION">
            <Text>Story continues.</Text>
        </Row>
        <Row Tag="LOC_LEADER_CHAIN_1193E_STORYTITLE">
            <Text>The Next Giant</Text>
        </Row>
        <Row Tag="LOC_LEADER_CHAIN_1193E_NAME">
            <Text>Ready the cannons.</Text>
        </Row>
        <Row Tag="LOC_LEADER_CHAIN_1193E_DESCRIPTION">
            <Text>Story continues.</Text>
        </Row>
        <Row Tag="LOC_LEADER_CHAIN_1194F_STORYTITLE">
            <Text>A Mass for the Masses</Text>
        </Row>
        <Row Tag="LOC_LEADER_CHAIN_1194F_COMPLETION">
            <Text>In the temple halls, the songs of the priests ring out, and the faithful gather. Napoleon sits in the back, dressed plainly, watching and listening. In the front, a man weeps disconsolately, overcome by emotion. “What do you think of all this?” his advisor whispers.</Text>
        </Row>
        <Row Tag="LOC_LEADER_CHAIN_1194D_STORYTITLE">
            <Text>A Mass for the Masses</Text>
        </Row>
        <Row Tag="LOC_LEADER_CHAIN_1194D_NAME">
            <Text>All benefit from purpose, divine or secular.</Text>
        </Row>
        <Row Tag="LOC_LEADER_CHAIN_1194D_DESCRIPTION">
            <Text>{1_reward}.</Text>
        </Row>
        <Row Tag="LOC_LEADER_CHAIN_1194D_COMPLETION">
            <Text>Temples across the realm open their doors to the masses. From their sermons, all find meaning in their lives, and encouragement to stay the course of Napoleon's reign.</Text>
        </Row>
        <Row Tag="LOC_LEADER_CHAIN_1194D_IMPERATIVE">
            <Text>Have 3 Temples.</Text>
        </Row>
        <Row Tag="LOC_LEADER_CHAIN_1194E_STORYTITLE">
            <Text>A Mass for the Masses</Text>
        </Row>
        <Row Tag="LOC_LEADER_CHAIN_1194E_NAME">
            <Text>This is but a quaint curiosity.</Text>
        </Row>
        <Row Tag="LOC_LEADER_CHAIN_1194E_DESCRIPTION">
            <Text>{1_reward}.</Text>
        </Row>
        <Row Tag="LOC_LEADER_CHAIN_1195D_STORYTITLE">
            <Text>The Ends of the Earth</Text>
        </Row>
        <Row Tag="LOC_LEADER_CHAIN_1195D_COMPLETION">
            <Text>Napoleon's stablehand has had too much to drink. He begins a litany of complaints to all who can hear: "The things I have picked out of Marengo’s hooves? Thorns. Ice. Red clay. White clay. Nails. Bullets. Once – a live tarantula! Quelle malchance! What will be next?”</Text>
        </Row>
        <Row Tag="LOC_LEADER_CHAIN_1195C_STORYTITLE">
            <Text>The Ends of the Earth</Text>
        </Row>
        <Row Tag="LOC_LEADER_CHAIN_1195C_NAME">
            <Text>Close.</Text>
        </Row>
        <Row Tag="LOC_LEADER_CHAIN_1195C_DESCRIPTION">
            <Text>{1_reward} in all Settlements.</Text>
        </Row>
        <Row Tag="LOC_LEADER_CHAIN_1195C_COMPLETION">
            <Text>Caravans and ships alike bear trade goods to Napoleon's realm. Ideas accompany them, taking root across the empire.</Text>
        </Row>
        <Row Tag="LOC_LEADER_CHAIN_1195C_IMPERATIVE">
            <Text>Gather 4 Resources in Distant Lands.</Text>
        </Row>
        <Row Tag="LOC_LEADER_CHAIN_1196F_STORYTITLE">
            <Text>Le Petit Caporal</Text>
        </Row>
        <Row Tag="LOC_LEADER_CHAIN_1196F_COMPLETION">
            <Text>Neither harsh terrain nor stormy weather can halt the spread of Bonaparte's power. His army marches onward, enthralled by his command, seeking only to satisfy his grand vision of dominance.</Text>
        </Row>
        <Row Tag="LOC_LEADER_CHAIN_1196D_STORYTITLE">
            <Text>Le Petit Caporal</Text>
        </Row>
        <Row Tag="LOC_LEADER_CHAIN_1196D_NAME">
            <Text>War is but an opportunity for greatness.</Text>
        </Row>
        <Row Tag="LOC_LEADER_CHAIN_1196D_DESCRIPTION">
            <Text>{1_reward}.</Text>
        </Row>
        <Row Tag="LOC_LEADER_CHAIN_1196D_COMPLETION">
            <Text>On a hill above the battlefield, Napoleon inhales the smoke of battle. He listens to the din of war. He watches his precise commands manifest on the field. And he smiles as shouted orders become cries of victory.</Text>
        </Row>
        <Row Tag="LOC_LEADER_CHAIN_1196D_IMPERATIVE">
            <Text>Capture a Settlement in Distant Lands.</Text>
        </Row>
        <Row Tag="LOC_LEADER_CHAIN_1196E_STORYTITLE">
            <Text>Le Petit Caporal</Text>
        </Row>
        <Row Tag="LOC_LEADER_CHAIN_1196E_NAME">
            <Text>War serves to spread ideas.</Text>
        </Row>
        <Row Tag="LOC_LEADER_CHAIN_1196E_DESCRIPTION">
            <Text>{1_reward}.</Text>
        </Row>
        <Row Tag="LOC_LEADER_CHAIN_1197D_STORYTITLE">
            <Text>The Artilleryman</Text>
        </Row>
        <Row Tag="LOC_LEADER_CHAIN_1197D_COMPLETION">
            <Text>The cannon thunder echoes off of the distant cliffs. Bonaparte looks on, a faint twitch at the corner of his mouth betraying his pleasure. “Larger?” his engineer asks. “No,” responds the First Consul. “More."</Text>
        </Row>
        <Row Tag="LOC_LEADER_CHAIN_1197C_STORYTITLE">
            <Text>The Artilleryman</Text>
        </Row>
        <Row Tag="LOC_LEADER_CHAIN_1197C_NAME">
            <Text>Close.</Text>
        </Row>
        <Row Tag="LOC_LEADER_CHAIN_1197C_DESCRIPTION">
            <Text>{1_reward} in all Settlements.</Text>
        </Row>
        <Row Tag="LOC_LEADER_CHAIN_1197C_COMPLETION">
            <Text>Napoleon examines the new bombards carefully. These will do wonders on the battlefield, and change the face of war.</Text>
        </Row>
        <Row Tag="LOC_LEADER_CHAIN_1197C_IMPERATIVE">
            <Text>Train 3 Bombards.</Text>
        </Row>
        <Row Tag="LOC_3706_ALTA_STORYTITLE">
            <Text>An Innocent Victim</Text>
        </Row>
        <Row Tag="LOC_3706_ALTA_COMPLETION">
            <Text>Councillors pause their hot debate over the construction of new bridge to watch Napoleon's small knife at work. As he listens, queries, and argues, the blade channels his energy, disappearing into the arm of his chair again and again. One fellow, staring at the deep gouges, suggests they take a break for the sake of everyone's nerves. "Nonsense," Napoleon waves him off. "Now where do we stand on surgeons?"</Text>
        </Row>
        <Row Tag="LOC_3706_ALTB_NAME">
            <Text>The bridge issue should be resolved first.</Text>
        </Row>
        <Row Tag="LOC_3706_ALTB_DESCRIPTION">
            <Text>{1_reward}.</Text>
        </Row>
        <Row Tag="LOC_3706_ALTC_NAME">
            <Text>About those surgeons…</Text>
        </Row>
        <Row Tag="LOC_3706_ALTC_DESCRIPTION">
            <Text>{1_reward}.</Text>
        </Row>
        <Row Tag="LOC_3707_ALTA_STORYTITLE">
            <Text>The Traveling Library</Text>
        </Row>
        <Row Tag="LOC_3707_ALTA_COMPLETION">
            <Text>Aides-de-camp stand to attention in the commander's tent as Napoleon peers into one of many large mahogany boxes. He runs his fingers across its velvet lining, then along the leather spines of the books within. Ignoring the panting soldiers depositing the final crate of tomes, he shakes his head. He is surrounded by hundreds of books – but such an inquisitive mind requires thousands.</Text>
        </Row>
        <Row Tag="LOC_3707_ALTB_NAME">
            <Text>More books mean more boxes.</Text>
        </Row>
        <Row Tag="LOC_3707_ALTB_DESCRIPTION">
            <Text>{1_reward}.</Text>
        </Row>
        <Row Tag="LOC_3707_ALTC_NAME">
            <Text>A new set must be published, with smaller print and no margins.</Text>
        </Row>
        <Row Tag="LOC_3707_ALTC_DESCRIPTION">
            <Text>{1_reward}.</Text>
        </Row>
        <Row Tag="LOC_3708_ALTA_STORYTITLE">
            <Text>Local Religions</Text>
        </Row>
        <Row Tag="LOC_3708_ALTA_COMPLETION">
            <Text>Napoleon parades through the streets of the conquered city. Its citizens watch in silence, worried for their futures and what will become of their traditions. Local religious leaders beg that their beliefs, at least, remain intact.</Text>
        </Row>
        <Row Tag="LOC_3708_ALTB_NAME">
            <Text>Why change what makes the people happy?</Text>
        </Row>
        <Row Tag="LOC_3708_ALTB_DESCRIPTION">
            <Text>{1_reward}.</Text>
        </Row>
        <Row Tag="LOC_3708_ALTC_NAME">
            <Text>All beliefs must be aligned.</Text>
        </Row>
        <Row Tag="LOC_3708_ALTC_DESCRIPTION">
            <Text>{1_reward}.</Text>
        </Row>
        <Row Tag="LOC_LEADER_CHAIN_1198H_STORYTITLE">
            <Text>The 18th Brumaire</Text>
        </Row>
        <Row Tag="LOC_LEADER_CHAIN_1198H_COMPLETION">
            <Text>Napoleon Bonaparte is a hero for a rational age, where a single man of daring and ambition can stand alone against the forces of reaction – or so the newspapers report. The radical pamphlets tell a different tale: a cosmetic revolution, one where authority hides behind a revolutionary’s cockade. Not a tragedy, but a farce.</Text>
        </Row>
        <Row Tag="LOC_LEADER_CHAIN_1198E_STORYTITLE">
            <Text>The 18th Brumaire</Text>
        </Row>
        <Row Tag="LOC_LEADER_CHAIN_1198E_NAME">
            <Text>Close.</Text>
        </Row>
        <Row Tag="LOC_LEADER_CHAIN_1198E_DESCRIPTION">
            <Text>{1_child_reward}</Text>
        </Row>
        <Row Tag="LOC_LEADER_CHAIN_1198E_COMPLETION">
            <Text>Stories capture the deeds of history. But stories may also be rewritten, and the only narrative that matters to Napoleon is the one he pens himself.</Text>
        </Row>
        <Row Tag="LOC_LEADER_CHAIN_1198E_IMPERATIVE">
            <Text>Build a Wonder.</Text>
        </Row>
        <Row Tag="LOC_LEADER_CHAIN_1198F_STORYTITLE">
            <Text>The 18th Brumaire</Text>
        </Row>
        <Row Tag="LOC_LEADER_CHAIN_1198F_NAME">
            <Text>Close.</Text>
        </Row>
        <Row Tag="LOC_LEADER_CHAIN_1198F_DESCRIPTION">
            <Text>{1_reward}.</Text>
        </Row>
        <Row Tag="LOC_LEADER_CHAIN_1198G_STORYTITLE">
            <Text>The 18th Brumaire</Text>
        </Row>
        <Row Tag="LOC_LEADER_CHAIN_1198G_NAME">
            <Text>Close.</Text>
        </Row>
        <Row Tag="LOC_LEADER_CHAIN_1198G_DESCRIPTION">
            <Text>{1_reward} and enter a Celebration.</Text>
        </Row>
        <Row Tag="LOC_LEADER_CHAIN_1199H_STORYTITLE">
            <Text>The 11th Frimaire</Text>
        </Row>
        <Row Tag="LOC_LEADER_CHAIN_1199H_COMPLETION">
            <Text>Napoleon Bonaparte, the self-made emperor, a monarch stripped bare of the finery of monarchy down to the bones of niter and lead. The crown he wears is one he placed upon his own head.</Text>
        </Row>
        <Row Tag="LOC_LEADER_CHAIN_1199E_STORYTITLE">
            <Text>The 11th Frimaire</Text>
        </Row>
        <Row Tag="LOC_LEADER_CHAIN_1199E_NAME">
            <Text>Close.</Text>
        </Row>
        <Row Tag="LOC_LEADER_CHAIN_1199E_DESCRIPTION">
            <Text>{1_child_reward}</Text>
        </Row>
        <Row Tag="LOC_LEADER_CHAIN_1199E_COMPLETION">
            <Text>Napoleon's army is no longer bound to the earth. Now explosions rain down from the skies, raining fire upon the world – Bonaparte's world.</Text>
        </Row>
        <Row Tag="LOC_LEADER_CHAIN_1199E_IMPERATIVE">
            <Text>Train a Biplane, Trench Fighter, and Bomber.</Text>
        </Row>
        <Row Tag="LOC_LEADER_CHAIN_1199F_STORYTITLE">
            <Text>The 11th Frimaire</Text>
        </Row>
        <Row Tag="LOC_LEADER_CHAIN_1199F_NAME">
            <Text>Close.</Text>
        </Row>
        <Row Tag="LOC_LEADER_CHAIN_1199F_DESCRIPTION">
            <Text>{1_reward}.</Text>
        </Row>
        <Row Tag="LOC_LEADER_CHAIN_1199G_STORYTITLE">
            <Text>The 11th Frimaire</Text>
        </Row>
        <Row Tag="LOC_LEADER_CHAIN_1199G_NAME">
            <Text>Close.</Text>
        </Row>
        <Row Tag="LOC_LEADER_CHAIN_1199G_DESCRIPTION">
            <Text>{1_reward} and enter a Celebration.</Text>
        </Row>
        <Row Tag="LOC_3709_ALTA_STORYTITLE">
            <Text>Master of Winter</Text>
        </Row>
        <Row Tag="LOC_3709_ALTA_COMPLETION">
            <Text>Countless footsteps crunch in the snow as Napoleon's army marches through their newly conquered land. Soldiers marvel at the good weather that accompanied their campaign, and the well-organized supply lines that kept them healthy and fed. Some even argue that the lessons learned from this war are more valuable than the bounty that awaits them in the city.</Text>
        </Row>
        <Row Tag="LOC_3709_ALTB_NAME">
            <Text>This experience will be valuable in future campaigns.</Text>
        </Row>
        <Row Tag="LOC_3709_ALTB_DESCRIPTION">
            <Text>{1_reward}.</Text>
        </Row>
        <Row Tag="LOC_3709_ALTC_NAME">
            <Text>This settlement holds many great works of art…</Text>
        </Row>
        <Row Tag="LOC_3709_ALTC_DESCRIPTION">
            <Text>{1_reward}.</Text>
        </Row>
        <Row Tag="LOC_3710_ALTA_STORYTITLE">
            <Text>A New Code</Text>
        </Row>
        <Row Tag="LOC_3710_ALTA_COMPLETION">
            <Text>Across the French Empire, people practice law according to their own traditions. Some draw from historical codices while others rely on common law. Napoleon has had enough of this chaos. It is time for a single code – a Code civil des Français.</Text>
        </Row>
        <Row Tag="LOC_3710_ALTB_NAME">
            <Text>This process takes time to complete properly.</Text>
        </Row>
        <Row Tag="LOC_3710_ALTB_DESCRIPTION">
            <Text>{1_reward}.</Text>
        </Row>
        <Row Tag="LOC_3710_ALTC_NAME">
            <Text>The sooner these reforms take hold, the better.</Text>
        </Row>
        <Row Tag="LOC_3710_ALTC_DESCRIPTION">
            <Text>{1_reward}.</Text>
        </Row>
        <Row Tag="LOC_3711_ALTA_STORYTITLE">
            <Text>A Modern Deity</Text>
        </Row>
        <Row Tag="LOC_3711_ALTA_COMPLETION">
            <Text>Napoleon stares at the statue before him. An ancient god of war, gifted with his own likeness, gazes back. The representation is exquisite. But the physique is not flattering…nor is its near nudity. As the figure is carried away to the bowels of the palace, never to see the light of day, he compensates the sculptor heartily and sends him on his way.</Text>
        </Row>
        <Row Tag="LOC_3711_ALTB_NAME">
            <Text>The arts speak the truth of human spirit.</Text>
        </Row>
        <Row Tag="LOC_3711_ALTB_DESCRIPTION">
            <Text>{1_reward}.</Text>
        </Row>
        <Row Tag="LOC_3711_ALTC_NAME">
            <Text>One must be careful with wishes.</Text>
        </Row>
        <Row Tag="LOC_3711_ALTC_DESCRIPTION">
            <Text>{1_reward}.</Text>
        </Row>
        <Row Tag="LOC_3712_ALTA_STORYTITLE">
            <Text>No Mere Soldier</Text>
        </Row>
        <Row Tag="LOC_3712_ALTA_COMPLETION">
            <Text>As much as Napoleon surrounds himself with generals, so too does he engage the greatest of learned minds. Science, literature, music, and theology…his expertise in these subjects surprises and delights their masters.</Text>
        </Row>
        <Row Tag="LOC_3712_ALTB_NAME">
            <Text>A scholar-soldier leads by example.</Text>
        </Row>
        <Row Tag="LOC_3712_ALTB_DESCRIPTION">
            <Text>{1_reward}.</Text>
        </Row>
        <Row Tag="LOC_3712_ALTC_NAME">
            <Text>Intellectual pursuits must be available to all.</Text>
        </Row>
        <Row Tag="LOC_3712_ALTC_DESCRIPTION">
            <Text>{1_reward}.</Text>
        </Row>
    </EnglishText>
</Database>
