<?xml version="1.0" encoding="utf-8"?>
<Database>
	<Movies>
		<!-- Defeat movie with civ-specific audio. -->
		<Row MovieType="MOVIE_DEFEAT_BULGARIA" Locale="en_US" Resolution="720" Url="fs://game/age-exploration/movies/DEFEAT_EXPL_720p.webm" Audio="play_wilco_civ_loss_bulgaria" StopAudio="stop_wilco" Subtitles="fs://game/bulgaria/text/subtitles/wilco_civ_exploration_bulgaria_defeat.vtt" UseCoverFitMode="true" />
		<Row MovieType="MOVIE_DEFEAT_BULGARIA" Locale="en_US" Resolution="1080" Url="fs://game/age-exploration/movies/DEFEAT_EXPL_1080p.webm" Audio="play_wilco_civ_loss_bulgaria" StopAudio="stop_wilco" Subtitles="fs://game/bulgaria/text/subtitles/wilco_civ_exploration_bulgaria_defeat.vtt" UseCoverFitMode="true" />


		<!-- Civ-Specific Legacy Path -->
		<!-- (Economic)-->
		<Row MovieType="MOVIE_CIVILIZATION_BULGARIA_LEGACY_ECONOMIC" Locale="en_US" Resolution="720" Url="fs://game/bulgaria/movies/AT_Bulgaria_720p.webm" Audio="play_wilco_civ_economic_bulgaria" StopAudio="stop_wilco" Subtitles="fs://game/bulgaria/text/subtitles/wilco_civ_exploration_bulgaria_legacy_economic.vtt" UseCoverFitMode="true" />
		<Row MovieType="MOVIE_CIVILIZATION_BULGARIA_LEGACY_ECONOMIC" Locale="en_US" Resolution="1080" Url="fs://game/bulgaria/movies/AT_Bulgaria_1080p.webm" Audio="play_wilco_civ_economic_bulgaria" StopAudio="stop_wilco" Subtitles="fs://game/bulgaria/text/subtitles/wilco_civ_exploration_bulgaria_legacy_economic.vtt" UseCoverFitMode="true" />

		<!-- (Military) -->
		<Row MovieType="MOVIE_CIVILIZATION_BULGARIA_LEGACY_MILITARY" Locale="en_US" Resolution="720" Url="fs://game/bulgaria/movies/AT_Bulgaria_720p.webm" Audio="play_wilco_civ_military_bulgaria" StopAudio="stop_wilco" Subtitles="fs://game/bulgaria/text/subtitles/wilco_civ_exploration_bulgaria_legacy_military.vtt" UseCoverFitMode="true" />
		<Row MovieType="MOVIE_CIVILIZATION_BULGARIA_LEGACY_MILITARY" Locale="en_US" Resolution="1080" Url="fs://game/bulgaria/movies/AT_Bulgaria_1080p.webm" Audio="play_wilco_civ_military_bulgaria" StopAudio="stop_wilco" Subtitles="fs://game/bulgaria/text/subtitles/wilco_civ_exploration_bulgaria_legacy_military.vtt" UseCoverFitMode="true" />

		<!-- (Science)-->
		<Row MovieType="MOVIE_CIVILIZATION_BULGARIA_LEGACY_SCIENCE" Locale="en_US" Resolution="720" Url="fs://game/bulgaria/movies/AT_Bulgaria_720p.webm" Audio="play_wilco_civ_science_bulgaria" StopAudio="stop_wilco" Subtitles="fs://game/bulgaria/text/subtitles/wilco_civ_exploration_bulgaria_legacy_science.vtt" UseCoverFitMode="true" />
		<Row MovieType="MOVIE_CIVILIZATION_BULGARIA_LEGACY_SCIENCE" Locale="en_US" Resolution="1080" Url="fs://game/bulgaria/movies/AT_Bulgaria_720p.webm" Audio="play_wilco_civ_science_bulgaria" StopAudio="stop_wilco" Subtitles="fs://game/bulgaria/text/subtitles/wilco_civ_exploration_bulgaria_legacy_science.vtt" UseCoverFitMode="true" />

		<!-- (Culture)-->
		<Row MovieType="MOVIE_CIVILIZATION_BULGARIA_LEGACY_CULTURE" Locale="en_US" Resolution="720" Url="fs://game/bulgaria/movies/AT_Bulgaria_720p.webm" Audio="play_wilco_civ_culture_bulgaria" StopAudio="stop_wilco" Subtitles="fs://game/bulgaria/text/subtitles/wilco_civ_exploration_bulgaria_legacy_culture.vtt" UseCoverFitMode="true" />
		<Row MovieType="MOVIE_CIVILIZATION_BULGARIA_LEGACY_CULTURE" Locale="en_US" Resolution="1080" Url="fs://game/bulgaria/movies/AT_Bulgaria_720p.webm" Audio="play_wilco_civ_culture_bulgaria" StopAudio="stop_wilco" Subtitles="fs://game/bulgaria/text/subtitles/wilco_civ_exploration_bulgaria_legacy_culture.vtt" UseCoverFitMode="true" />
	</Movies>

	<EndGameMovies>
		<!-- Defeats (Civ Specific) -->
		<Row DefeatType="DEFEAT_DEFAULT" CivilizationType="CIVILIZATION_BULGARIA" Priority="450" MovieType="MOVIE_DEFEAT_BULGARIA" />
		<Row DefeatType="DEFEAT_RETIRE" CivilizationType="CIVILIZATION_BULGARIA" Priority="440" MovieType="MOVIE_DEFEAT_BULGARIA" />


		<!-- Age Transition/Legacy Points Victory -->
		<Row CivilizationType="CIVILIZATION_BULGARIA" LastCompletedLegacyPath="LEGACY_PATH_EXPLORATION_ECONOMIC" Priority="200" MovieType="MOVIE_CIVILIZATION_BULGARIA_LEGACY_ECONOMIC" />
		<Row CivilizationType="CIVILIZATION_BULGARIA" LastCompletedLegacyPath="LEGACY_PATH_EXPLORATION_MILITARY" Priority="200" MovieType="MOVIE_CIVILIZATION_BULGARIA_LEGACY_MILITARY" />
		<Row CivilizationType="CIVILIZATION_BULGARIA" LastCompletedLegacyPath="LEGACY_PATH_EXPLORATION_SCIENCE" Priority="200" MovieType="MOVIE_CIVILIZATION_BULGARIA_LEGACY_SCIENCE" />
		<Row CivilizationType="CIVILIZATION_BULGARIA" LastCompletedLegacyPath="LEGACY_PATH_EXPLORATION_CULTURE" Priority="200" MovieType="MOVIE_CIVILIZATION_BULGARIA_LEGACY_CULTURE" />

	</EndGameMovies>
</Database>