<?xml version="1.0" encoding="utf-8"?>
<Database>
	<Types>
		<!--Civ Unique Military-->
		<Row Type="UNIT_BOYAR" Kind="KIND_UNIT"/>
		<Row Type="UNIT_BOYAR_2" Kind="KIND_UNIT"/>
		<Row Type="UNIT_BOYAR_3" Kind="KIND_UNIT"/>
		<!--Civ Unique Civilian-->
		<Row Type="UNIT_BALIK" Kind="KIND_UNIT"/>
		<!--Civ Unique Abilities-->
		<Row Type="ABILITY_BOYAR" Kind="KIND_ABILITY"/>
		<Row Type="ABILITY_BALIK" Kind="KIND_ABILITY"/>
		<Row Type="ABILITY_BALIK_PILLAGE" Kind="KIND_ABILITY"/>
	</Types>
	<Units>
		<!--Civ Unique Military-->
		<Row UnitType="UNIT_BOYAR" Name="LOC_UNIT_BOYAR_NAME" Description="LOC_UNIT_BOYAR_DESCRIPTION" Tier="1" Maintenance="3" BaseSightRange="2" BaseMoves="3" UnitMovementClass="UNIT_MOVEMENT_CLASS_MOUNTED" Domain="DOMAIN_LAND" CoreClass="CORE_CLASS_MILITARY" FormationClass="FORMATION_CLASS_LAND_COMBAT" ZoneOfControl="true" TraitType="TRAIT_BULGARIA"/>
		<Row UnitType="UNIT_BOYAR_2" Name="LOC_UNIT_BOYAR_NAME" Description="LOC_UNIT_BOYAR_2_DESCRIPTION" Tier="2" Maintenance="4" BaseSightRange="2" BaseMoves="3" UnitMovementClass="UNIT_MOVEMENT_CLASS_MOUNTED" Domain="DOMAIN_LAND" CoreClass="CORE_CLASS_MILITARY" FormationClass="FORMATION_CLASS_LAND_COMBAT" ZoneOfControl="true" TraitType="TRAIT_BULGARIA"/>
		<Row UnitType="UNIT_BOYAR_3" Name="LOC_UNIT_BOYAR_NAME" Description="LOC_UNIT_BOYAR_3_DESCRIPTION" Tier="3" Maintenance="5" BaseSightRange="2" BaseMoves="3" UnitMovementClass="UNIT_MOVEMENT_CLASS_MOUNTED" Domain="DOMAIN_LAND" CoreClass="CORE_CLASS_MILITARY" FormationClass="FORMATION_CLASS_LAND_COMBAT" ZoneOfControl="true" TraitType="TRAIT_BULGARIA"/>
		<!--Civ Unique Civilian-->
		<Row UnitType="UNIT_BALIK" Name="LOC_UNIT_BALIK_NAME" Description="LOC_UNIT_BALIK_DESCRIPTION" BaseSightRange="2" BaseMoves="3" UnitMovementClass="UNIT_MOVEMENT_CLASS_FOOT" Domain="DOMAIN_LAND" CoreClass="CORE_CLASS_SUPPORT" FormationClass="FORMATION_CLASS_COMMAND" ZoneOfControl="true" CostProgressionModel="COST_PROGRESSION_PREVIOUS_COPIES" CanEarnExperience="true" CostProgressionParam1="200" TraitType="TRAIT_BULGARIA" PromotionClass="PROMOTION_CLASS_LAND_COMMANDER"/>
	</Units>
	<Unit_Stats>
		<!--Civ Unique Military-->
		<Row UnitType="UNIT_BOYAR" Combat="40"/>
		<Row UnitType="UNIT_BOYAR_2" Combat="45"/>
		<Row UnitType="UNIT_BOYAR_3" Combat="50"/>
		<!--Civ Unique Civilian-->
		<Row UnitType="UNIT_BALIK"/>
	</Unit_Stats>
	<Unit_Costs>
		<!--Civ Unique Military-->
		<Row UnitType="UNIT_BOYAR" YieldType="YIELD_PRODUCTION" Cost="170"/>
		<Row UnitType="UNIT_BOYAR_2" YieldType="YIELD_PRODUCTION" Cost="210"/>
		<Row UnitType="UNIT_BOYAR_3" YieldType="YIELD_PRODUCTION" Cost="260"/>
		<!--Civ Unique Civilian-->
		<Row UnitType="UNIT_BALIK" YieldType="YIELD_PRODUCTION" Cost="40"/>
	</Unit_Costs>
	<UnitUpgrades>
		<!--Civ Unique Military-->
		<Row Unit="UNIT_BOYAR" UpgradeUnit="UNIT_BOYAR_2"/>
		<Row Unit="UNIT_BOYAR_2" UpgradeUnit="UNIT_BOYAR_3"/>
	</UnitUpgrades>
	<UnitReplaces>
		<!--Civ Unique Military-->
		<Row CivUniqueUnitType="UNIT_BOYAR" ReplacesUnitType="UNIT_COURSER"/>
		<Row CivUniqueUnitType="UNIT_BOYAR_2" ReplacesUnitType="UNIT_KNIGHT"/>
		<Row CivUniqueUnitType="UNIT_BOYAR_3" ReplacesUnitType="UNIT_LANCER"/>
		<!--Civ Unique Civilian-->
		<Row CivUniqueUnitType="UNIT_BALIK" ReplacesUnitType="UNIT_ARMY_COMMANDER"/>
	</UnitReplaces>
	<Unit_TransitionRetains>
		<Row UnitType="UNIT_BALIK"/>
	</Unit_TransitionRetains>
	<Tags>
		<!--Civ Unique Military-->
		<Row Tag="UNIT_CLASS_BOYAR" Category="UNIT_CLASS"/>
		<!--Civ Unique Civilian-->
		<Row Tag="UNIT_CLASS_BALIK" Category="UNIT_CLASS"/>
	</Tags>
	<TypeTags>
		<!--Civ Unique Military-->
		<Row Type="UNIT_BOYAR" Tag="UNIT_CLASS_COMBAT"/>
		<Row Type="UNIT_BOYAR" Tag="UNIT_CLASS_MOUNTED"/>
		<Row Type="UNIT_BOYAR" Tag="UNIT_CLASS_CAVALRY"/>
		<Row Type="UNIT_BOYAR" Tag="UNIT_CLASS_BOYAR"/>
		<Row Type="UNIT_BOYAR_2" Tag="UNIT_CLASS_COMBAT"/>
		<Row Type="UNIT_BOYAR_2" Tag="UNIT_CLASS_MOUNTED"/>
		<Row Type="UNIT_BOYAR_2" Tag="UNIT_CLASS_CAVALRY"/>
		<Row Type="UNIT_BOYAR_2" Tag="UNIT_CLASS_BOYAR"/>
		<Row Type="UNIT_BOYAR_3" Tag="UNIT_CLASS_COMBAT"/>
		<Row Type="UNIT_BOYAR_3" Tag="UNIT_CLASS_MOUNTED"/>
		<Row Type="UNIT_BOYAR_3" Tag="UNIT_CLASS_CAVALRY"/>
		<Row Type="UNIT_BOYAR_3" Tag="UNIT_CLASS_BOYAR"/>
		<Row Type="UNIT_BOYAR_3" Tag="UNIT_CLASS_ELITE_CAVALRY"/>
		<!--Civ Unique Civilian-->
		<Row Type="UNIT_BALIK" Tag="UNIT_CLASS_COMMAND"/>
		<Row Type="UNIT_BALIK" Tag="UNIT_CLASS_ARMY_COMMANDER"/>
		<Row Type="UNIT_BALIK" Tag="UNIT_CLASS_BALIK"/>
	</TypeTags>
	<UnitClass_Abilities>
		<Row UnitAbilityType="ABILITY_BOYAR" UnitClassType="UNIT_CLASS_BOYAR"/>
		<Row UnitAbilityType="ABILITY_BALIK" UnitClassType="UNIT_CLASS_BALIK"/>
		<Row UnitAbilityType="ABILITY_BALIK_PILLAGE" UnitClassType="UNIT_CLASS_COMBAT"/>
	</UnitClass_Abilities>
	<UnitAbilities>
		<!--Unique-->
		<Row UnitAbilityType="ABILITY_BOYAR" Name="LOC_UNIT_BOYAR_NAME" Description="LOC_ABILITY_BOYAR_DESCRIPTION"/>
		<Row UnitAbilityType="ABILITY_BALIK" Name="LOC_UNIT_BALIK_NAME" Description="LOC_ABILITY_BALIK_DESCRIPTION"/>
		<Row UnitAbilityType="ABILITY_BALIK_PILLAGE" Name="LOC_UNIT_BALIK_NAME" Description="LOC_ABILITY_BALIK_PILLAGE_DESCRIPTION" Inactive="true"/>
	</UnitAbilities>
	<UnitAbilityModifiers>
		<Row UnitAbilityType="ABILITY_BOYAR" ModifierId="BOYAR_COMBAT"/>
		<Row UnitAbilityType="ABILITY_BOYAR" ModifierId="BOYAR_IGNORE_ROUGH_MOVE"/>
		<Row UnitAbilityType="ABILITY_BOYAR" ModifierId="BOYAR_IGNORE_ROUGH_COMBAT"/>
		<Row UnitAbilityType="ABILITY_BALIK" ModifierId="BALIK_MOD_GRANT_ABILITY_IN_COMMAND_RADIUS"/>
		<Row UnitAbilityType="ABILITY_BALIK_PILLAGE" ModifierId="BALIK_MOD_ADVANCED_PILLAGE"/>
	</UnitAbilityModifiers>
	<Unit_Advisories>
		<Row UnitType="UNIT_BOYAR" AdvisoryClassType="ADVISORY_CLASS_MILITARY"/>
		<Row UnitType="UNIT_BOYAR_2" AdvisoryClassType="ADVISORY_CLASS_MILITARY"/>
		<Row UnitType="UNIT_BOYAR_3" AdvisoryClassType="ADVISORY_CLASS_MILITARY"/>
		<Row UnitType="UNIT_BALIK" AdvisoryClassType="ADVISORY_CLASS_MILITARY"/>
	</Unit_Advisories>
</Database>