<?xml version="1.0" encoding="utf-8"?>
<GameEffects xmlns="GameEffects">
	<Modifier id="METAPROGRESSION_CHALLENGE_NEPAL_LEGACY_PATH_CULTURAL_ACHIEVED" collection="COLLECTION_OWNER" effect="EFFECT_METAPROGRESSION_COMPLETE_CHALLENGE" permanent="true">
		<OwnerRequirements>
			<Requirement type="REQUIREMENT_LEGACY_PATH_COMPLETED">
				<Argument name="LegacyPathType">LEGACY_PATH_MODERN_CULTURE</Argument>
			</Requirement>
			<Requirement type="REQUIREMENT_PLAYER_CIVILIZATION_TYPE_MATCHES">
				<Argument name="CivilizationType">CIVILIZATION_NEPAL</Argument>
			</Requirement>
		</OwnerRequirements>
		<Argument name="Challenge">CHALLENGE_NEPAL_LEGACY_PATH_CULTURAL</Argument>
	</Modifier>
	<Modifier id="METAPROGRESSION_CHALLENGE_NEPAL_LEGACY_PATH_MILESTONE_COMPLETED" collection="COLLECTION_OWNER" effect="EFFECT_METAPROGRESSION_COMPLETE_CHALLENGE" permanent="true">
		<OwnerRequirements>
			<Requirement type="REQUIREMENT_PLAYER_CIVILIZATION_TYPE_MATCHES">
				<Argument name="CivilizationType">CIVILIZATION_NEPAL</Argument>
			</Requirement>
			<Requirement type="REQUIREMENT_LEGACY_PATH_MILESTONE_COMPLETED" />
		</OwnerRequirements>
		<Argument name="Challenge">CHALLENGE_NEPAL_LEGACY_PATH_MILESTONE_COMPLETED</Argument>
	</Modifier>
	<Modifier id="METAPROGRESSION_CHALLENGE_NEPAL_COMPLETE_BOUDHANATH" collection="COLLECTION_OWNER" effect="EFFECT_METAPROGRESSION_COMPLETE_CHALLENGE" permanent="true">
		<OwnerRequirements>
			<Requirement type="REQUIREMENT_PLAYER_CIVILIZATION_TYPE_MATCHES">
				<Argument name="CivilizationType">CIVILIZATION_NEPAL</Argument>
			</Requirement>
			<Requirement type="REQUIREMENT_PLAYER_SPECIFIC_WONDER_BUILT">
				<Argument name="ConstructibleType">WONDER_BOUDHANATH</Argument>
			</Requirement>
		</OwnerRequirements>
		<Argument name="Challenge">CHALLENGE_NEPAL_COMPLETE_BOUDHANATH</Argument>
	</Modifier>
</GameEffects>