<?xml version="1.0" encoding="utf-8"?>
<GameEffects xmlns="GameEffects">
	<!-- ==================================================	-->
	<!--	MODERN							-->
	<!-- ==================================================	-->
	<Modifier id="HIMAL_MOD_MOUNTAIN_CULTURE" collection="COLLECTION_PLAYER_CITIES" effect="EFFECT_CITY_ACTIVATE_CONSTRUCTIBLE_WAREHOUSE_YIELD">
		<Argument name="ConstructibleWarehouseYield">HimalPalaceMountainCulture, HimalCityHallMountainCulture</Argument>
		<String context="Description">LOC_TRADITION_HIMAL_DESCRIPTION</String>
	</Modifier>
	<Modifier id="MAITRI_SANADHI_MOD_ENDEAVOR_DISCOUNT" collection="COLLECTION_OWNER" effect="EFFECT_DIPLOMACY_ADJUST_DIPLOMATIC_ACTION_TYPE_EFFICIENCY">
		<SubjectRequirements>
			<Requirement inverse="true" type="REQUIREMENT_PLAYER_HAS_FEWEST_SETTLEMENTS"/>
		</SubjectRequirements>
		<Argument name="ActionGroupType">DIPLOMACY_ACTION_GROUP_ENDEAVOR</Argument>
		<Argument name="Percent">20</Argument>
		<String context="Description">LOC_TRADITION_MAITRI_SANADHI_DESCRIPTION</String>
	</Modifier>
	<Modifier id="MAITRI_SANADHI_MOD_ENDEAVOR_DISCOUNT_FEWEST_SETTLEMENTS" collection="COLLECTION_OWNER" effect="EFFECT_DIPLOMACY_ADJUST_DIPLOMATIC_ACTION_TYPE_EFFICIENCY">
		<SubjectRequirements>
			<Requirement  type="REQUIREMENT_PLAYER_HAS_FEWEST_SETTLEMENTS"/>
		</SubjectRequirements>
		<Argument name="ActionGroupType">DIPLOMACY_ACTION_GROUP_ENDEAVOR</Argument>
		<Argument name="Percent">50</Argument>
	</Modifier>
	<Modifier id="TUNDIKHEL_MOD_MOUNTAIN_COMBAT_NOT_TERRITORY" collection="COLLECTION_PLAYER_COMBAT" effect="EFFECT_ADJUST_UNIT_STRENGTH_MODIFIER">
		<SubjectRequirements>
			<Requirement type="REQUIREMENT_PLOT_ADJACENT_TERRAIN_TYPE_MATCHES">
				<Argument name="TerrainType">TERRAIN_MOUNTAIN</Argument>
			</Requirement>
			<Requirement inverse="true" type="REQUIREMENT_PLOT_IS_OWNER"/>
		</SubjectRequirements>REQUIREMENT_PLOT_IS_OWNER
		<Argument name="Amount">3</Argument>
		<String context="Preview">LOC_TRADITION_TUNDIKHEL_NAME</String>
		<String context="Description">LOC_TRADITION_TUNDIKHEL_DESCRIPTION</String>
	</Modifier>
	<Modifier id="TUNDIKHEL_MOD_MOUNTAIN_COMBAT_TERRITORY" collection="COLLECTION_PLAYER_COMBAT" effect="EFFECT_ADJUST_UNIT_STRENGTH_MODIFIER">
		<SubjectRequirements>
			<Requirement type="REQUIREMENT_PLOT_ADJACENT_TERRAIN_TYPE_MATCHES">
				<Argument name="TerrainType">TERRAIN_MOUNTAIN</Argument>
			</Requirement>
			<Requirement type="REQUIREMENT_PLOT_IS_OWNER"/>
		</SubjectRequirements>
		<Argument name="Amount">6</Argument>
		<String context="Preview">LOC_TRADITION_TUNDIKHEL_NAME</String>
	</Modifier>
</GameEffects>