<?xml version="1.0" encoding="utf-8"?>
<metaprogression xmlns="Metaprogression">
	<challenges class="CHALLENGE_CLASS_FOUNDATION" category="CHALLENGE_CATEGORY_FOUNDATION_CIV_VICTORIES" legendPath="LEGEND_PATH_FOUNDATION">
		<challenge id="CHALLENGE_GREAT_BRITAIN_LEGACY_PATH_ECONOMIC" scope="Campaign" difficulty="2">
			<l10n>
				<name>Great Britain Legacy Path</name>
				<description>As Great Britain, complete an Economic Legacy Path</description>
			</l10n>
			<sortIndex>105000</sortIndex>
			<reward type="XP" reward="50" />
		</challenge>
		<challenge id="CHALLENGE_GREAT_BRITAIN_LEGACY_PATH_MILESTONE_COMPLETED" scope="Campaign" difficulty="2" hidden="true">
			<l10n>
				<name>Great Britain Legacy Path Milestone</name>
				<description>As Great Britain, reach at least 1 Legacy Path Milestone</description>
			</l10n>
			<sortIndex>105010</sortIndex>
		</challenge>
	</challenges>
	<challenges class="CHALLENGE_CLASS_FOUNDATION" category="CHALLENGE_CATEGORY_FOUNDATION_WONDERS" legendPath="LEGEND_PATH_FOUNDATION">
		<challenge id="CHALLENGE_GREAT_BRITAIN_COMPLETE_BATTERSEA_POWER_STATION" scope="Campaign" difficulty="2">
			<l10n>
				<name>Battersea Power Station</name>
				<description>As Great Britain, complete the Battersea Power Station</description>
			</l10n>
			<sortIndex>105100</sortIndex>
			<reward type="XP" reward="50" />
		</challenge>
	</challenges>
</metaprogression>