<?xml version="1.0" encoding="utf-8"?>
<Database>
	<AdvancedStartCards>
		<!-- Advanced Start -->
		<Row Age="AGE_EXPLORATION" CardSet="ADVANCED_START_EXP_DEFAULT" CardID="STRATEGYCARD_AS_ASHOKA_CONQUEROR_EXPLORATION_1" Name="LOC_CARD_AT_EXP_LEGEND_ASHOKA_CONQUEROR_1_NAME" Description="LOC_CARD_AT_EXP_LEGEND_ASHOKA_CONQUEROR_1_DESCRIPTION" CultureCost="1" CardEffectType1="CARD_EFFECT_EXP_LEADER_INFLUENCE_BOON" CardEffectType2="CARD_EFFECT_EXP_LEADER_COMBAT_BANE" IndividualLimit="1" UniqueLeader="LEADER_ASHOKA_ALT" Unlock="UNLOCK_LEGEND_LEVEL_4_ASHOKA_CONQUEROR" CategorySortOrder="50000"/>
		<Row Age="AGE_EXPLORATION" CardSet="ADVANCED_START_EXP_DEFAULT" CardID="STRATEGYCARD_AS_ASHOKA_CONQUEROR_EXPLORATION_2" Name="LOC_CARD_AT_EXP_LEGEND_ASHOKA_CONQUEROR_2_NAME" Description="LOC_CARD_AT_EXP_LEGEND_ASHOKA_CONQUEROR_2_DESCRIPTION" MilitaristicCost="1" CardEffectType1="CARD_EFFECT_EXP_LEADER_COMBAT_BOON" CardEffectType2="CARD_EFFECT_EXP_LEADER_INFLUENCE_BANE" IndividualLimit="1" UniqueLeader="LEADER_ASHOKA_ALT" Unlock="UNLOCK_LEGEND_LEVEL_4_ASHOKA_CONQUEROR" CategorySortOrder="50000"/>
		<Row Age="AGE_EXPLORATION" CardSet="ADVANCED_START_EXP_DEFAULT" CardID="STRATEGYCARD_AS_HIMIKO_SHAMAN_EXPLORATION_1" Name="LOC_CARD_AT_EXP_LEGEND_HIMIKO_SHAMAN_1_NAME" Description="LOC_CARD_AT_EXP_LEGEND_HIMIKO_SHAMAN_1_DESCRIPTION" CultureCost="1" CardEffectType1="CARD_EFFECT_EXP_LEADER_CULTURE_BOON" CardEffectType2="CARD_EFFECT_EXP_LEADER_SCIENCE_BANE" IndividualLimit="1" UniqueLeader="LEADER_HIMIKO_ALT" Unlock="UNLOCK_LEGEND_LEVEL_4_HIMIKO_SHAMAN" CategorySortOrder="50000"/>
		<Row Age="AGE_EXPLORATION" CardSet="ADVANCED_START_EXP_DEFAULT" CardID="STRATEGYCARD_AS_HIMIKO_SHAMAN_EXPLORATION_2" Name="LOC_CARD_AT_EXP_LEGEND_HIMIKO_SHAMAN_2_NAME" Description="LOC_CARD_AT_EXP_LEGEND_HIMIKO_SHAMAN_2_DESCRIPTION" CultureCost="1" CardEffectType1="CARD_EFFECT_EXP_LEADER_INFLUENCE_BOON" CardEffectType2="CARD_EFFECT_EXP_LEADER_COMBAT_BANE" IndividualLimit="1" UniqueLeader="LEADER_HIMIKO_ALT" Unlock="UNLOCK_LEGEND_LEVEL_4_HIMIKO_SHAMAN" CategorySortOrder="50000"/>

		<!-- Age Transition -->
		<Row Age="AGE_EXPLORATION" CardSet="AGE_TRANSITION_EXP_DEFAULT" CardID="STRATEGYCARD_ASHOKA_CONQUEROR_EXPLORATION_1" Name="LOC_CARD_AT_EXP_LEGEND_ASHOKA_CONQUEROR_1_NAME" Description="LOC_CARD_AT_EXP_LEGEND_ASHOKA_CONQUEROR_1_DESCRIPTION" CultureCost="1" CardEffectType1="CARD_EFFECT_EXP_LEADER_INFLUENCE_BOON" CardEffectType2="CARD_EFFECT_EXP_LEADER_COMBAT_BANE" IndividualLimit="1" UniqueLeader="LEADER_ASHOKA_ALT" Unlock="UNLOCK_LEGEND_LEVEL_4_ASHOKA_CONQUEROR" CategorySortOrder="50000"/>
		<Row Age="AGE_EXPLORATION" CardSet="AGE_TRANSITION_EXP_DEFAULT" CardID="STRATEGYCARD_ASHOKA_CONQUEROR_EXPLORATION_2" Name="LOC_CARD_AT_EXP_LEGEND_ASHOKA_CONQUEROR_2_NAME" Description="LOC_CARD_AT_EXP_LEGEND_ASHOKA_CONQUEROR_2_DESCRIPTION" MilitaristicCost="1" CardEffectType1="CARD_EFFECT_EXP_LEADER_COMBAT_BOON" CardEffectType2="CARD_EFFECT_EXP_LEADER_INFLUENCE_BANE" IndividualLimit="1" UniqueLeader="LEADER_ASHOKA_ALT" Unlock="UNLOCK_LEGEND_LEVEL_4_ASHOKA_CONQUEROR" CategorySortOrder="50000"/>
		<Row Age="AGE_EXPLORATION" CardSet="AGE_TRANSITION_EXP_DEFAULT" CardID="STRATEGYCARD_HIMIKO_SHAMAN_EXPLORATION_1" Name="LOC_CARD_AT_EXP_LEGEND_HIMIKO_SHAMAN_1_NAME" Description="LOC_CARD_AT_EXP_LEGEND_HIMIKO_SHAMAN_1_DESCRIPTION" CultureCost="1" CardEffectType1="CARD_EFFECT_EXP_LEADER_CULTURE_BOON" CardEffectType2="CARD_EFFECT_EXP_LEADER_SCIENCE_BANE" IndividualLimit="1" UniqueLeader="LEADER_HIMIKO_ALT" Unlock="UNLOCK_LEGEND_LEVEL_4_HIMIKO_SHAMAN" CategorySortOrder="50000"/>
		<Row Age="AGE_EXPLORATION" CardSet="AGE_TRANSITION_EXP_DEFAULT" CardID="STRATEGYCARD_HIMIKO_SHAMAN_EXPLORATION_2" Name="LOC_CARD_AT_EXP_LEGEND_HIMIKO_SHAMAN_2_NAME" Description="LOC_CARD_AT_EXP_LEGEND_HIMIKO_SHAMAN_2_DESCRIPTION" CultureCost="1" CardEffectType1="CARD_EFFECT_EXP_LEADER_INFLUENCE_BOON" CardEffectType2="CARD_EFFECT_EXP_LEADER_COMBAT_BANE" IndividualLimit="1" UniqueLeader="LEADER_HIMIKO_ALT" Unlock="UNLOCK_LEGEND_LEVEL_4_HIMIKO_SHAMAN" CategorySortOrder="50000"/>
	</AdvancedStartCards>
</Database>