<?xml version="1.0" encoding="UTF-8" standalone="yes"?>
<Database xmlns="UnlockableRewards">
	<Rewards>
		<Row GameItemID="BADGE_BOLIVAR" DNAItemID="86942cae359b40578dcd96001dcd31ee" CustomData="ba_bolivar" Type="UNLOCKABLEREWARD_TYPE_BADGE" Name="LOC_BADGE_BOLIVAR_NAME" Description="LOC_BADGE_DESCRIPTION" SortIndex="110350"/>
		<Row GameItemID="BADGE_BOLIVAR_P" DNAItemID="cde8e51dc12e4f91805053939f26e6af" CustomData="ba_bolivar_p" Type="UNLOCKABLEREWARD_TYPE_BADGE" Name="LOC_BADGE_BOLIVAR_P_NAME" Description="LOC_BADGE_DESCRIPTION" SortIndex="112250"/>
		<Row GameItemID="BANNER_BOLIVAR" DNAItemID="23230474d1534e818f7e4c30df7d37f5" CustomData="bn_bolivar" Type="UNLOCKABLEREWARD_TYPE_BANNER" Name="LOC_BANNER_BOLIVAR_NAME" Description="LOC_BANNER_DESCRIPTION" SortIndex="100000"/>
		<Row GameItemID="MEMENTO_BOLIVAR_GOLD_SNUFF_BOX" DNAItemID="136e5eb4128b43208be269d323f7fedc" CustomData="mem_min_gold_snuff_box" Type="UNLOCKABLEREWARD_TYPE_MEMENTO" Name="LOC_MEMENTO_BOLIVAR_GOLD_SNUFF_BOX_NAME" Description="LOC_MEMENTO_BOLIVAR_GOLD_SNUFF_BOX_DESCRIPTION" SortIndex="100000"/>
		<Row GameItemID="MEMENTO_BOLIVAR_DAVALOS_MEDAL" DNAItemID="d5d72a60ee9549efa1f816716caf181f" CustomData="mem_min_davalos_medal" Type="UNLOCKABLEREWARD_TYPE_MEMENTO" Name="LOC_MEMENTO_BOLIVAR_DAVALOS_MEDAL_NAME" Description="LOC_MEMENTO_BOLIVAR_DAVALOS_MEDAL_DESCRIPTION" SortIndex="100000"/>
		<Row GameItemID="MEMENTO_BOLIVAR_LETTER_TO_JAMAICA" DNAItemID="3180f7132dc54e30890f5b97da30d31a" CustomData="mem_min_letter_to_jamaica" Type="UNLOCKABLEREWARD_TYPE_MEMENTO" Name="LOC_MEMENTO_BOLIVAR_LETTER_TO_JAMAICA_NAME" Description="LOC_MEMENTO_BOLIVAR_LETTER_TO_JAMAICA_DESCRIPTION" SortIndex="100000"/>
		<Row GameItemID="TITLE_BOLIVAR" DNAItemID="c3fe58756cd845f6915a8e0e7e92f6dd" CustomData="LOC_PROFILE_TITLE_BOLIVAR" Type="UNLOCKABLEREWARD_TYPE_TITLE" Name="LOC_TITLE_BOLIVAR_NAME" Description="LOC_TITLE_DESCRIPTION" SortIndex="100000"/>
		<Row GameItemID="STRATEGYCARD_BOLIVAR_EXPLORATION_1" DNAItemID="ed10c737e4fc4fb0ab47be8290c28db7" CustomData="prof_card" Type="UNLOCKABLEREWARD_TYPE_STRACARD" Name="LOC_STRATEGYCARD_BOLIVAR_EXPLORATION_1_NAME" Description="LOC_STRATEGYCARD_BOLIVAR_EXPLORATION_1_DESCRIPTION" SortIndex="100000"/>
		<Row GameItemID="STRATEGYCARD_BOLIVAR_EXPLORATION_2" DNAItemID="3e7b5ceba44a4db1bbc14de8e5f4b3c3" CustomData="prof_card" Type="UNLOCKABLEREWARD_TYPE_STRACARD" Name="LOC_STRATEGYCARD_BOLIVAR_EXPLORATION_2_NAME" Description="LOC_STRATEGYCARD_BOLIVAR_EXPLORATION_2_DESCRIPTION" SortIndex="100000"/>
		<Row GameItemID="STRATEGYCARD_BOLIVAR_MODERN_1" DNAItemID="21bdffdd1b584d88876f3b11bfcaf4d0" CustomData="prof_card" Type="UNLOCKABLEREWARD_TYPE_STRACARD" Name="LOC_STRATEGYCARD_BOLIVAR_MODERN_1_NAME" Description="LOC_STRATEGYCARD_BOLIVAR_MODERN_1_DESCRIPTION" SortIndex="100000"/>
		<Row GameItemID="STRATEGYCARD_BOLIVAR_MODERN_2" DNAItemID="475a50d6b01a4ced8983a44962578a11" CustomData="prof_card" Type="UNLOCKABLEREWARD_TYPE_STRACARD" Name="LOC_STRATEGYCARD_BOLIVAR_MODERN_2_NAME" Description="LOC_STRATEGYCARD_BOLIVAR_MODERN_2_DESCRIPTION" SortIndex="100000"/>
		<Row GameItemID="STRATEGYCARD_AS_BOLIVAR_EXPLORATION_1" DNAItemID="41d327d1ebda4b5b81a722a6f63ace8e" CustomData="prof_card" Type="UNLOCKABLEREWARD_TYPE_STRACARD" Name="LOC_STRATEGYCARD_BOLIVAR_EXPLORATION_1_NAME" Description="LOC_STRATEGYCARD_BOLIVAR_EXPLORATION_1_DESCRIPTION" SortIndex="100000"/>
		<Row GameItemID="STRATEGYCARD_AS_BOLIVAR_EXPLORATION_2" DNAItemID="ae52330b53034ed0a6087a0b27117644" CustomData="prof_card" Type="UNLOCKABLEREWARD_TYPE_STRACARD" Name="LOC_STRATEGYCARD_BOLIVAR_EXPLORATION_2_NAME" Description="LOC_STRATEGYCARD_BOLIVAR_EXPLORATION_2_DESCRIPTION" SortIndex="100000"/>
		<Row GameItemID="STRATEGYCARD_AS_BOLIVAR_MODERN_1" DNAItemID="e3ed574050b9453fbcc2cf5346247fb9" CustomData="prof_card" Type="UNLOCKABLEREWARD_TYPE_STRACARD" Name="LOC_STRATEGYCARD_BOLIVAR_MODERN_1_NAME" Description="LOC_STRATEGYCARD_BOLIVAR_MODERN_1_DESCRIPTION" SortIndex="100000"/>
		<Row GameItemID="STRATEGYCARD_AS_BOLIVAR_MODERN_2" DNAItemID="d7f6d854eb7841dea2eb6a1fb8eca15f" CustomData="prof_card" Type="UNLOCKABLEREWARD_TYPE_STRACARD" Name="LOC_STRATEGYCARD_BOLIVAR_MODERN_2_NAME" Description="LOC_STRATEGYCARD_BOLIVAR_MODERN_2_DESCRIPTION" SortIndex="100000"/>
		<Row GameItemID="NODE_ATTRIBUTE_EXPANSIONIST_LEGEND_BOLIVAR_L1" DNAItemID="30cb4317dc274432915594581b5cc488" CustomData="prof_attributes" Type="UNLOCKABLEREWARD_TYPE_ATTRINODE" Name="LOC_ATTRIBUTENODE_BOLIVAR_L1_NAME" Description="LOC_ATTRIBUTENODE_BOLIVAR_L1_DESCRIPTION" SortIndex="100000"/>
		<Row GameItemID="NODE_ATTRIBUTE_MILITARISTIC_LEGEND_BOLIVAR_L2" DNAItemID="c3260b9dcde04a06a10ad410b2727131" CustomData="prof_attributes" Type="UNLOCKABLEREWARD_TYPE_ATTRINODE" Name="LOC_ATTRIBUTENODE_BOLIVAR_L2_NAME" Description="LOC_ATTRIBUTENODE_BOLIVAR_L2_DESCRIPTION" SortIndex="100000"/>
	</Rewards>
</Database>