<?xml version="1.0" encoding="utf-8"?>
<Database>
	<Kinds>
		<InsertOrIgnore Kind="KIND_TRAIT"/>
	</Kinds>
	<Types>
		<Row Type="LEADER_NAPOLEON_ALT" Kind="KIND_LEADER"/>
		<Row Type="TRAIT_LEADER_NAPOLEON_ALT_ABILITY" Kind="KIND_TRAIT"/>
	</Types>
	<Leaders>
		<Row LeaderType="LEADER_NAPOLEON_ALT" Name="LOC_LEADER_NAPOLEON_ALT_NAME" IsMajorLeader="true" InheritFrom="LEADER_DEFAULT" BasePersonaType="LEADER_NAPOLEON"/>
	</Leaders>
	<!--NEEDS TO BE MOVED INTO ANTIQUITY, EXPLORATION, AND MODERN FILES
	<LeaderCivPriorities>
		<Row Leader="LEADER_NAPOLEON_ALT" Civilization="CIVILIZATION_EGYPT" Priority="2"/>
		<Row Leader="LEADER_NAPOLEON_ALT" Civilization="CIVILIZATION_ROME" Priority="2"/>
		<Row Leader="LEADER_NAPOLEON_ALT" Civilization="CIVILIZATION_NORMAN" Priority="1"/>
		<Row Leader="LEADER_NAPOLEON_ALT" Civilization="CIVILIZATION_SPAIN" Priority="2"/>
		<Row Leader="LEADER_NAPOLEON_ALT" Civilization="CIVILIZATION_FRENCH_EMPIRE" Priority="4"/>
		<Row Leader="LEADER_NAPOLEON_ALT" Civilization="CIVILIZATION_RUSSIA" Priority="2"/>
	</LeaderCivPriorities>-->
	<LeaderQuotes>
	</LeaderQuotes>
	<AiFavoredItems>
	</AiFavoredItems>
	<Traits>
		<Row TraitType="TRAIT_LEADER_NAPOLEON_ALT_ABILITY" InternalOnly="true" Name="LOC_TRAIT_LEADER_NAPOLEON_ALT_ABILITY_NAME" Description="LOC_TRAIT_LEADER_NAPOLEON_ALT_ABILITY_DESCRIPTION"/>
	</Traits>
	<LeaderTraits>
		<Row LeaderType="LEADER_NAPOLEON_ALT" TraitType="TRAIT_LEADER_NAPOLEON_ALT_ABILITY"/>
		<Row LeaderType="LEADER_NAPOLEON_ALT" TraitType="TRAIT_LEADER_ATTRIBUTE_CULTURAL"/>
		<Row LeaderType="LEADER_NAPOLEON_ALT" TraitType="TRAIT_LEADER_ATTRIBUTE_MILITARISTIC"/>
		<Row LeaderType="LEADER_NAPOLEON_ALT" TraitType="TRAIT_AQ_MILITARY_VICTORY"/>
		<Row LeaderType="LEADER_NAPOLEON_ALT" TraitType="TRAIT_EX_MILITARY_VICTORY"/>
		<Row LeaderType="LEADER_NAPOLEON_ALT" TraitType="TRAIT_MO_MILITARY_VICTORY"/>
	</LeaderTraits>
	<TraitModifiers>
		<Row TraitType="TRAIT_LEADER_NAPOLEON_ALT_ABILITY" ModifierId="NAPOLEON_ALT_MOD_LAND_UNIT_MOVEMENT"/>
		<Row TraitType="TRAIT_LEADER_NAPOLEON_ALT_ABILITY" ModifierId="NAPOLEON_ALT_MOD_CULTURE_ON_UNIT_DEFEAT"/>
		<Row TraitType="TRAIT_LEADER_NAPOLEON_ALT_ABILITY" ModifierId="NAPOLEON_ALT_MOD_AGENDA_CULTURE_FROM_CONQUEST"/>
	</TraitModifiers>
	<TypeQuotes>
		<Row Type="LEADER_NAPOLEON_ALT" Quote="LOC_MAIN_CHAR_SELECT_LEADER_NAPOLEON_ALT_ANY"/>
	</TypeQuotes>
</Database>