<?xml version="1.0" encoding="utf-8"?>
<GameEffects xmlns="GameEffects">
    <Modifier id="LEADER_CHAIN_1198F_NARRATIVE_MODIFIER" collection="COLLECTION_OWNER" effect="EFFECT_PLAYER_ATTRIBUTE" run-once="false" permanent="true">
        <Argument name="AttributeType">ATTRIBUTE_CULTURAL</Argument>
        <Argument name="Amount">1</Argument>
    </Modifier>
    <Modifier id="LEADER_CHAIN_1198G_NARRATIVE_MODIFIER" collection="COLLECTION_OWNER" effect="EFFECT_PLAYER_ATTRIBUTE" run-once="false" permanent="true">
        <Argument name="AttributeType">ATTRIBUTE_CULTURAL</Argument>
        <Argument name="Amount">1</Argument>
    </Modifier>
    <Modifier id="LEADER_CHAIN_1198G_NARRATIVE_MODIFIER2" collection="COLLECTION_OWNER" effect="EFFECT_PLAYER_GRANT_GOLDEN_AGE" run-once="true" permanent="true">
    </Modifier>
    <Modifier id="LEADER_CHAIN_1199F_NARRATIVE_MODIFIER" collection="COLLECTION_OWNER" effect="EFFECT_PLAYER_ATTRIBUTE" run-once="false" permanent="true">
        <Argument name="AttributeType">ATTRIBUTE_MILITARISTIC</Argument>
        <Argument name="Amount">1</Argument>
    </Modifier>
    <Modifier id="LEADER_CHAIN_1199G_NARRATIVE_MODIFIER" collection="COLLECTION_OWNER" effect="EFFECT_PLAYER_ATTRIBUTE" run-once="false" permanent="true">
        <Argument name="AttributeType">ATTRIBUTE_MILITARISTIC</Argument>
        <Argument name="Amount">1</Argument>
    </Modifier>
    <Modifier id="LEADER_CHAIN_1199G_NARRATIVE_MODIFIER2" collection="COLLECTION_OWNER" effect="EFFECT_PLAYER_GRANT_GOLDEN_AGE" run-once="true" permanent="true">
    </Modifier>
    <Modifier id="3709_ALTB_NARRATIVE_MODIFIER" collection="COLLECTION_PLAYER_CITIES" effect="EFFECT_CITY_ADJUST_CONSTRUCTIBLE_YIELD" run-once="false" permanent="true">
        <Argument name="YieldType">YIELD_SCIENCE</Argument>
        <Argument name="Amount" type="ScaleByGameAge" extra="100">1</Argument>
        <Argument name="ConstructibleType">BUILDING_PALACE</Argument>
    </Modifier>
    <Modifier id="3709_ALTC_NARRATIVE_MODIFIER" collection="COLLECTION_PLAYER_CITIES" effect="EFFECT_CITY_ADJUST_CONSTRUCTIBLE_YIELD" run-once="false" permanent="true">
        <Argument name="YieldType">YIELD_GOLD</Argument>
        <Argument name="Amount" type="ScaleByGameAge" extra="100">1</Argument>
        <Argument name="ConstructibleType">BUILDING_PALACE</Argument>
    </Modifier>
    <Modifier id="3710_ALTB_NARRATIVE_MODIFIER" collection="COLLECTION_OWNER" effect="EFFECT_PLAYER_GRANT_YIELD_NARRATIVE" run-once="false" permanent="true">
        <Argument name="YieldType">YIELD_HAPPINESS</Argument>
        <Argument name="MultiplierType">REWARD_TYPE_MEDIUM_LATE</Argument>
    </Modifier>
    <Modifier id="3710_ALTC_NARRATIVE_MODIFIER" collection="COLLECTION_OWNER" effect="EFFECT_PLAYER_GRANT_YIELD_NARRATIVE" run-once="false" permanent="true">
        <Argument name="YieldType">YIELD_CULTURE</Argument>
        <Argument name="MultiplierType">REWARD_TYPE_MEDIUM_LATE</Argument>
    </Modifier>
    <Modifier id="3711_ALTB_NARRATIVE_MODIFIER" collection="COLLECTION_PLAYER_CITIES" effect="EFFECT_CITY_ADJUST_CONSTRUCTIBLE_YIELD" run-once="false" permanent="true">
        <Argument name="YieldType">YIELD_GOLD</Argument>
        <Argument name="Amount" type="ScaleByGameAge" extra="100">1</Argument>
        <Argument name="ConstructibleType">IMPROVEMENT_OPEN_AIR_MUSEUM</Argument>
    </Modifier>
    <Modifier id="3711_ALTC_NARRATIVE_MODIFIER" collection="COLLECTION_PLAYER_CITIES" effect="EFFECT_CITY_ADJUST_CONSTRUCTIBLE_YIELD" run-once="false" permanent="true">
        <Argument name="YieldType">YIELD_CULTURE</Argument>
        <Argument name="Amount" type="ScaleByGameAge" extra="100">1</Argument>
        <Argument name="ConstructibleType">IMPROVEMENT_OPEN_AIR_MUSEUM</Argument>
    </Modifier>
    <Modifier id="3712_ALTB_NARRATIVE_MODIFIER" collection="COLLECTION_OWNER" effect="EFFECT_PLAYER_GRANT_YIELD_NARRATIVE" run-once="false" permanent="true">
        <Argument name="YieldType">YIELD_SCIENCE</Argument>
        <Argument name="MultiplierType">REWARD_TYPE_MAJOR_LATE</Argument>
    </Modifier>
    <Modifier id="3712_ALTC_NARRATIVE_MODIFIER" collection="COLLECTION_OWNER" effect="EFFECT_PLAYER_GRANT_YIELD_NARRATIVE" run-once="false" permanent="true">
        <Argument name="YieldType">YIELD_CULTURE</Argument>
        <Argument name="MultiplierType">REWARD_TYPE_MAJOR_LATE</Argument>
    </Modifier>
    <RequirementSet id="REQSET_LEADER_CHAIN_1198F_NARRATIVE_REQUISITE">
        <Requirement type="REQUIREMENT_PLAYER_HAS_AT_LEAST_NUM_NARRATIVE_TAGS" inverse="true">
            <Argument name="NarrativeTagType">NARRATIVE_TAG_LEADER_CHAIN_A</Argument>
            <Argument name="Amount">4</Argument>
        </Requirement>
    </RequirementSet>
    <RequirementSet id="REQSET_LEADER_CHAIN_1198G_NARRATIVE_REQUISITE">
        <Requirement type="REQUIREMENT_PLAYER_HAS_AT_LEAST_NUM_NARRATIVE_TAGS">
            <Argument name="NarrativeTagType">NARRATIVE_TAG_LEADER_CHAIN_A</Argument>
            <Argument name="Amount">4</Argument>
        </Requirement>
    </RequirementSet>
    <RequirementSet id="REQSET_LEADER_CHAIN_1199F_NARRATIVE_REQUISITE">
        <Requirement type="REQUIREMENT_PLAYER_HAS_AT_LEAST_NUM_NARRATIVE_TAGS" inverse="true">
            <Argument name="NarrativeTagType">NARRATIVE_TAG_LEADER_CHAIN_B</Argument>
            <Argument name="Amount">4</Argument>
        </Requirement>
    </RequirementSet>
    <RequirementSet id="REQSET_LEADER_CHAIN_1199G_NARRATIVE_REQUISITE">
        <Requirement type="REQUIREMENT_PLAYER_HAS_AT_LEAST_NUM_NARRATIVE_TAGS">
            <Argument name="NarrativeTagType">NARRATIVE_TAG_LEADER_CHAIN_B</Argument>
            <Argument name="Amount">4</Argument>
        </Requirement>
    </RequirementSet>
    <RequirementSet id="REQSET_LEADER_CHAIN_1198H_NARRATIVE_REQUISITE">
        <Requirement xref="REQ_STORY_LEADER_NAPOLEON_ALT_ONLY"/>
    </RequirementSet>
    <RequirementSet id="REQSET_LEADER_CHAIN_1199H_NARRATIVE_REQUISITE">
        <Requirement xref="REQ_STORY_LEADER_NAPOLEON_ALT_ONLY"/>
    </RequirementSet>
    <RequirementSet id="REQSET_3709_ALTA_NARRATIVE_REQUISITE">
        <Requirement xref="REQ_STORY_LEADER_NAPOLEON_ALT_ONLY"/>
    </RequirementSet>
    <RequirementSet id="REQSET_3710_ALTA_NARRATIVE_REQUISITE">
        <Requirement xref="REQ_STORY_CIVILIZATION_FRENCH_EMPIRE"/>
        <Requirement xref="REQ_STORY_LEADER_NAPOLEON_ALT_ONLY"/>
    </RequirementSet>
    <RequirementSet id="REQSET_3711_ALTA_NARRATIVE_REQUISITE">
        <Requirement xref="REQ_STORY_LEADER_NAPOLEON_ALT_ONLY"/>
    </RequirementSet>
    <RequirementSet id="REQSET_3712_ALTA_NARRATIVE_REQUISITE">
        <Requirement xref="REQ_STORY_LEADER_NAPOLEON_ALT_ONLY"/>
    </RequirementSet>
    <RequirementSet id="REQSET_LEADER_CHAIN_1198H_NARRATIVE">
        <Requirement type="REQUIREMENT_PLAYER_HAS_AT_LEAST_NUM_NARRATIVE_TAGS">
            <Argument name="NarrativeTagType">NARRATIVE_TAG_LEADER_CHAIN_A</Argument>
            <Argument name="Amount">3</Argument>
        </Requirement>
        <Requirement type="REQUIREMENT_PLAYER_HAS_AT_LEAST_NUM_GOSSIPS">
            <Argument name="GossipTypes">GOSSIP_COMPLETED_PROGRESSION_TREE_NODE01</Argument>
            <Argument name="GOSSIP_COMPLETED_PROGRESSION_TREE_NODE01">Hash,ProgressionTreeNodeType,NODE_TECH_MO_URBANIZATION</Argument>
        </Requirement>
    </RequirementSet>
    <RequirementSet id="REQSET_LEADER_CHAIN_1198E_NARRATIVE">
        <Requirement type="REQUIREMENT_PLAYER_HAS_AT_LEAST_NUM_GOSSIPS">
            <Argument name="GossipTypes">GOSSIP_CONSTRUCT_BUILDING01</Argument>
            <Argument name="GOSSIP_CONSTRUCT_BUILDING01">Hash,IsWonder,True</Argument>
            <Argument name="AfterInit">True</Argument>
        </Requirement>
    </RequirementSet>
    <RequirementSet id="REQSET_LEADER_CHAIN_1199H_NARRATIVE">
        <Requirement type="REQUIREMENT_PLAYER_HAS_AT_LEAST_NUM_NARRATIVE_TAGS">
            <Argument name="NarrativeTagType">NARRATIVE_TAG_LEADER_CHAIN_B</Argument>
            <Argument name="Amount">3</Argument>
        </Requirement>
        <Requirement type="REQUIREMENT_PLAYER_HAS_AT_LEAST_NUM_GOSSIPS">
            <Argument name="GossipTypes">GOSSIP_COMPLETED_PROGRESSION_TREE_NODE01</Argument>
            <Argument name="GOSSIP_COMPLETED_PROGRESSION_TREE_NODE01">Hash,ProgressionTreeNodeType,NODE_TECH_MO_MILITARY_SCIENCE</Argument>
        </Requirement>
    </RequirementSet>
    <RequirementSet id="REQSET_LEADER_CHAIN_1199E_NARRATIVE">
        <Requirement type="REQUIREMENT_PLAYER_HAS_AT_LEAST_NUM_GOSSIPS">
            <Argument name="GossipTypes">GOSSIP_TRAIN_UNIT01,GOSSIP_TRAIN_UNIT02,GOSSIP_TRAIN_UNIT03</Argument>
            <Argument name="GOSSIP_TRAIN_UNIT01">Hash,UnitTypeReplaces,UNIT_BIPLANE</Argument>
            <Argument name="GOSSIP_TRAIN_UNIT02">Hash,UnitTypeReplaces,UNIT_TRENCH_FIGHTER</Argument>
            <Argument name="GOSSIP_TRAIN_UNIT03">Hash,UnitTypeReplaces,UNIT_BOMBER,Numeric,PlayerCount,2</Argument>
            <Argument name="AfterInit">True</Argument>
            <Argument name="Amount">3</Argument>
        </Requirement>
    </RequirementSet>
    <RequirementSet id="REQSET_3709_ALTA_NARRATIVE">
        <Requirement xref="REQ_STORY_LEADER_NAPOLEON_ALT_ONLY"/>
        <Requirement type="REQUIREMENT_PLAYER_HAS_AT_LEAST_NUM_GOSSIPS">
            <Argument name="GossipTypes">GOSSIP_CONQUER_CITY01</Argument>
            <Argument name="GOSSIP_CONQUER_CITY01">Hash,OtherPlayer,Other,Hash,BiomeType,BIOME_TUNDRA</Argument>
        </Requirement>
    </RequirementSet>
    <RequirementSet id="REQSET_3710_ALTA_NARRATIVE">
        <Requirement xref="REQ_STORY_CIVILIZATION_FRENCH_EMPIRE"/>
        <Requirement xref="REQ_STORY_LEADER_NAPOLEON_ALT_ONLY"/>
        <Requirement type="REQUIREMENT_PLAYER_HAS_AT_LEAST_NUM_GOSSIPS">
            <Argument name="GossipTypes">GOSSIP_COMPLETED_PROGRESSION_TREE_NODE01</Argument>
            <Argument name="GOSSIP_COMPLETED_PROGRESSION_TREE_NODE01">Hash,ProgressionTreeNodeType,NODE_CIVIC_MO_CIVIL_DES_FRANCAIS</Argument>
        </Requirement>
    </RequirementSet>
    <RequirementSet id="REQSET_3711_ALTA_NARRATIVE">
        <Requirement xref="REQ_STORY_LEADER_NAPOLEON_ALT_ONLY"/>
        <Requirement type="REQUIREMENT_PLAYER_HAS_AT_LEAST_NUM_GOSSIPS">
            <Argument name="GossipTypes">GOSSIP_CONSTRUCT_BUILDING01</Argument>
            <Argument name="GOSSIP_CONSTRUCT_BUILDING01">Hash,ConstructibleType,IMPROVEMENT_OPEN_AIR_MUSEUM</Argument>
        </Requirement>
    </RequirementSet>
    <RequirementSet id="REQSET_3712_ALTA_NARRATIVE">
        <Requirement xref="REQ_STORY_LEADER_NAPOLEON_ALT_ONLY"/>
        <Requirement type="REQUIREMENT_PLAYER_HAS_AT_LEAST_NUM_GOSSIPS">
            <Argument name="GossipTypes">GOSSIP_CONSTRUCT_BUILDING01,GOSSIP_CONSTRUCT_BUILDING02,GOSSIP_CONSTRUCT_BUILDING03</Argument>
            <Argument name="GOSSIP_CONSTRUCT_BUILDING01">Hash,ConstructibleType,BUILDING_ACADEMY</Argument>
            <Argument name="GOSSIP_CONSTRUCT_BUILDING02">Hash,ConstructibleType,BUILDING_UNIVERSITY</Argument>
            <Argument name="GOSSIP_CONSTRUCT_BUILDING03">Hash,ConstructibleType,BUILDING_MUSEUM</Argument>
            <Argument name="Amount">3</Argument>
        </Requirement>
    </RequirementSet>
</GameEffects>
