<?xml version="1.0" encoding="utf-8"?>
<!-- !! DO NOT EDIT THIS FILE !! -->
<!-- This file was automatically generated via the metaprogression generation workflow. -->
<Database>
	<Challenges>
		<Row ChallengeType="CHALLENGE_NEPAL_LEGACY_PATH_CULTURAL" DNAChallengeID="68b2e327-7ffe-4977-b3d5-c251fed0ac7c" ChallengeClass="CHALLENGE_CLASS_FOUNDATION" ChallengeCategory="CHALLENGE_CATEGORY_FOUNDATION_CIV_VICTORIES" Difficulty="2" SortIndex="106000" />
		<Row ChallengeType="CHALLENGE_NEPAL_LEGACY_PATH_MILESTONE_COMPLETED" DNAChallengeID="0a52f6b9-33dc-48c3-81de-833a8411d464" ChallengeClass="CHALLENGE_CLASS_FOUNDATION" ChallengeCategory="CHALLENGE_CATEGORY_FOUNDATION_CIV_VICTORIES" Difficulty="2" SortIndex="106210" Hidden="true" />
		<Row ChallengeType="CHALLENGE_NEPAL_COMPLETE_BOUDHANATH" DNAChallengeID="5fde237d-eda0-4935-aa7c-cf9d4dc74cc4" ChallengeClass="CHALLENGE_CLASS_FOUNDATION" ChallengeCategory="CHALLENGE_CATEGORY_FOUNDATION_WONDERS" Difficulty="2" SortIndex="106100" />
	</Challenges>
<ChallengesRewards>
		<Row ChallengeType="CHALLENGE_NEPAL_LEGACY_PATH_CULTURAL" RewardType="XP" Reward="50" />
		<Row ChallengeType="CHALLENGE_NEPAL_COMPLETE_BOUDHANATH" RewardType="XP" Reward="50" />
	</ChallengesRewards>
	<ChallengeEvents>
		<Row ChallengeEventType="CHALLENGE_EVENT_NEPAL_LEGACY_PATH_CULTURAL_COMPLETE" DNAEventID="8a674cc7-6d92-433e-a51d-2cb90b356df3" CompletesChallengeType="CHALLENGE_NEPAL_LEGACY_PATH_CULTURAL" />
		<Row ChallengeEventType="CHALLENGE_EVENT_NEPAL_LEGACY_PATH_MILESTONE_COMPLETED_COMPLETE" DNAEventID="ad5c4c67-b419-45ca-a556-00e3e076a28a" CompletesChallengeType="CHALLENGE_NEPAL_LEGACY_PATH_MILESTONE_COMPLETED" />
		<Row ChallengeEventType="CHALLENGE_EVENT_NEPAL_COMPLETE_BOUDHANATH_COMPLETE" DNAEventID="ebeefb47-20b9-49a7-8419-a4023e3e94f2" CompletesChallengeType="CHALLENGE_NEPAL_COMPLETE_BOUDHANATH" />
	</ChallengeEvents>
<ChallengeEventChallengeStatEffects>
	</ChallengeEventChallengeStatEffects>
	<ChallengeCategoryData>
	</ChallengeCategoryData>
</Database>