<?xml version="1.0" encoding="utf-8"?>
<Database>
	<EnglishText>
		<Row Tag="LOC_CARD_AT_MOD_LEGEND_ASHOKA_CONQUEROR_1_NAME">
			<Text>Ashoka Modern Legend Diplomatic</Text>
		</Row>
		<Row Tag="LOC_CARD_AT_MOD_LEGEND_ASHOKA_CONQUEROR_1_DESCRIPTION">
			<Text>For this Age, gain +15% Influence[icon:YIELD_DIPLOMACY] at the cost of -2 Combat Strength for your Air Units</Text>
		</Row>

		<Row Tag="LOC_CARD_AT_MOD_LEGEND_ASHOKA_CONQUEROR_2_NAME">
			<Text>Ashoka Modern Legend Militaristic</Text>
		</Row>
		<Row Tag="LOC_CARD_AT_MOD_LEGEND_ASHOKA_CONQUEROR_2_DESCRIPTION">
			<Text>For this Age, +3 Combat Strength for your Air Units at the cost of -10% Influence[icon:YIELD_DIPLOMACY]</Text>
		</Row>

		<Row Tag="LOC_CARD_AT_MOD_LEGEND_HIMIKO_SHAMAN_1_NAME">
			<Text>Himiko Modern Legend Cultural</Text>
		</Row>
		<Row Tag="LOC_CARD_AT_MOD_LEGEND_HIMIKO_SHAMAN_1_DESCRIPTION">
			<Text>For this Age, gain +15% CULTURE[icon:YIELD_CULTURE] at the cost of -10% Science[icon:YIELD_Science]</Text>
		</Row>

		<Row Tag="LOC_CARD_AT_MOD_LEGEND_HIMIKO_SHAMAN_2_NAME">
			<Text>Himiko Modern Legend Diplomatic</Text>
		</Row>
		<Row Tag="LOC_CARD_AT_MOD_LEGEND_HIMIKO_SHAMAN_2_DESCRIPTION">
			<Text>For this Age, gain +15% Influence[icon:YIELD_DIPLOMACY] at the cost of -2 Combat Strength for your Air Units</Text>
		</Row>
	</EnglishText>
</Database>