<?xml version="1.0" encoding="utf-8"?>
<Database>
	<EnglishText>
		<!-- Ashoka Main Menu Char Select Text-->
		<Row Tag="LOC_MAIN_CHAR_SELECT_LEADER_ASHOKA_ALT_ANY">
			<Text>Let all listen, and be willing to listen to the teachings of all others. </Text>
		</Row>

		<!--Ashoka Statement Text-->
		<Row Tag="LOC_DIPLO_FIRST_MEET_NEAR_INITIATOR_LEADER_ASHOKA_ALT_ANY">
			<Text>I am Ashoka, the great king at the center of the world, and profound sinner.</Text>
		</Row>
		<Row Tag="LOC_DIPLO_FIRST_MEET_NEAR_RECIPIENT_LEADER_ASHOKA_ALT_ANY">
			<Text>I am Ashoka, the great king at the center of the world, and profound sinner.</Text>
		</Row>
		<Row Tag="LOC_DIPLO_FIRST_MEET_NO_MANS_LEADER_ASHOKA_ALT_ANY">
			<Text>I am Ashoka, the great king at the center of the world, and profound sinner.</Text>
		</Row>
		<Row Tag="LOC_DIPLO_DECLARE_WAR_INITIATOR_LEADER_ASHOKA_ALT_ANY">
			<Text>The path of violence is a path that I swore never to take again. But here we are.</Text>
		</Row>
		<Row Tag="LOC_DIPLO_DECLARE_WAR_RECIPIENT_LEADER_ASHOKA_ALT_ANY">
			<Text>Violence echoes across multiple lives, multiple worlds. It will return to you.</Text>
		</Row>
		<Row Tag="LOC_DIPLO_DEFEAT_AI_LEADER_ASHOKA_ALT_ANY">
			<Text>And now, the burning wheel passes over me.</Text>
		</Row>
		<Row Tag="LOC_DIPLO_MAKE_DEAL_ACCEPTED_LEADER_ASHOKA_ALT">
			<Text>The righteous path.</Text>
		</Row>
		<Row Tag="LOC_DIPLO_MAKE_DEAL_REJECTED_LEADER_ASHOKA_ALT">
			<Text>This is "adharma", an error.</Text>
		</Row>
	</EnglishText>
</Database>