<?xml version="1.0" encoding="utf-8"?>
<!-- !! DO NOT EDIT THIS FILE !! -->
<!-- This file was automatically generated via the metaprogression generation workflow. -->
<Database>
    <EnglishText>
		<!-- Challenges -->
		<Row Tag="LOC_METAPROGRESSION_CHALLENGE_GREAT_BRITAIN_LEGACY_PATH_ECONOMIC_NAME">
			<Text>Great Britain Legacy Path</Text>
		</Row>
		<Row Tag="LOC_METAPROGRESSION_CHALLENGE_GREAT_BRITAIN_LEGACY_PATH_ECONOMIC_DESC">
			<Text>As Great Britain, complete an Economic Legacy Path</Text>
		</Row>
		<Row Tag="LOC_METAPROGRESSION_CHALLENGE_GREAT_BRITAIN_COMPLETE_BATTERSEA_POWER_STATION_NAME">
			<Text>Battersea Power Station</Text>
		</Row>
		<Row Tag="LOC_METAPROGRESSION_CHALLENGE_GREAT_BRITAIN_COMPLETE_BATTERSEA_POWER_STATION_DESC">
			<Text>As Great Britain, complete the Battersea Power Station</Text>
		</Row>
	</EnglishText>
</Database>
<!-- !! DO NOT EDIT THIS FILE !! -->
<!-- This file was automatically generated via the metaprogression generation workflow. -->