<?xml version="1.0" encoding="utf-8"?>
<Database>
	<EnglishText>
		<!--Great Britain Unique Units-->
		<Row Tag="LOC_UNIT_REVENGE_NAME">
			<Text>Revenge</Text>
		</Row>
		<Row Tag="LOC_UNIT_REVENGE_BASE_DESCRIPTION">
			<Text>British Unique Heavy Naval Unit. Enemy Units in tiles adjacent to the target take 25% of the total damage done to the target.</Text>
		</Row>
		<Row Tag="LOC_UNIT_REVENGE_DESCRIPTION">
			<Text>Tier 2 British Unique Heavy Naval Unit. Enemy Units in tiles adjacent to the target take 25% of the total damage done to the target.</Text>
		</Row>
		<Row Tag="LOC_UNIT_REVENGE_2_DESCRIPTION">
			<Text>Tier 3 British Unique Heavy Naval Unit. Enemy Units in tiles adjacent to the target take 25% of the total damage done to the target.</Text>
		</Row>
		<Row Tag="LOC_UNIT_ANTIQUARIAN_NAME">
			<Text>Antiquarian</Text>
		</Row>
		<Row Tag="LOC_UNIT_ANTIQUARIAN_DESCRIPTION">
			<Text>British Unique Explorer. +20 [icon:YIELD_CULTURE] Culture for every tile from your Capital when you use Excavate Artifact.</Text>
		</Row>
	</EnglishText>
</Database>