<Database>
	<CivilizationCitizenNames>
		<Row CivilizationType="CIVILIZATION_NEPAL" CitizenName="LOC_CITIZEN_NEPAL_MALE_1"/>
		<Row CivilizationType="CIVILIZATION_NEPAL" CitizenName="LOC_CITIZEN_NEPAL_MALE_2"/>
		<Row CivilizationType="CIVILIZATION_NEPAL" CitizenName="LOC_CITIZEN_NEPAL_MALE_3"/>
		<Row CivilizationType="CIVILIZATION_NEPAL" CitizenName="LOC_CITIZEN_NEPAL_MALE_4"/>
		<Row CivilizationType="CIVILIZATION_NEPAL" CitizenName="LOC_CITIZEN_NEPAL_MALE_5"/>
		<Row CivilizationType="CIVILIZATION_NEPAL" CitizenName="LOC_CITIZEN_NEPAL_MALE_6"/>
		<Row CivilizationType="CIVILIZATION_NEPAL" CitizenName="LOC_CITIZEN_NEPAL_MALE_7"/>
		<Row CivilizationType="CIVILIZATION_NEPAL" CitizenName="LOC_CITIZEN_NEPAL_MALE_8"/>
		<Row CivilizationType="CIVILIZATION_NEPAL" CitizenName="LOC_CITIZEN_NEPAL_MALE_9"/>
		<Row CivilizationType="CIVILIZATION_NEPAL" CitizenName="LOC_CITIZEN_NEPAL_MALE_10"/>
		<Row CivilizationType="CIVILIZATION_NEPAL" CitizenName="LOC_CITIZEN_NEPAL_FEMALE_1" Female="true"/>
		<Row CivilizationType="CIVILIZATION_NEPAL" CitizenName="LOC_CITIZEN_NEPAL_FEMALE_2" Female="true"/>
		<Row CivilizationType="CIVILIZATION_NEPAL" CitizenName="LOC_CITIZEN_NEPAL_FEMALE_3" Female="true"/>
		<Row CivilizationType="CIVILIZATION_NEPAL" CitizenName="LOC_CITIZEN_NEPAL_FEMALE_4" Female="true"/>
		<Row CivilizationType="CIVILIZATION_NEPAL" CitizenName="LOC_CITIZEN_NEPAL_FEMALE_5" Female="true"/>
		<Row CivilizationType="CIVILIZATION_NEPAL" CitizenName="LOC_CITIZEN_NEPAL_FEMALE_6" Female="true"/>
		<Row CivilizationType="CIVILIZATION_NEPAL" CitizenName="LOC_CITIZEN_NEPAL_FEMALE_7" Female="true"/>
		<Row CivilizationType="CIVILIZATION_NEPAL" CitizenName="LOC_CITIZEN_NEPAL_FEMALE_8" Female="true"/>
		<Row CivilizationType="CIVILIZATION_NEPAL" CitizenName="LOC_CITIZEN_NEPAL_FEMALE_9" Female="true"/>
		<Row CivilizationType="CIVILIZATION_NEPAL" CitizenName="LOC_CITIZEN_NEPAL_FEMALE_10" Female="true"/>
	</CivilizationCitizenNames>
</Database>