<?xml version="1.0" encoding="utf-8"?>
<Database>
	<Movies>
		<!-- Defeat movie with civ-specific audio. -->
		<Row MovieType="MOVIE_DEFEAT_NEPAL" Locale="en_US" Resolution="720" Url="fs://game/age-modern/movies/DEFEAT_MOD_720p.webm" Audio="play_wilco_civ_loss_nepal" StopAudio="stop_wilco" Subtitles="fs://game/nepal/text/subtitles/wilco_civ_modern_nepal_defeat.vtt" UseCoverFitMode="true" />
		<Row MovieType="MOVIE_DEFEAT_NEPAL" Locale="en_US" Resolution="1080" Url="fs://game/age-modern/movies/DEFEAT_MOD_1080p.webm" Audio="play_wilco_civ_loss_nepal" StopAudio="stop_wilco" Subtitles="fs://game/nepal/text/subtitles/wilco_civ_modern_nepal_defeat.vtt" UseCoverFitMode="true" />


		<!-- Civ-Specific Legacy Path -->
		<!-- (Economic)-->
		<Row MovieType="MOVIE_CIVILIZATION_NEPAL_LEGACY_ECONOMIC" Locale="en_US" Resolution="720" Url="fs://game/nepal/movies/AT_Nepal_720p.webm" Audio="play_wilco_civ_economic_nepal" StopAudio="stop_wilco" Subtitles="fs://game/nepal/text/subtitles/wilco_civ_modern_nepal_legacy_economic.vtt" UseCoverFitMode="true" />
		<Row MovieType="MOVIE_CIVILIZATION_NEPAL_LEGACY_ECONOMIC" Locale="en_US" Resolution="1080" Url="fs://game/nepal/movies/AT_Nepal_1080p.webm" Audio="play_wilco_civ_economic_nepal" StopAudio="stop_wilco" Subtitles="fs://game/nepal/text/subtitles/wilco_civ_modern_nepal_legacy_economic.vtt" UseCoverFitMode="true" />

		<!-- (Military) -->
		<Row MovieType="MOVIE_CIVILIZATION_NEPAL_LEGACY_MILITARY" Locale="en_US" Resolution="720" Url="fs://game/nepal/movies/AT_Nepal_720p.webm" Audio="play_wilco_civ_military_nepal" StopAudio="stop_wilco" Subtitles="fs://game/nepal/text/subtitles/wilco_civ_modern_nepal_legacy_military.vtt" UseCoverFitMode="true" />
		<Row MovieType="MOVIE_CIVILIZATION_NEPAL_LEGACY_MILITARY" Locale="en_US" Resolution="1080" Url="fs://game/nepal/movies/AT_Nepal_1080p.webm" Audio="play_wilco_civ_military_nepal" StopAudio="stop_wilco" Subtitles="fs://game/nepal/text/subtitles/wilco_civ_modern_nepal_legacy_military.vtt" UseCoverFitMode="true" />

		<!-- (Science)-->
		<Row MovieType="MOVIE_CIVILIZATION_NEPAL_LEGACY_SCIENCE" Locale="en_US" Resolution="720" Url="fs://game/nepal/movies/AT_Nepal_720p.webm" Audio="play_wilco_civ_science_nepal" StopAudio="stop_wilco" Subtitles="fs://game/nepal/text/subtitles/wilco_civ_modern_nepal_legacy_science.vtt" UseCoverFitMode="true" />
		<Row MovieType="MOVIE_CIVILIZATION_NEPAL_LEGACY_SCIENCE" Locale="en_US" Resolution="1080" Url="fs://game/nepal/movies/AT_Nepal_1080p.webm" Audio="play_wilco_civ_science_nepal" StopAudio="stop_wilco" Subtitles="fs://game/nepal/text/subtitles/wilco_civ_modern_nepal_legacy_science.vtt" UseCoverFitMode="true" />

		<!-- (Culture)-->
		<Row MovieType="MOVIE_CIVILIZATION_NEPAL_LEGACY_CULTURE" Locale="en_US" Resolution="720" Url="fs://game/nepal/movies/AT_Nepal_720p.webm" Audio="play_wilco_civ_culture_nepal" StopAudio="stop_wilco" Subtitles="fs://game/nepal/text/subtitles/wilco_civ_modern_nepal_legacy_culture.vtt" UseCoverFitMode="true" />
		<Row MovieType="MOVIE_CIVILIZATION_NEPAL_LEGACY_CULTURE" Locale="en_US" Resolution="1080" Url="fs://game/nepal/movies/AT_Nepal_1080p.webm" Audio="play_wilco_civ_culture_nepal" StopAudio="stop_wilco" Subtitles="fs://game/nepal/text/subtitles/wilco_civ_modern_nepal_legacy_culture.vtt" UseCoverFitMode="true" />
	</Movies>

	<EndGameMovies>
		<!-- Defeats (Civ Specific) -->
		<Row DefeatType="DEFEAT_DEFAULT" CivilizationType="CIVILIZATION_NEPAL" Priority="450" MovieType="MOVIE_DEFEAT_NEPAL" />
		<Row DefeatType="DEFEAT_RETIRE" CivilizationType="CIVILIZATION_NEPAL" Priority="440" MovieType="MOVIE_DEFEAT_NEPAL" />


		<!-- Age Transition/Legacy Points Victory -->
		<Row CivilizationType="CIVILIZATION_NEPAL" LastCompletedLegacyPath="LEGACY_PATH_MODERN_ECONOMIC" Priority="200" MovieType="MOVIE_CIVILIZATION_NEPAL_LEGACY_ECONOMIC" />
		<Row CivilizationType="CIVILIZATION_NEPAL" LastCompletedLegacyPath="LEGACY_PATH_MODERN_MILITARY" Priority="200" MovieType="MOVIE_CIVILIZATION_NEPAL_LEGACY_MILITARY" />
		<Row CivilizationType="CIVILIZATION_NEPAL" LastCompletedLegacyPath="LEGACY_PATH_MODERN_SCIENCE" Priority="200" MovieType="MOVIE_CIVILIZATION_NEPAL_LEGACY_SCIENCE" />
		<Row CivilizationType="CIVILIZATION_NEPAL" LastCompletedLegacyPath="LEGACY_PATH_MODERN_CULTURE" Priority="200" MovieType="MOVIE_CIVILIZATION_NEPAL_LEGACY_CULTURE" />

	</EndGameMovies>
</Database>