<?xml version="1.0" encoding="utf-8"?>
<!-- !! DO NOT EDIT THIS FILE !! -->
<!-- This file was automatically generated via the metaprogression generation workflow. -->
<Database>
    <EnglishText>
		<!-- Challenges -->
		<Row Tag="LOC_METAPROGRESSION_CHALLENGE_ASSYRIA_LEGACY_PATH_SCIENTIFIC_NAME">
			<Text>Assyria Legacy Path</Text>
		</Row>
		<Row Tag="LOC_METAPROGRESSION_CHALLENGE_ASSYRIA_LEGACY_PATH_SCIENTIFIC_DESC">
			<Text>As Assyria, complete a Scientific Legacy Path</Text>
		</Row>
		<Row Tag="LOC_METAPROGRESSION_CHALLENGE_ASSYRIA_COMPLETE_DUR_SHARRUKIN_NAME">
			<Text>Dur-Sharrukin</Text>
		</Row>
		<Row Tag="LOC_METAPROGRESSION_CHALLENGE_ASSYRIA_COMPLETE_DUR_SHARRUKIN_DESC">
			<Text>As Assyria, complete the Dur-Sharrukin</Text>
		</Row>
	</EnglishText>
</Database>
<!-- !! DO NOT EDIT THIS FILE !! -->
<!-- This file was automatically generated via the metaprogression generation workflow. -->