<?xml version="1.0" encoding="utf-8"?>
<!-- !! DO NOT EDIT THIS FILE !! -->
<!-- This file was automatically generated via the metaprogression generation workflow. -->
<Database>
	<LegendPaths>
		<Row LegendPathType="LEGEND_PATH_FRIEDRICH_ALT" LegendPathName="LOC_LEADER_FRIEDRICH_ALT_NAME" DNAChallengeStatisticID="adf2bd6c-8eeb-42b0-ae85-840a230169e1" SortIndex="40" />
		<Row LegendPathType="LEGEND_PATH_XERXES_ALT" LegendPathName="LOC_LEADER_XERXES_ALT_NAME" DNAChallengeStatisticID="3c36587d-a090-4b8d-9e7b-98943bb711e1" SortIndex="40" />
	</LegendPaths>
	<LegendPathsLevels>
		<Row LegendPathType="LEGEND_PATH_FRIEDRICH_ALT" DnaId="4277f935-1e14-4044-bac8-2c13bacebc27" Level="2" Threshold="100" />
		<Row LegendPathType="LEGEND_PATH_FRIEDRICH_ALT" DnaId="69b484cd-6872-4601-80ae-39e32abc371b" Level="3" Threshold="250" />
		<Row LegendPathType="LEGEND_PATH_FRIEDRICH_ALT" DnaId="34191def-3c36-408f-b230-c0a98780f738" Level="4" Threshold="400" />
		<Row LegendPathType="LEGEND_PATH_FRIEDRICH_ALT" DnaId="e5a75b60-feb7-4e1c-8bb4-253ee9adbc84" Level="5" Threshold="550" />
		<Row LegendPathType="LEGEND_PATH_FRIEDRICH_ALT" DnaId="60fae5a5-62eb-4932-b586-622e34a2ae04" Level="6" Threshold="700" />
		<Row LegendPathType="LEGEND_PATH_FRIEDRICH_ALT" DnaId="948a6b76-c609-44ca-a2ef-38b5cadf458f" Level="7" Threshold="850" />
		<Row LegendPathType="LEGEND_PATH_FRIEDRICH_ALT" DnaId="a35a42e8-aca9-4bae-b00c-9709b5f34ebc" Level="8" Threshold="1000" />
		<Row LegendPathType="LEGEND_PATH_FRIEDRICH_ALT" DnaId="859b4b3b-a3fd-434b-909a-9268beb0b4a9" Level="9" Threshold="1150" />
		<Row LegendPathType="LEGEND_PATH_FRIEDRICH_ALT" DnaId="43fa1cb4-ae78-4940-b9e9-211b9dee7732" Level="10" Threshold="1300" />
		<Row LegendPathType="LEGEND_PATH_XERXES_ALT" DnaId="a9bd10ce-64fd-4392-9797-e6db18bbf230" Level="2" Threshold="100" />
		<Row LegendPathType="LEGEND_PATH_XERXES_ALT" DnaId="73edee0a-5c20-45f3-8630-d601565affeb" Level="3" Threshold="250" />
		<Row LegendPathType="LEGEND_PATH_XERXES_ALT" DnaId="0a2befcd-9c74-414f-8dfd-1246d682ad38" Level="4" Threshold="400" />
		<Row LegendPathType="LEGEND_PATH_XERXES_ALT" DnaId="2cbae3ba-666d-47ea-8011-0ff02f0c300d" Level="5" Threshold="550" />
		<Row LegendPathType="LEGEND_PATH_XERXES_ALT" DnaId="a8a96419-4a02-4f96-b352-0c2e996eeb40" Level="6" Threshold="700" />
		<Row LegendPathType="LEGEND_PATH_XERXES_ALT" DnaId="0029c9b4-c06b-4cfe-87d3-f50be86faf7c" Level="7" Threshold="850" />
		<Row LegendPathType="LEGEND_PATH_XERXES_ALT" DnaId="c391a64e-e0c9-4946-bb8f-af4c259f75ae" Level="8" Threshold="1000" />
		<Row LegendPathType="LEGEND_PATH_XERXES_ALT" DnaId="00faa9fa-c0fe-4dcd-b5eb-42e6e3d46dfe" Level="9" Threshold="1150" />
		<Row LegendPathType="LEGEND_PATH_XERXES_ALT" DnaId="4df62c75-0b59-4b24-b1fb-a2bee12446f6" Level="10" Threshold="1300" />
	</LegendPathsLevels>
	<LegendPathsRewards>
		<Row LegendPathType="LEGEND_PATH_FRIEDRICH_ALT" Level="2" Reward="MEMENTO_FRIEDRICH_BAROQUE_FLUTE" />
		<Row LegendPathType="LEGEND_PATH_FRIEDRICH_ALT" Level="3" Reward="NODE_ATTRIBUTE_CULTURAL_LEGEND_FRIEDRICH_ALT_L1" />
		<Row LegendPathType="LEGEND_PATH_FRIEDRICH_ALT" Level="4" Reward="STRATEGYCARD_FRIEDRICH_BAROQUE_EXPLORATION_1" />
		<Row LegendPathType="LEGEND_PATH_FRIEDRICH_ALT" Level="4" Reward="STRATEGYCARD_FRIEDRICH_BAROQUE_EXPLORATION_2" />
		<Row LegendPathType="LEGEND_PATH_FRIEDRICH_ALT" Level="5" Reward="MEMENTO_FRIEDRICH_BAROQUE_VOLTAIRE_EDITS" />
		<Row LegendPathType="LEGEND_PATH_FRIEDRICH_ALT" Level="6" Reward="BANNER_FRIEDRICH_BAROQUE" />
		<Row LegendPathType="LEGEND_PATH_FRIEDRICH_ALT" Level="6" Reward="BADGE_FRIEDRICH_BAROQUE" />
		<Row LegendPathType="LEGEND_PATH_FRIEDRICH_ALT" Level="7" Reward="NODE_ATTRIBUTE_MILITARISTIC_LEGEND_FRIEDRICH_ALT_L2" />
		<Row LegendPathType="LEGEND_PATH_FRIEDRICH_ALT" Level="8" Reward="STRATEGYCARD_FRIEDRICH_BAROQUE_MODERN_1" />
		<Row LegendPathType="LEGEND_PATH_FRIEDRICH_ALT" Level="8" Reward="STRATEGYCARD_FRIEDRICH_BAROQUE_MODERN_2" />
		<Row LegendPathType="LEGEND_PATH_FRIEDRICH_ALT" Level="9" Reward="MEMENTO_FRIEDRICH_BAROQUE_ANTI_MACHIAVEL" />
		<Row LegendPathType="LEGEND_PATH_FRIEDRICH_ALT" Level="10" Reward="TITLE_FRIEDRICH_BAROQUE" />
		<Row LegendPathType="LEGEND_PATH_FRIEDRICH_ALT" Level="10" Reward="BADGE_FRIEDRICH_BAROQUE_P" />
		<Row LegendPathType="LEGEND_PATH_XERXES_ALT" Level="2" Reward="MEMENTO_XERXES_ACHAEMENID_INCENSE_CENSER" />
		<Row LegendPathType="LEGEND_PATH_XERXES_ALT" Level="3" Reward="NODE_ATTRIBUTE_CULTURAL_LEGEND_XERXES_ALT_L1" />
		<Row LegendPathType="LEGEND_PATH_XERXES_ALT" Level="4" Reward="STRATEGYCARD_XERXES_ACHAEMENID_EXPLORATION_1" />
		<Row LegendPathType="LEGEND_PATH_XERXES_ALT" Level="4" Reward="STRATEGYCARD_XERXES_ACHAEMENID_EXPLORATION_2" />
		<Row LegendPathType="LEGEND_PATH_XERXES_ALT" Level="5" Reward="MEMENTO_XERXES_ACHAEMENID_GOLD_FLUTED_PHIALE" />
		<Row LegendPathType="LEGEND_PATH_XERXES_ALT" Level="6" Reward="BANNER_XERXES_ACHAEMENID" />
		<Row LegendPathType="LEGEND_PATH_XERXES_ALT" Level="6" Reward="BADGE_XERXES_ACHAEMENID" />
		<Row LegendPathType="LEGEND_PATH_XERXES_ALT" Level="7" Reward="NODE_ATTRIBUTE_ECONOMIC_LEGEND_XERXES_ALT_L2" />
		<Row LegendPathType="LEGEND_PATH_XERXES_ALT" Level="8" Reward="STRATEGYCARD_XERXES_ACHAEMENID_MODERN_1" />
		<Row LegendPathType="LEGEND_PATH_XERXES_ALT" Level="8" Reward="STRATEGYCARD_XERXES_ACHAEMENID_MODERN_2" />
		<Row LegendPathType="LEGEND_PATH_XERXES_ALT" Level="9" Reward="MEMENTO_XERXES_ACHAEMENID_CHALCEDONY_SEAL" />
		<Row LegendPathType="LEGEND_PATH_XERXES_ALT" Level="10" Reward="TITLE_XERXES_ACHAEMENID" />
		<Row LegendPathType="LEGEND_PATH_XERXES_ALT" Level="10" Reward="BADGE_XERXES_ACHAEMENID_P" />
	</LegendPathsRewards>
	<Challenges>
		<Row ChallengeType="CHALLENGE_FRIEDRICH_ALT_MILITARY_VICTORY_ANTIQUITY" DNAChallengeID="30af5964-a4ca-49c1-ae46-dc4a96d51c52" DNAStatisticID="0f6c5c0f-e7cc-4ec3-9f36-22300e6ac7b4" ChallengeClass="CHALLENGE_CLASS_LEADER" ChallengeCategory="CHALLENGE_CATEGORY_LEADER_FRIEDRICH_ALT" Difficulty="3" SortIndex="49600" />
		<Row ChallengeType="CHALLENGE_FRIEDRICH_ALT_MILITARY_VICTORY_ANTIQUITY_2" DNAChallengeID="57342b6b-8062-4bf5-b35f-d593daa94ee5" DNAStatisticID="0f6c5c0f-e7cc-4ec3-9f36-22300e6ac7b4" ChallengeClass="CHALLENGE_CLASS_LEADER" ChallengeCategory="CHALLENGE_CATEGORY_LEADER_FRIEDRICH_ALT" Difficulty="3" SortIndex="49610" />
		<Row ChallengeType="CHALLENGE_FRIEDRICH_ALT_MILITARY_VICTORY_ANTIQUITY_3" DNAChallengeID="14a906e5-7429-438d-9c5b-1a53c1dbed23" DNAStatisticID="0f6c5c0f-e7cc-4ec3-9f36-22300e6ac7b4" ChallengeClass="CHALLENGE_CLASS_LEADER" ChallengeCategory="CHALLENGE_CATEGORY_LEADER_FRIEDRICH_ALT" Difficulty="3" SortIndex="49620" />
		<Row ChallengeType="CHALLENGE_FRIEDRICH_ALT_ECONOMIC_VICTORY_ANTIQUITY" DNAChallengeID="c857f365-ec86-40ed-947c-b7f8056f4f29" DNAStatisticID="b3d6624f-c769-4321-8466-ab2721370e9d" ChallengeClass="CHALLENGE_CLASS_LEADER" ChallengeCategory="CHALLENGE_CATEGORY_LEADER_FRIEDRICH_ALT" Difficulty="3" SortIndex="49800" />
		<Row ChallengeType="CHALLENGE_FRIEDRICH_ALT_ECONOMIC_VICTORY_ANTIQUITY_2" DNAChallengeID="56362b46-4475-4a83-96e0-0d54f06bcac4" DNAStatisticID="b3d6624f-c769-4321-8466-ab2721370e9d" ChallengeClass="CHALLENGE_CLASS_LEADER" ChallengeCategory="CHALLENGE_CATEGORY_LEADER_FRIEDRICH_ALT" Difficulty="3" SortIndex="49810" />
		<Row ChallengeType="CHALLENGE_FRIEDRICH_ALT_ECONOMIC_VICTORY_ANTIQUITY_3" DNAChallengeID="2039ddfa-7288-460b-af3f-8818e37e68de" DNAStatisticID="b3d6624f-c769-4321-8466-ab2721370e9d" ChallengeClass="CHALLENGE_CLASS_LEADER" ChallengeCategory="CHALLENGE_CATEGORY_LEADER_FRIEDRICH_ALT" Difficulty="3" SortIndex="49820" />
		<Row ChallengeType="CHALLENGE_FRIEDRICH_ALT_MILITARY_VICTORY_EXPLORATION" DNAChallengeID="0dcdf938-4f47-4487-b9ff-ce493149049d" DNAStatisticID="6302579a-4bdf-44fd-9c04-c8307f2673b7" ChallengeClass="CHALLENGE_CLASS_LEADER" ChallengeCategory="CHALLENGE_CATEGORY_LEADER_FRIEDRICH_ALT" Difficulty="3" SortIndex="50200" />
		<Row ChallengeType="CHALLENGE_FRIEDRICH_ALT_MILITARY_VICTORY_EXPLORATION_2" DNAChallengeID="9f10b90e-c093-457f-91bf-fe9591706ccc" DNAStatisticID="6302579a-4bdf-44fd-9c04-c8307f2673b7" ChallengeClass="CHALLENGE_CLASS_LEADER" ChallengeCategory="CHALLENGE_CATEGORY_LEADER_FRIEDRICH_ALT" Difficulty="3" SortIndex="50210" />
		<Row ChallengeType="CHALLENGE_FRIEDRICH_ALT_MILITARY_VICTORY_EXPLORATION_3" DNAChallengeID="bae1763a-ed4e-49a5-a1eb-3e6b7a70754d" DNAStatisticID="6302579a-4bdf-44fd-9c04-c8307f2673b7" ChallengeClass="CHALLENGE_CLASS_LEADER" ChallengeCategory="CHALLENGE_CATEGORY_LEADER_FRIEDRICH_ALT" Difficulty="3" SortIndex="50220" />
		<Row ChallengeType="CHALLENGE_FRIEDRICH_ALT_ECONOMIC_VICTORY_EXPLORATION" DNAChallengeID="98563cba-6e87-43a1-9bd0-2a93f805e698" DNAStatisticID="ac9a2f88-7e50-46c7-a686-59b43aba830d" ChallengeClass="CHALLENGE_CLASS_LEADER" ChallengeCategory="CHALLENGE_CATEGORY_LEADER_FRIEDRICH_ALT" Difficulty="3" SortIndex="50400" />
		<Row ChallengeType="CHALLENGE_FRIEDRICH_ALT_ECONOMIC_VICTORY_EXPLORATION_2" DNAChallengeID="cbcd7666-1db0-4d9a-8632-02146c69f429" DNAStatisticID="ac9a2f88-7e50-46c7-a686-59b43aba830d" ChallengeClass="CHALLENGE_CLASS_LEADER" ChallengeCategory="CHALLENGE_CATEGORY_LEADER_FRIEDRICH_ALT" Difficulty="3" SortIndex="50410" />
		<Row ChallengeType="CHALLENGE_FRIEDRICH_ALT_ECONOMIC_VICTORY_EXPLORATION_3" DNAChallengeID="401be1cf-057e-49e0-ad2d-b7fcf8bd614e" DNAStatisticID="ac9a2f88-7e50-46c7-a686-59b43aba830d" ChallengeClass="CHALLENGE_CLASS_LEADER" ChallengeCategory="CHALLENGE_CATEGORY_LEADER_FRIEDRICH_ALT" Difficulty="3" SortIndex="50420" />
		<Row ChallengeType="CHALLENGE_FRIEDRICH_ALT_MILITARY_VICTORY_MODERN" DNAChallengeID="4d93f0b9-7ec9-42e8-bd03-00a6d998bfef" DNAStatisticID="e08fa83e-dd1a-4168-82e8-1dae7ad227fc" ChallengeClass="CHALLENGE_CLASS_LEADER" ChallengeCategory="CHALLENGE_CATEGORY_LEADER_FRIEDRICH_ALT" Difficulty="3" SortIndex="50800" />
		<Row ChallengeType="CHALLENGE_FRIEDRICH_ALT_MILITARY_VICTORY_MODERN_2" DNAChallengeID="240a7c26-9dbf-4d34-ad32-89aca7db03f2" DNAStatisticID="e08fa83e-dd1a-4168-82e8-1dae7ad227fc" ChallengeClass="CHALLENGE_CLASS_LEADER" ChallengeCategory="CHALLENGE_CATEGORY_LEADER_FRIEDRICH_ALT" Difficulty="3" SortIndex="50810" />
		<Row ChallengeType="CHALLENGE_FRIEDRICH_ALT_MILITARY_VICTORY_MODERN_3" DNAChallengeID="906d4d39-8d72-4d8f-8d8e-05b0d9057ee4" DNAStatisticID="e08fa83e-dd1a-4168-82e8-1dae7ad227fc" ChallengeClass="CHALLENGE_CLASS_LEADER" ChallengeCategory="CHALLENGE_CATEGORY_LEADER_FRIEDRICH_ALT" Difficulty="3" SortIndex="50820" />
		<Row ChallengeType="CHALLENGE_FRIEDRICH_ALT_ECONOMIC_VICTORY_MODERN" DNAChallengeID="7c5c7604-f278-42e0-8c66-12f59fb9e9c0" DNAStatisticID="39aa7064-d6d2-4941-a484-5b48ef514af9" ChallengeClass="CHALLENGE_CLASS_LEADER" ChallengeCategory="CHALLENGE_CATEGORY_LEADER_FRIEDRICH_ALT" Difficulty="3" SortIndex="50700" />
		<Row ChallengeType="CHALLENGE_FRIEDRICH_ALT_ECONOMIC_VICTORY_MODERN_2" DNAChallengeID="8c5f73a6-b29e-4363-97b6-3723fdf08279" DNAStatisticID="39aa7064-d6d2-4941-a484-5b48ef514af9" ChallengeClass="CHALLENGE_CLASS_LEADER" ChallengeCategory="CHALLENGE_CATEGORY_LEADER_FRIEDRICH_ALT" Difficulty="3" SortIndex="50710" />
		<Row ChallengeType="CHALLENGE_FRIEDRICH_ALT_ECONOMIC_VICTORY_MODERN_3" DNAChallengeID="dac1582e-d977-4685-bf47-bb4a0ad8ee5e" DNAStatisticID="39aa7064-d6d2-4941-a484-5b48ef514af9" ChallengeClass="CHALLENGE_CLASS_LEADER" ChallengeCategory="CHALLENGE_CATEGORY_LEADER_FRIEDRICH_ALT" Difficulty="3" SortIndex="50720" />
		<Row ChallengeType="CHALLENGE_FRIEDRICH_ALT_AGE_COMPLETED_ANTIQUITY" DNAChallengeID="9e3383ab-31bc-4149-b857-271401201051" DNAStatisticID="f7986732-1912-4c32-870b-420cf09111ed" ChallengeClass="CHALLENGE_CLASS_LEADER" ChallengeCategory="CHALLENGE_CATEGORY_LEADER_FRIEDRICH_ALT" Difficulty="2" SortIndex="49400" />
		<Row ChallengeType="CHALLENGE_FRIEDRICH_ALT_AGE_COMPLETED_ANTIQUITY_2" DNAChallengeID="9b2a6ac1-2dda-4d57-bef1-5e1381bee06c" DNAStatisticID="f7986732-1912-4c32-870b-420cf09111ed" ChallengeClass="CHALLENGE_CLASS_LEADER" ChallengeCategory="CHALLENGE_CATEGORY_LEADER_FRIEDRICH_ALT" Difficulty="2" SortIndex="49410" />
		<Row ChallengeType="CHALLENGE_FRIEDRICH_ALT_AGE_COMPLETED_ANTIQUITY_3" DNAChallengeID="45d46df6-7a01-43f7-96a4-e65fa9b2c2ec" DNAStatisticID="f7986732-1912-4c32-870b-420cf09111ed" ChallengeClass="CHALLENGE_CLASS_LEADER" ChallengeCategory="CHALLENGE_CATEGORY_LEADER_FRIEDRICH_ALT" Difficulty="2" SortIndex="49420" />
		<Row ChallengeType="CHALLENGE_FRIEDRICH_ALT_AGE_COMPLETED_EXPLORATION" DNAChallengeID="47895bf5-325e-4f2c-ad11-ffdbd309a9e0" DNAStatisticID="97453a7b-708a-423b-81fe-0ca089be35a4" ChallengeClass="CHALLENGE_CLASS_LEADER" ChallengeCategory="CHALLENGE_CATEGORY_LEADER_FRIEDRICH_ALT" Difficulty="3" SortIndex="50000" />
		<Row ChallengeType="CHALLENGE_FRIEDRICH_ALT_AGE_COMPLETED_EXPLORATION_2" DNAChallengeID="52e92133-1832-4e6e-b634-793f5d5a5ee9" DNAStatisticID="97453a7b-708a-423b-81fe-0ca089be35a4" ChallengeClass="CHALLENGE_CLASS_LEADER" ChallengeCategory="CHALLENGE_CATEGORY_LEADER_FRIEDRICH_ALT" Difficulty="3" SortIndex="50010" />
		<Row ChallengeType="CHALLENGE_FRIEDRICH_ALT_AGE_COMPLETED_EXPLORATION_3" DNAChallengeID="792b101e-ed47-4ec0-9c4b-58ca6b7fa1f1" DNAStatisticID="97453a7b-708a-423b-81fe-0ca089be35a4" ChallengeClass="CHALLENGE_CLASS_LEADER" ChallengeCategory="CHALLENGE_CATEGORY_LEADER_FRIEDRICH_ALT" Difficulty="3" SortIndex="50020" />
		<Row ChallengeType="CHALLENGE_FRIEDRICH_ALT_AGE_COMPLETED_MODERN" DNAChallengeID="eaab1079-28d0-41ee-a510-dc1cd93110ae" DNAStatisticID="ef2a6b78-e266-477d-bc87-e4fca5dc664b" ChallengeClass="CHALLENGE_CLASS_LEADER" ChallengeCategory="CHALLENGE_CATEGORY_LEADER_FRIEDRICH_ALT" Difficulty="2" SortIndex="50600" />
		<Row ChallengeType="CHALLENGE_FRIEDRICH_ALT_AGE_COMPLETED_MODERN_2" DNAChallengeID="a7e32562-4456-47bf-901a-a19f7da5330e" DNAStatisticID="ef2a6b78-e266-477d-bc87-e4fca5dc664b" ChallengeClass="CHALLENGE_CLASS_LEADER" ChallengeCategory="CHALLENGE_CATEGORY_LEADER_FRIEDRICH_ALT" Difficulty="2" SortIndex="50610" />
		<Row ChallengeType="CHALLENGE_FRIEDRICH_ALT_AGE_COMPLETED_MODERN_3" DNAChallengeID="75fd669f-f88a-43a0-bcb7-b5489e8384e4" DNAStatisticID="ef2a6b78-e266-477d-bc87-e4fca5dc664b" ChallengeClass="CHALLENGE_CLASS_LEADER" ChallengeCategory="CHALLENGE_CATEGORY_LEADER_FRIEDRICH_ALT" Difficulty="2" SortIndex="50620" />
		<Row ChallengeType="CHALLENGE_FRIEDRICH_ALT_PLAY_GAMES_1" DNAChallengeID="17491e92-6adc-4704-8cb6-b2b445cae0de" DNAStatisticID="a55be403-25a4-4332-908c-0cf5a7771e1e" ChallengeClass="CHALLENGE_CLASS_LEADER" ChallengeCategory="CHALLENGE_CATEGORY_LEADER_FRIEDRICH_ALT" Difficulty="1" SortIndex="51200" />
		<Row ChallengeType="CHALLENGE_FRIEDRICH_ALT_PLAY_GAMES_2" DNAChallengeID="b16666ad-fbd8-4af8-aeb0-6867248a7dd7" DNAStatisticID="a55be403-25a4-4332-908c-0cf5a7771e1e" ChallengeClass="CHALLENGE_CLASS_LEADER" ChallengeCategory="CHALLENGE_CATEGORY_LEADER_FRIEDRICH_ALT" Difficulty="1" SortIndex="51300" />
		<Row ChallengeType="CHALLENGE_FRIEDRICH_ALT_PLAY_GAMES_3" DNAChallengeID="12b23efa-a261-4960-b948-f74e72ee243d" DNAStatisticID="a55be403-25a4-4332-908c-0cf5a7771e1e" ChallengeClass="CHALLENGE_CLASS_LEADER" ChallengeCategory="CHALLENGE_CATEGORY_LEADER_FRIEDRICH_ALT" Difficulty="1" SortIndex="51400" />
		<Row ChallengeType="CHALLENGE_FRIEDRICH_ALT_SCIENCE_VICTORY_ANTIQUITY" DNAChallengeID="8ab8cf90-f23f-4f2f-b572-28d29a1861c4" DNAStatisticID="25779567-ecbd-49d3-a621-37cfc183e533" ChallengeClass="CHALLENGE_CLASS_LEADER" ChallengeCategory="CHALLENGE_CATEGORY_LEADER_FRIEDRICH_ALT" Difficulty="3" SortIndex="49700" />
		<Row ChallengeType="CHALLENGE_FRIEDRICH_ALT_SCIENCE_VICTORY_ANTIQUITY_2" DNAChallengeID="b88d1d4d-cc72-41c2-8bad-d94f30b84b55" DNAStatisticID="25779567-ecbd-49d3-a621-37cfc183e533" ChallengeClass="CHALLENGE_CLASS_LEADER" ChallengeCategory="CHALLENGE_CATEGORY_LEADER_FRIEDRICH_ALT" Difficulty="3" SortIndex="49710" />
		<Row ChallengeType="CHALLENGE_FRIEDRICH_ALT_SCIENCE_VICTORY_ANTIQUITY_3" DNAChallengeID="a06d24ab-6bbd-4072-b5f3-49a3110c20a4" DNAStatisticID="25779567-ecbd-49d3-a621-37cfc183e533" ChallengeClass="CHALLENGE_CLASS_LEADER" ChallengeCategory="CHALLENGE_CATEGORY_LEADER_FRIEDRICH_ALT" Difficulty="3" SortIndex="49720" />
		<Row ChallengeType="CHALLENGE_FRIEDRICH_ALT_SCIENCE_VICTORY_EXPLORATION" DNAChallengeID="ec8d6811-2708-4289-ad13-c534cf134511" DNAStatisticID="32feded3-9229-4a3b-9e8f-66daf8269cec" ChallengeClass="CHALLENGE_CLASS_LEADER" ChallengeCategory="CHALLENGE_CATEGORY_LEADER_FRIEDRICH_ALT" Difficulty="3" SortIndex="50300" />
		<Row ChallengeType="CHALLENGE_FRIEDRICH_ALT_SCIENCE_VICTORY_EXPLORATION_2" DNAChallengeID="996991b9-811d-478b-a0f3-5adefaeab2c7" DNAStatisticID="32feded3-9229-4a3b-9e8f-66daf8269cec" ChallengeClass="CHALLENGE_CLASS_LEADER" ChallengeCategory="CHALLENGE_CATEGORY_LEADER_FRIEDRICH_ALT" Difficulty="3" SortIndex="50310" />
		<Row ChallengeType="CHALLENGE_FRIEDRICH_ALT_SCIENCE_VICTORY_EXPLORATION_3" DNAChallengeID="3841a5f1-0951-453c-8118-c491c8137ca1" DNAStatisticID="32feded3-9229-4a3b-9e8f-66daf8269cec" ChallengeClass="CHALLENGE_CLASS_LEADER" ChallengeCategory="CHALLENGE_CATEGORY_LEADER_FRIEDRICH_ALT" Difficulty="3" SortIndex="50320" />
		<Row ChallengeType="CHALLENGE_FRIEDRICH_ALT_SCIENCE_VICTORY_MODERN" DNAChallengeID="9b4c1fdf-5131-4b7e-ac91-296a1fd96258" DNAStatisticID="2cdeeb1e-f55b-4b15-8aa6-70e86e041cba" ChallengeClass="CHALLENGE_CLASS_LEADER" ChallengeCategory="CHALLENGE_CATEGORY_LEADER_FRIEDRICH_ALT" Difficulty="3" SortIndex="50900" />
		<Row ChallengeType="CHALLENGE_FRIEDRICH_ALT_SCIENCE_VICTORY_MODERN_2" DNAChallengeID="32c471ed-a9c9-4812-a423-eb8c1ecdf5f9" DNAStatisticID="2cdeeb1e-f55b-4b15-8aa6-70e86e041cba" ChallengeClass="CHALLENGE_CLASS_LEADER" ChallengeCategory="CHALLENGE_CATEGORY_LEADER_FRIEDRICH_ALT" Difficulty="3" SortIndex="50910" />
		<Row ChallengeType="CHALLENGE_FRIEDRICH_ALT_SCIENCE_VICTORY_MODERN_3" DNAChallengeID="ee6da727-7077-4cca-a550-ec7f31cfbd86" DNAStatisticID="2cdeeb1e-f55b-4b15-8aa6-70e86e041cba" ChallengeClass="CHALLENGE_CLASS_LEADER" ChallengeCategory="CHALLENGE_CATEGORY_LEADER_FRIEDRICH_ALT" Difficulty="3" SortIndex="50920" />
		<Row ChallengeType="CHALLENGE_FRIEDRICH_ALT_CULTURE_VICTORY_ANTIQUITY" DNAChallengeID="a35ee73a-4885-4d49-86a7-b3f1bc538f81" DNAStatisticID="6b79693e-31d6-433d-9a75-2151452251bb" ChallengeClass="CHALLENGE_CLASS_LEADER" ChallengeCategory="CHALLENGE_CATEGORY_LEADER_FRIEDRICH_ALT" Difficulty="3" SortIndex="49500" />
		<Row ChallengeType="CHALLENGE_FRIEDRICH_ALT_CULTURE_VICTORY_ANTIQUITY_2" DNAChallengeID="2e1a4ced-e0ca-4c88-8c6c-79550477bbca" DNAStatisticID="6b79693e-31d6-433d-9a75-2151452251bb" ChallengeClass="CHALLENGE_CLASS_LEADER" ChallengeCategory="CHALLENGE_CATEGORY_LEADER_FRIEDRICH_ALT" Difficulty="3" SortIndex="49510" />
		<Row ChallengeType="CHALLENGE_FRIEDRICH_ALT_CULTURE_VICTORY_ANTIQUITY_3" DNAChallengeID="cd2b17bc-41d5-4da6-9a69-717cd5d58c9f" DNAStatisticID="6b79693e-31d6-433d-9a75-2151452251bb" ChallengeClass="CHALLENGE_CLASS_LEADER" ChallengeCategory="CHALLENGE_CATEGORY_LEADER_FRIEDRICH_ALT" Difficulty="3" SortIndex="49520" />
		<Row ChallengeType="CHALLENGE_FRIEDRICH_ALT_CULTURE_VICTORY_EXPLORATION" DNAChallengeID="ced37578-d395-4313-8ca8-b9cec6945c8c" DNAStatisticID="fef7d47f-ff24-4e12-aa01-3db5d55e2076" ChallengeClass="CHALLENGE_CLASS_LEADER" ChallengeCategory="CHALLENGE_CATEGORY_LEADER_FRIEDRICH_ALT" Difficulty="3" SortIndex="50100" />
		<Row ChallengeType="CHALLENGE_FRIEDRICH_ALT_CULTURE_VICTORY_EXPLORATION_2" DNAChallengeID="d371049d-15ab-4696-abe8-f1b593a4dcc8" DNAStatisticID="fef7d47f-ff24-4e12-aa01-3db5d55e2076" ChallengeClass="CHALLENGE_CLASS_LEADER" ChallengeCategory="CHALLENGE_CATEGORY_LEADER_FRIEDRICH_ALT" Difficulty="3" SortIndex="50110" />
		<Row ChallengeType="CHALLENGE_FRIEDRICH_ALT_CULTURE_VICTORY_EXPLORATION_3" DNAChallengeID="24b13e92-96ee-454c-9f52-3dd053f4493f" DNAStatisticID="fef7d47f-ff24-4e12-aa01-3db5d55e2076" ChallengeClass="CHALLENGE_CLASS_LEADER" ChallengeCategory="CHALLENGE_CATEGORY_LEADER_FRIEDRICH_ALT" Difficulty="3" SortIndex="50120" />
		<Row ChallengeType="CHALLENGE_FRIEDRICH_ALT_CULTURE_VICTORY_MODERN" DNAChallengeID="e1c86e0e-d661-481b-8a3b-98ca1475158c" DNAStatisticID="ccc4061a-96be-4ca5-b86d-570803ae1a54" ChallengeClass="CHALLENGE_CLASS_LEADER" ChallengeCategory="CHALLENGE_CATEGORY_LEADER_FRIEDRICH_ALT" Difficulty="3" SortIndex="51000" />
		<Row ChallengeType="CHALLENGE_FRIEDRICH_ALT_CULTURE_VICTORY_MODERN_2" DNAChallengeID="0a8e50ba-99ec-47f6-a8d7-466fef3c83ac" DNAStatisticID="ccc4061a-96be-4ca5-b86d-570803ae1a54" ChallengeClass="CHALLENGE_CLASS_LEADER" ChallengeCategory="CHALLENGE_CATEGORY_LEADER_FRIEDRICH_ALT" Difficulty="3" SortIndex="51010" />
		<Row ChallengeType="CHALLENGE_FRIEDRICH_ALT_CULTURE_VICTORY_MODERN_3" DNAChallengeID="dcc7e765-97db-4ca1-a894-6458bed6bb6a" DNAStatisticID="ccc4061a-96be-4ca5-b86d-570803ae1a54" ChallengeClass="CHALLENGE_CLASS_LEADER" ChallengeCategory="CHALLENGE_CATEGORY_LEADER_FRIEDRICH_ALT" Difficulty="3" SortIndex="51020" />
		<Row ChallengeType="CHALLENGE_FRIEDRICH_ALT_FLAWLESS_VICTORY_ANTIQUITY" DNAChallengeID="09e8beb8-238b-4fe7-b8dc-4fd0c1b07478" ChallengeClass="CHALLENGE_CLASS_LEADER" ChallengeCategory="CHALLENGE_CATEGORY_LEADER_FRIEDRICH_ALT" Difficulty="4" SortIndex="49900" />
		<Row ChallengeType="CHALLENGE_FRIEDRICH_ALT_FLAWLESS_VICTORY_EXPLORATION" DNAChallengeID="fe860ab1-19d6-49a1-b525-f7fc2bacfa34" ChallengeClass="CHALLENGE_CLASS_LEADER" ChallengeCategory="CHALLENGE_CATEGORY_LEADER_FRIEDRICH_ALT" Difficulty="4" SortIndex="50500" />
		<Row ChallengeType="CHALLENGE_FRIEDRICH_ALT_FLAWLESS_VICTORY_MODERN" DNAChallengeID="909eb47b-cd5f-428e-9de2-c7f7f79c46e3" ChallengeClass="CHALLENGE_CLASS_LEADER" ChallengeCategory="CHALLENGE_CATEGORY_LEADER_FRIEDRICH_ALT" Difficulty="4" SortIndex="51100" />
		<Row ChallengeType="CHALLENGE_FRIEDRICH_ALT_QUEST_A_ANTIQUITY" DNAChallengeID="01380906-6793-436c-90bb-b1829985e271" ChallengeClass="CHALLENGE_CLASS_LEADER" ChallengeCategory="CHALLENGE_CATEGORY_LEADER_FRIEDRICH_ALT" Difficulty="2" SortIndex="55000" />
		<Row ChallengeType="CHALLENGE_FRIEDRICH_ALT_QUEST_B_ANTIQUITY" DNAChallengeID="06d9f544-865b-4072-b476-c27794dddf57" ChallengeClass="CHALLENGE_CLASS_LEADER" ChallengeCategory="CHALLENGE_CATEGORY_LEADER_FRIEDRICH_ALT" Difficulty="2" SortIndex="55005" />
		<Row ChallengeType="CHALLENGE_FRIEDRICH_ALT_QUEST_A_EXPLORATION" DNAChallengeID="bf44e0de-66f7-4a4b-b500-f9b401f99ad2" ChallengeClass="CHALLENGE_CLASS_LEADER" ChallengeCategory="CHALLENGE_CATEGORY_LEADER_FRIEDRICH_ALT" Difficulty="2" SortIndex="55010" />
		<Row ChallengeType="CHALLENGE_FRIEDRICH_ALT_QUEST_B_EXPLORATION" DNAChallengeID="06b4c081-1b91-46ff-b824-cabe1ef6ec0d" ChallengeClass="CHALLENGE_CLASS_LEADER" ChallengeCategory="CHALLENGE_CATEGORY_LEADER_FRIEDRICH_ALT" Difficulty="2" SortIndex="55015" />
		<Row ChallengeType="CHALLENGE_FRIEDRICH_ALT_QUEST_A_MODERN" DNAChallengeID="94be78ed-bfa0-4938-8d0d-fe3080fe4e5d" ChallengeClass="CHALLENGE_CLASS_LEADER" ChallengeCategory="CHALLENGE_CATEGORY_LEADER_FRIEDRICH_ALT" Difficulty="2" SortIndex="55020" />
		<Row ChallengeType="CHALLENGE_FRIEDRICH_ALT_QUEST_B_MODERN" DNAChallengeID="a328ec74-108e-4393-a603-545b4af7ecb3" ChallengeClass="CHALLENGE_CLASS_LEADER" ChallengeCategory="CHALLENGE_CATEGORY_LEADER_FRIEDRICH_ALT" Difficulty="2" SortIndex="55025" />
		<Row ChallengeType="CHALLENGE_FRIEDRICH_ALT_UNLOCKED_STRATEGYCARDS_EXPLORATION" DNAChallengeID="06622260-cf2f-4f63-abcf-cb29223b1cbb" ChallengeClass="CHALLENGE_CLASS_LEADER" ChallengeCategory="CHALLENGE_CATEGORY_LEADER_FRIEDRICH_ALT" Difficulty="1" SortIndex="51101" Hidden="true" AllowRewardWhenHidden="true" />
		<Row ChallengeType="CHALLENGE_FRIEDRICH_ALT_UNLOCKED_STRATEGYCARDS_MODERN" DNAChallengeID="80fc0e6e-aafd-4b69-a00d-2daef38106c7" ChallengeClass="CHALLENGE_CLASS_LEADER" ChallengeCategory="CHALLENGE_CATEGORY_LEADER_FRIEDRICH_ALT" Difficulty="1" SortIndex="51102" Hidden="true" AllowRewardWhenHidden="true" />
		<Row ChallengeType="CHALLENGE_XERXES_ALT_MILITARY_VICTORY_ANTIQUITY" DNAChallengeID="4bee755a-a67f-4508-a1a4-327824a98251" DNAStatisticID="5d73c631-5b7e-474a-9684-da1b70513c4d" ChallengeClass="CHALLENGE_CLASS_LEADER" ChallengeCategory="CHALLENGE_CATEGORY_LEADER_XERXES_ALT" Difficulty="3" SortIndex="102500" />
		<Row ChallengeType="CHALLENGE_XERXES_ALT_MILITARY_VICTORY_ANTIQUITY_2" DNAChallengeID="7d0c7025-16c1-4082-918b-5891304532e3" DNAStatisticID="5d73c631-5b7e-474a-9684-da1b70513c4d" ChallengeClass="CHALLENGE_CLASS_LEADER" ChallengeCategory="CHALLENGE_CATEGORY_LEADER_XERXES_ALT" Difficulty="3" SortIndex="102510" />
		<Row ChallengeType="CHALLENGE_XERXES_ALT_MILITARY_VICTORY_ANTIQUITY_3" DNAChallengeID="7c8ea58e-2fa3-4faf-a01e-d2129a9efc45" DNAStatisticID="5d73c631-5b7e-474a-9684-da1b70513c4d" ChallengeClass="CHALLENGE_CLASS_LEADER" ChallengeCategory="CHALLENGE_CATEGORY_LEADER_XERXES_ALT" Difficulty="3" SortIndex="102520" />
		<Row ChallengeType="CHALLENGE_XERXES_ALT_ECONOMIC_VICTORY_ANTIQUITY" DNAChallengeID="6d1b478b-b18a-4747-93c2-02636edb50ff" DNAStatisticID="19d73724-cefd-4069-b624-cdee60fc905d" ChallengeClass="CHALLENGE_CLASS_LEADER" ChallengeCategory="CHALLENGE_CATEGORY_LEADER_XERXES_ALT" Difficulty="3" SortIndex="102700" />
		<Row ChallengeType="CHALLENGE_XERXES_ALT_ECONOMIC_VICTORY_ANTIQUITY_2" DNAChallengeID="3012838a-4f68-4e1a-8890-53ee8c3b6161" DNAStatisticID="19d73724-cefd-4069-b624-cdee60fc905d" ChallengeClass="CHALLENGE_CLASS_LEADER" ChallengeCategory="CHALLENGE_CATEGORY_LEADER_XERXES_ALT" Difficulty="3" SortIndex="102710" />
		<Row ChallengeType="CHALLENGE_XERXES_ALT_ECONOMIC_VICTORY_ANTIQUITY_3" DNAChallengeID="063638a6-0144-41d2-afbf-60649e38e933" DNAStatisticID="19d73724-cefd-4069-b624-cdee60fc905d" ChallengeClass="CHALLENGE_CLASS_LEADER" ChallengeCategory="CHALLENGE_CATEGORY_LEADER_XERXES_ALT" Difficulty="3" SortIndex="102720" />
		<Row ChallengeType="CHALLENGE_XERXES_ALT_MILITARY_VICTORY_EXPLORATION" DNAChallengeID="c525a7dc-f8dc-4172-962b-74a88d3f8e7a" DNAStatisticID="94c3cfe6-1df7-4791-9c37-785473894989" ChallengeClass="CHALLENGE_CLASS_LEADER" ChallengeCategory="CHALLENGE_CATEGORY_LEADER_XERXES_ALT" Difficulty="3" SortIndex="103100" />
		<Row ChallengeType="CHALLENGE_XERXES_ALT_MILITARY_VICTORY_EXPLORATION_2" DNAChallengeID="b0fcddec-7f66-495d-99ef-d0c7f45469dc" DNAStatisticID="94c3cfe6-1df7-4791-9c37-785473894989" ChallengeClass="CHALLENGE_CLASS_LEADER" ChallengeCategory="CHALLENGE_CATEGORY_LEADER_XERXES_ALT" Difficulty="3" SortIndex="103110" />
		<Row ChallengeType="CHALLENGE_XERXES_ALT_MILITARY_VICTORY_EXPLORATION_3" DNAChallengeID="5c038033-878c-4a66-ace5-a922bc8ed64a" DNAStatisticID="94c3cfe6-1df7-4791-9c37-785473894989" ChallengeClass="CHALLENGE_CLASS_LEADER" ChallengeCategory="CHALLENGE_CATEGORY_LEADER_XERXES_ALT" Difficulty="3" SortIndex="103120" />
		<Row ChallengeType="CHALLENGE_XERXES_ALT_ECONOMIC_VICTORY_EXPLORATION" DNAChallengeID="2654bcc6-6be9-4247-a832-dfe8ce6a05b9" DNAStatisticID="17ada54d-461c-41cc-9a87-befa9ace1745" ChallengeClass="CHALLENGE_CLASS_LEADER" ChallengeCategory="CHALLENGE_CATEGORY_LEADER_XERXES_ALT" Difficulty="3" SortIndex="102900" />
		<Row ChallengeType="CHALLENGE_XERXES_ALT_ECONOMIC_VICTORY_EXPLORATION_2" DNAChallengeID="86a59544-cd50-4578-881c-d3945db3956f" DNAStatisticID="17ada54d-461c-41cc-9a87-befa9ace1745" ChallengeClass="CHALLENGE_CLASS_LEADER" ChallengeCategory="CHALLENGE_CATEGORY_LEADER_XERXES_ALT" Difficulty="3" SortIndex="102910" />
		<Row ChallengeType="CHALLENGE_XERXES_ALT_ECONOMIC_VICTORY_EXPLORATION_3" DNAChallengeID="22dfe0f2-04a3-491c-8f54-0932ced9707f" DNAStatisticID="17ada54d-461c-41cc-9a87-befa9ace1745" ChallengeClass="CHALLENGE_CLASS_LEADER" ChallengeCategory="CHALLENGE_CATEGORY_LEADER_XERXES_ALT" Difficulty="3" SortIndex="102920" />
		<Row ChallengeType="CHALLENGE_XERXES_ALT_MILITARY_VICTORY_MODERN" DNAChallengeID="6ebf6a4f-491b-4f8f-896a-7d7a1e6cf053" DNAStatisticID="e475bc21-0f5d-4559-b204-65ef5f124e71" ChallengeClass="CHALLENGE_CLASS_LEADER" ChallengeCategory="CHALLENGE_CATEGORY_LEADER_XERXES_ALT" Difficulty="3" SortIndex="103700" />
		<Row ChallengeType="CHALLENGE_XERXES_ALT_MILITARY_VICTORY_MODERN_2" DNAChallengeID="a7b2e186-b8b8-4524-9a38-309032b80bf0" DNAStatisticID="e475bc21-0f5d-4559-b204-65ef5f124e71" ChallengeClass="CHALLENGE_CLASS_LEADER" ChallengeCategory="CHALLENGE_CATEGORY_LEADER_XERXES_ALT" Difficulty="3" SortIndex="103710" />
		<Row ChallengeType="CHALLENGE_XERXES_ALT_MILITARY_VICTORY_MODERN_3" DNAChallengeID="91867d61-0709-4738-9f7d-855e4337192f" DNAStatisticID="e475bc21-0f5d-4559-b204-65ef5f124e71" ChallengeClass="CHALLENGE_CLASS_LEADER" ChallengeCategory="CHALLENGE_CATEGORY_LEADER_XERXES_ALT" Difficulty="3" SortIndex="103720" />
		<Row ChallengeType="CHALLENGE_XERXES_ALT_ECONOMIC_VICTORY_MODERN" DNAChallengeID="22460a6c-f729-4004-8469-455ce4bf8f7b" DNAStatisticID="69905f33-df14-47cb-9d21-22526ce1d45b" ChallengeClass="CHALLENGE_CLASS_LEADER" ChallengeCategory="CHALLENGE_CATEGORY_LEADER_XERXES_ALT" Difficulty="3" SortIndex="103600" />
		<Row ChallengeType="CHALLENGE_XERXES_ALT_ECONOMIC_VICTORY_MODERN_2" DNAChallengeID="f18c9413-2766-4d1e-a126-26b612a1f0a9" DNAStatisticID="69905f33-df14-47cb-9d21-22526ce1d45b" ChallengeClass="CHALLENGE_CLASS_LEADER" ChallengeCategory="CHALLENGE_CATEGORY_LEADER_XERXES_ALT" Difficulty="3" SortIndex="103610" />
		<Row ChallengeType="CHALLENGE_XERXES_ALT_ECONOMIC_VICTORY_MODERN_3" DNAChallengeID="5087cbfb-4579-4953-9bf9-2673c1e7e68b" DNAStatisticID="69905f33-df14-47cb-9d21-22526ce1d45b" ChallengeClass="CHALLENGE_CLASS_LEADER" ChallengeCategory="CHALLENGE_CATEGORY_LEADER_XERXES_ALT" Difficulty="3" SortIndex="103620" />
		<Row ChallengeType="CHALLENGE_XERXES_ALT_AGE_COMPLETED_ANTIQUITY" DNAChallengeID="da419bc2-151f-4369-a42a-0f44e6ef5ed9" DNAStatisticID="8e881a14-cd18-4cf3-9323-869cc0d193e3" ChallengeClass="CHALLENGE_CLASS_LEADER" ChallengeCategory="CHALLENGE_CATEGORY_LEADER_XERXES_ALT" Difficulty="2" SortIndex="102300" />
		<Row ChallengeType="CHALLENGE_XERXES_ALT_AGE_COMPLETED_ANTIQUITY_2" DNAChallengeID="aee6fbb5-2c8f-4d51-ab08-5f5510c92469" DNAStatisticID="8e881a14-cd18-4cf3-9323-869cc0d193e3" ChallengeClass="CHALLENGE_CLASS_LEADER" ChallengeCategory="CHALLENGE_CATEGORY_LEADER_XERXES_ALT" Difficulty="2" SortIndex="102310" />
		<Row ChallengeType="CHALLENGE_XERXES_ALT_AGE_COMPLETED_ANTIQUITY_3" DNAChallengeID="e7989ed4-44f6-43b5-9479-478de083ee1d" DNAStatisticID="8e881a14-cd18-4cf3-9323-869cc0d193e3" ChallengeClass="CHALLENGE_CLASS_LEADER" ChallengeCategory="CHALLENGE_CATEGORY_LEADER_XERXES_ALT" Difficulty="2" SortIndex="102320" />
		<Row ChallengeType="CHALLENGE_XERXES_ALT_AGE_COMPLETED_EXPLORATION" DNAChallengeID="da2798d4-b3f3-4607-bfd3-47234b6d790a" DNAStatisticID="752471c2-d926-4a76-8a8d-3c0bd1b40edb" ChallengeClass="CHALLENGE_CLASS_LEADER" ChallengeCategory="CHALLENGE_CATEGORY_LEADER_XERXES_ALT" Difficulty="3" SortIndex="102900" />
		<Row ChallengeType="CHALLENGE_XERXES_ALT_AGE_COMPLETED_EXPLORATION_2" DNAChallengeID="d4a07d7d-4081-4fdd-bd52-fae051167645" DNAStatisticID="752471c2-d926-4a76-8a8d-3c0bd1b40edb" ChallengeClass="CHALLENGE_CLASS_LEADER" ChallengeCategory="CHALLENGE_CATEGORY_LEADER_XERXES_ALT" Difficulty="3" SortIndex="102910" />
		<Row ChallengeType="CHALLENGE_XERXES_ALT_AGE_COMPLETED_EXPLORATION_3" DNAChallengeID="527e726b-bc5b-4974-856f-0170f5d16915" DNAStatisticID="752471c2-d926-4a76-8a8d-3c0bd1b40edb" ChallengeClass="CHALLENGE_CLASS_LEADER" ChallengeCategory="CHALLENGE_CATEGORY_LEADER_XERXES_ALT" Difficulty="3" SortIndex="102920" />
		<Row ChallengeType="CHALLENGE_XERXES_ALT_AGE_COMPLETED_MODERN" DNAChallengeID="70d52714-3e6c-48a5-8c20-f0596660b77b" DNAStatisticID="85de1924-ce0e-4832-a90d-0e659861a514" ChallengeClass="CHALLENGE_CLASS_LEADER" ChallengeCategory="CHALLENGE_CATEGORY_LEADER_XERXES_ALT" Difficulty="2" SortIndex="103500" />
		<Row ChallengeType="CHALLENGE_XERXES_ALT_AGE_COMPLETED_MODERN_2" DNAChallengeID="a8dc3c95-c96d-4123-9cd4-ef5e43eef134" DNAStatisticID="85de1924-ce0e-4832-a90d-0e659861a514" ChallengeClass="CHALLENGE_CLASS_LEADER" ChallengeCategory="CHALLENGE_CATEGORY_LEADER_XERXES_ALT" Difficulty="2" SortIndex="103510" />
		<Row ChallengeType="CHALLENGE_XERXES_ALT_AGE_COMPLETED_MODERN_3" DNAChallengeID="8f284e8b-5f3f-4341-822b-fe1902dc3d90" DNAStatisticID="85de1924-ce0e-4832-a90d-0e659861a514" ChallengeClass="CHALLENGE_CLASS_LEADER" ChallengeCategory="CHALLENGE_CATEGORY_LEADER_XERXES_ALT" Difficulty="2" SortIndex="103520" />
		<Row ChallengeType="CHALLENGE_XERXES_ALT_PLAY_GAMES_1" DNAChallengeID="7ff5235f-1ef4-4e69-8c63-75166ac09870" DNAStatisticID="30572239-e5a9-423e-b046-6d99c6355ff5" ChallengeClass="CHALLENGE_CLASS_LEADER" ChallengeCategory="CHALLENGE_CATEGORY_LEADER_XERXES_ALT" Difficulty="1" SortIndex="104100" />
		<Row ChallengeType="CHALLENGE_XERXES_ALT_PLAY_GAMES_2" DNAChallengeID="16e90ea1-8e71-4198-a80a-6d5f757e4e98" DNAStatisticID="30572239-e5a9-423e-b046-6d99c6355ff5" ChallengeClass="CHALLENGE_CLASS_LEADER" ChallengeCategory="CHALLENGE_CATEGORY_LEADER_XERXES_ALT" Difficulty="1" SortIndex="104200" />
		<Row ChallengeType="CHALLENGE_XERXES_ALT_PLAY_GAMES_3" DNAChallengeID="4ea1f7b6-5a83-48b4-aba9-0a10c29d1906" DNAStatisticID="30572239-e5a9-423e-b046-6d99c6355ff5" ChallengeClass="CHALLENGE_CLASS_LEADER" ChallengeCategory="CHALLENGE_CATEGORY_LEADER_XERXES_ALT" Difficulty="1" SortIndex="104300" />
		<Row ChallengeType="CHALLENGE_XERXES_ALT_SCIENCE_VICTORY_ANTIQUITY" DNAChallengeID="899a0381-7ff5-40a1-9189-ebe71abafcdd" DNAStatisticID="cba0f72e-6316-4ea3-bf9e-af58bd06f968" ChallengeClass="CHALLENGE_CLASS_LEADER" ChallengeCategory="CHALLENGE_CATEGORY_LEADER_XERXES_ALT" Difficulty="3" SortIndex="102600" />
		<Row ChallengeType="CHALLENGE_XERXES_ALT_SCIENCE_VICTORY_ANTIQUITY_2" DNAChallengeID="20a992b8-546c-4a24-a423-e9462d8e5634" DNAStatisticID="cba0f72e-6316-4ea3-bf9e-af58bd06f968" ChallengeClass="CHALLENGE_CLASS_LEADER" ChallengeCategory="CHALLENGE_CATEGORY_LEADER_XERXES_ALT" Difficulty="3" SortIndex="102610" />
		<Row ChallengeType="CHALLENGE_XERXES_ALT_SCIENCE_VICTORY_ANTIQUITY_3" DNAChallengeID="2b58f6db-0347-4b56-8e8b-ff06d8e66dff" DNAStatisticID="cba0f72e-6316-4ea3-bf9e-af58bd06f968" ChallengeClass="CHALLENGE_CLASS_LEADER" ChallengeCategory="CHALLENGE_CATEGORY_LEADER_XERXES_ALT" Difficulty="3" SortIndex="102620" />
		<Row ChallengeType="CHALLENGE_XERXES_ALT_SCIENCE_VICTORY_EXPLORATION" DNAChallengeID="8cbffda8-1a32-4692-82cf-392579d8ee34" DNAStatisticID="08fb34a9-8586-478e-a404-db05972d0e15" ChallengeClass="CHALLENGE_CLASS_LEADER" ChallengeCategory="CHALLENGE_CATEGORY_LEADER_XERXES_ALT" Difficulty="3" SortIndex="103200" />
		<Row ChallengeType="CHALLENGE_XERXES_ALT_SCIENCE_VICTORY_EXPLORATION_2" DNAChallengeID="2b7c05b0-cd43-4a21-b1f5-74fe7b0de75c" DNAStatisticID="08fb34a9-8586-478e-a404-db05972d0e15" ChallengeClass="CHALLENGE_CLASS_LEADER" ChallengeCategory="CHALLENGE_CATEGORY_LEADER_XERXES_ALT" Difficulty="3" SortIndex="103210" />
		<Row ChallengeType="CHALLENGE_XERXES_ALT_SCIENCE_VICTORY_EXPLORATION_3" DNAChallengeID="7040aedf-1cea-4aaa-883b-2a796e422f82" DNAStatisticID="08fb34a9-8586-478e-a404-db05972d0e15" ChallengeClass="CHALLENGE_CLASS_LEADER" ChallengeCategory="CHALLENGE_CATEGORY_LEADER_XERXES_ALT" Difficulty="3" SortIndex="103220" />
		<Row ChallengeType="CHALLENGE_XERXES_ALT_SCIENCE_VICTORY_MODERN" DNAChallengeID="e4fc9376-9f33-4bb4-9969-0b1b3e6fa546" DNAStatisticID="6aacad63-8205-4e40-b4fe-50f55be07451" ChallengeClass="CHALLENGE_CLASS_LEADER" ChallengeCategory="CHALLENGE_CATEGORY_LEADER_XERXES_ALT" Difficulty="3" SortIndex="103800" />
		<Row ChallengeType="CHALLENGE_XERXES_ALT_SCIENCE_VICTORY_MODERN_2" DNAChallengeID="d3925a4f-92a8-4126-a38c-14c7577653ee" DNAStatisticID="6aacad63-8205-4e40-b4fe-50f55be07451" ChallengeClass="CHALLENGE_CLASS_LEADER" ChallengeCategory="CHALLENGE_CATEGORY_LEADER_XERXES_ALT" Difficulty="3" SortIndex="103810" />
		<Row ChallengeType="CHALLENGE_XERXES_ALT_SCIENCE_VICTORY_MODERN_3" DNAChallengeID="bfb9bf51-094d-4a71-a06c-d3e9764a16ca" DNAStatisticID="6aacad63-8205-4e40-b4fe-50f55be07451" ChallengeClass="CHALLENGE_CLASS_LEADER" ChallengeCategory="CHALLENGE_CATEGORY_LEADER_XERXES_ALT" Difficulty="3" SortIndex="103820" />
		<Row ChallengeType="CHALLENGE_XERXES_ALT_CULTURE_VICTORY_ANTIQUITY" DNAChallengeID="5404f583-a594-44e9-b779-044189a5ad95" DNAStatisticID="6bd5e14f-214e-4f8a-aab6-9f7e02944f7e" ChallengeClass="CHALLENGE_CLASS_LEADER" ChallengeCategory="CHALLENGE_CATEGORY_LEADER_XERXES_ALT" Difficulty="3" SortIndex="102400" />
		<Row ChallengeType="CHALLENGE_XERXES_ALT_CULTURE_VICTORY_ANTIQUITY_2" DNAChallengeID="f77fd8fc-9378-487a-99e7-0cc75853e1b3" DNAStatisticID="6bd5e14f-214e-4f8a-aab6-9f7e02944f7e" ChallengeClass="CHALLENGE_CLASS_LEADER" ChallengeCategory="CHALLENGE_CATEGORY_LEADER_XERXES_ALT" Difficulty="3" SortIndex="102410" />
		<Row ChallengeType="CHALLENGE_XERXES_ALT_CULTURE_VICTORY_ANTIQUITY_3" DNAChallengeID="08f14dc1-4c0c-4a1f-9c53-4340d40dece5" DNAStatisticID="6bd5e14f-214e-4f8a-aab6-9f7e02944f7e" ChallengeClass="CHALLENGE_CLASS_LEADER" ChallengeCategory="CHALLENGE_CATEGORY_LEADER_XERXES_ALT" Difficulty="3" SortIndex="102420" />
		<Row ChallengeType="CHALLENGE_XERXES_ALT_CULTURE_VICTORY_EXPLORATION" DNAChallengeID="9c6b44bc-d94f-4dec-b8d8-a27dc5c56a86" DNAStatisticID="636b2c56-903c-4e7c-b54a-908eb13ad70b" ChallengeClass="CHALLENGE_CLASS_LEADER" ChallengeCategory="CHALLENGE_CATEGORY_LEADER_XERXES_ALT" Difficulty="3" SortIndex="103000" />
		<Row ChallengeType="CHALLENGE_XERXES_ALT_CULTURE_VICTORY_EXPLORATION_2" DNAChallengeID="a049babb-57cf-488d-ae98-81924322263d" DNAStatisticID="636b2c56-903c-4e7c-b54a-908eb13ad70b" ChallengeClass="CHALLENGE_CLASS_LEADER" ChallengeCategory="CHALLENGE_CATEGORY_LEADER_XERXES_ALT" Difficulty="3" SortIndex="103010" />
		<Row ChallengeType="CHALLENGE_XERXES_ALT_CULTURE_VICTORY_EXPLORATION_3" DNAChallengeID="2f3ff5fd-f683-44ea-9c7a-fa222fa8af8a" DNAStatisticID="636b2c56-903c-4e7c-b54a-908eb13ad70b" ChallengeClass="CHALLENGE_CLASS_LEADER" ChallengeCategory="CHALLENGE_CATEGORY_LEADER_XERXES_ALT" Difficulty="3" SortIndex="103020" />
		<Row ChallengeType="CHALLENGE_XERXES_ALT_CULTURE_VICTORY_MODERN" DNAChallengeID="df9c7141-2c78-4420-8d35-d38f0d91e1e0" DNAStatisticID="31428ba4-9372-4f81-98d4-4122e65ee114" ChallengeClass="CHALLENGE_CLASS_LEADER" ChallengeCategory="CHALLENGE_CATEGORY_LEADER_XERXES_ALT" Difficulty="3" SortIndex="103900" />
		<Row ChallengeType="CHALLENGE_XERXES_ALT_CULTURE_VICTORY_MODERN_2" DNAChallengeID="4d350b4a-8f2e-47b2-b144-c98bec97cf5b" DNAStatisticID="31428ba4-9372-4f81-98d4-4122e65ee114" ChallengeClass="CHALLENGE_CLASS_LEADER" ChallengeCategory="CHALLENGE_CATEGORY_LEADER_XERXES_ALT" Difficulty="3" SortIndex="103910" />
		<Row ChallengeType="CHALLENGE_XERXES_ALT_CULTURE_VICTORY_MODERN_3" DNAChallengeID="c04f71d9-1884-4461-8422-d7a42b3053af" DNAStatisticID="31428ba4-9372-4f81-98d4-4122e65ee114" ChallengeClass="CHALLENGE_CLASS_LEADER" ChallengeCategory="CHALLENGE_CATEGORY_LEADER_XERXES_ALT" Difficulty="3" SortIndex="103920" />
		<Row ChallengeType="CHALLENGE_XERXES_ALT_FLAWLESS_VICTORY_ANTIQUITY" DNAChallengeID="3b2740d0-2447-49e1-984d-c05416b5b7c8" ChallengeClass="CHALLENGE_CLASS_LEADER" ChallengeCategory="CHALLENGE_CATEGORY_LEADER_XERXES_ALT" Difficulty="4" SortIndex="102800" />
		<Row ChallengeType="CHALLENGE_XERXES_ALT_FLAWLESS_VICTORY_EXPLORATION" DNAChallengeID="6ca41117-bb9f-4ff3-809a-e0def11b4d4b" ChallengeClass="CHALLENGE_CLASS_LEADER" ChallengeCategory="CHALLENGE_CATEGORY_LEADER_XERXES_ALT" Difficulty="4" SortIndex="103400" />
		<Row ChallengeType="CHALLENGE_XERXES_ALT_FLAWLESS_VICTORY_MODERN" DNAChallengeID="b2452a9a-8909-4128-bfa0-132842a0b318" ChallengeClass="CHALLENGE_CLASS_LEADER" ChallengeCategory="CHALLENGE_CATEGORY_LEADER_XERXES_ALT" Difficulty="4" SortIndex="104000" />
		<Row ChallengeType="CHALLENGE_XERXES_ALT_QUEST_A_ANTIQUITY" DNAChallengeID="a0695f31-f15d-4000-819c-0a46eab3c614" ChallengeClass="CHALLENGE_CLASS_LEADER" ChallengeCategory="CHALLENGE_CATEGORY_LEADER_XERXES_ALT" Difficulty="2" SortIndex="104305" />
		<Row ChallengeType="CHALLENGE_XERXES_ALT_QUEST_B_ANTIQUITY" DNAChallengeID="ec506b33-50b8-4a19-bba6-b06685c5d34e" ChallengeClass="CHALLENGE_CLASS_LEADER" ChallengeCategory="CHALLENGE_CATEGORY_LEADER_XERXES_ALT" Difficulty="2" SortIndex="104310" />
		<Row ChallengeType="CHALLENGE_XERXES_ALT_QUEST_A_EXPLORATION" DNAChallengeID="2a0703e2-8e47-42f5-a681-26b3f1c85b81" ChallengeClass="CHALLENGE_CLASS_LEADER" ChallengeCategory="CHALLENGE_CATEGORY_LEADER_XERXES_ALT" Difficulty="2" SortIndex="104315" />
		<Row ChallengeType="CHALLENGE_XERXES_ALT_QUEST_B_EXPLORATION" DNAChallengeID="edd5ba48-2303-42f9-b58e-d20ef641d327" ChallengeClass="CHALLENGE_CLASS_LEADER" ChallengeCategory="CHALLENGE_CATEGORY_LEADER_XERXES_ALT" Difficulty="2" SortIndex="104320" />
		<Row ChallengeType="CHALLENGE_XERXES_ALT_QUEST_A_MODERN" DNAChallengeID="7fd2e674-926a-48bf-a9b6-65490ef46259" ChallengeClass="CHALLENGE_CLASS_LEADER" ChallengeCategory="CHALLENGE_CATEGORY_LEADER_XERXES_ALT" Difficulty="2" SortIndex="104325" />
		<Row ChallengeType="CHALLENGE_XERXES_ALT_QUEST_B_MODERN" DNAChallengeID="9d76af97-4b9d-4eb4-84b4-75f68c717e92" ChallengeClass="CHALLENGE_CLASS_LEADER" ChallengeCategory="CHALLENGE_CATEGORY_LEADER_XERXES_ALT" Difficulty="2" SortIndex="104330" />
		<Row ChallengeType="CHALLENGE_XERXES_ALT_UNLOCKED_STRATEGYCARDS_EXPLORATION" DNAChallengeID="d171610e-9cb0-4562-9ba8-e778609f74c9" ChallengeClass="CHALLENGE_CLASS_LEADER" ChallengeCategory="CHALLENGE_CATEGORY_LEADER_XERXES_ALT" Difficulty="1" SortIndex="104001" Hidden="true" AllowRewardWhenHidden="true" />
		<Row ChallengeType="CHALLENGE_XERXES_ALT_UNLOCKED_STRATEGYCARDS_MODERN" DNAChallengeID="4e313810-f788-44e5-9dbb-4cd21cca403b" ChallengeClass="CHALLENGE_CLASS_LEADER" ChallengeCategory="CHALLENGE_CATEGORY_LEADER_XERXES_ALT" Difficulty="1" SortIndex="104002" Hidden="true" AllowRewardWhenHidden="true" />
	</Challenges>
<ChallengesRewards>
		<Row ChallengeType="CHALLENGE_FRIEDRICH_ALT_MILITARY_VICTORY_ANTIQUITY" RewardType="XP" Reward="50" />
		<Row ChallengeType="CHALLENGE_FRIEDRICH_ALT_MILITARY_VICTORY_ANTIQUITY_2" RewardType="XP" Reward="25" />
		<Row ChallengeType="CHALLENGE_FRIEDRICH_ALT_MILITARY_VICTORY_ANTIQUITY_3" RewardType="XP" Reward="25" />
		<Row ChallengeType="CHALLENGE_FRIEDRICH_ALT_ECONOMIC_VICTORY_ANTIQUITY" RewardType="XP" Reward="50" />
		<Row ChallengeType="CHALLENGE_FRIEDRICH_ALT_ECONOMIC_VICTORY_ANTIQUITY_2" RewardType="XP" Reward="25" />
		<Row ChallengeType="CHALLENGE_FRIEDRICH_ALT_ECONOMIC_VICTORY_ANTIQUITY_3" RewardType="XP" Reward="25" />
		<Row ChallengeType="CHALLENGE_FRIEDRICH_ALT_MILITARY_VICTORY_EXPLORATION" RewardType="XP" Reward="50" />
		<Row ChallengeType="CHALLENGE_FRIEDRICH_ALT_MILITARY_VICTORY_EXPLORATION_2" RewardType="XP" Reward="25" />
		<Row ChallengeType="CHALLENGE_FRIEDRICH_ALT_MILITARY_VICTORY_EXPLORATION_3" RewardType="XP" Reward="25" />
		<Row ChallengeType="CHALLENGE_FRIEDRICH_ALT_ECONOMIC_VICTORY_EXPLORATION" RewardType="XP" Reward="50" />
		<Row ChallengeType="CHALLENGE_FRIEDRICH_ALT_ECONOMIC_VICTORY_EXPLORATION_2" RewardType="XP" Reward="25" />
		<Row ChallengeType="CHALLENGE_FRIEDRICH_ALT_ECONOMIC_VICTORY_EXPLORATION_3" RewardType="XP" Reward="25" />
		<Row ChallengeType="CHALLENGE_FRIEDRICH_ALT_MILITARY_VICTORY_MODERN" RewardType="XP" Reward="50" />
		<Row ChallengeType="CHALLENGE_FRIEDRICH_ALT_MILITARY_VICTORY_MODERN_2" RewardType="XP" Reward="25" />
		<Row ChallengeType="CHALLENGE_FRIEDRICH_ALT_MILITARY_VICTORY_MODERN_3" RewardType="XP" Reward="25" />
		<Row ChallengeType="CHALLENGE_FRIEDRICH_ALT_ECONOMIC_VICTORY_MODERN" RewardType="XP" Reward="50" />
		<Row ChallengeType="CHALLENGE_FRIEDRICH_ALT_ECONOMIC_VICTORY_MODERN_2" RewardType="XP" Reward="25" />
		<Row ChallengeType="CHALLENGE_FRIEDRICH_ALT_ECONOMIC_VICTORY_MODERN_3" RewardType="XP" Reward="25" />
		<Row ChallengeType="CHALLENGE_FRIEDRICH_ALT_AGE_COMPLETED_ANTIQUITY" RewardType="XP" Reward="25" />
		<Row ChallengeType="CHALLENGE_FRIEDRICH_ALT_AGE_COMPLETED_ANTIQUITY_2" RewardType="XP" Reward="25" />
		<Row ChallengeType="CHALLENGE_FRIEDRICH_ALT_AGE_COMPLETED_ANTIQUITY_3" RewardType="XP" Reward="25" />
		<Row ChallengeType="CHALLENGE_FRIEDRICH_ALT_AGE_COMPLETED_EXPLORATION" RewardType="XP" Reward="25" />
		<Row ChallengeType="CHALLENGE_FRIEDRICH_ALT_AGE_COMPLETED_EXPLORATION_2" RewardType="XP" Reward="25" />
		<Row ChallengeType="CHALLENGE_FRIEDRICH_ALT_AGE_COMPLETED_EXPLORATION_3" RewardType="XP" Reward="25" />
		<Row ChallengeType="CHALLENGE_FRIEDRICH_ALT_AGE_COMPLETED_MODERN" RewardType="XP" Reward="25" />
		<Row ChallengeType="CHALLENGE_FRIEDRICH_ALT_AGE_COMPLETED_MODERN_2" RewardType="XP" Reward="25" />
		<Row ChallengeType="CHALLENGE_FRIEDRICH_ALT_AGE_COMPLETED_MODERN_3" RewardType="XP" Reward="25" />
		<Row ChallengeType="CHALLENGE_FRIEDRICH_ALT_PLAY_GAMES_1" RewardType="XP" Reward="25" />
		<Row ChallengeType="CHALLENGE_FRIEDRICH_ALT_PLAY_GAMES_2" RewardType="XP" Reward="25" />
		<Row ChallengeType="CHALLENGE_FRIEDRICH_ALT_PLAY_GAMES_3" RewardType="XP" Reward="25" />
		<Row ChallengeType="CHALLENGE_FRIEDRICH_ALT_SCIENCE_VICTORY_ANTIQUITY" RewardType="XP" Reward="50" />
		<Row ChallengeType="CHALLENGE_FRIEDRICH_ALT_SCIENCE_VICTORY_ANTIQUITY_2" RewardType="XP" Reward="25" />
		<Row ChallengeType="CHALLENGE_FRIEDRICH_ALT_SCIENCE_VICTORY_ANTIQUITY_3" RewardType="XP" Reward="25" />
		<Row ChallengeType="CHALLENGE_FRIEDRICH_ALT_SCIENCE_VICTORY_EXPLORATION" RewardType="XP" Reward="50" />
		<Row ChallengeType="CHALLENGE_FRIEDRICH_ALT_SCIENCE_VICTORY_EXPLORATION_2" RewardType="XP" Reward="25" />
		<Row ChallengeType="CHALLENGE_FRIEDRICH_ALT_SCIENCE_VICTORY_EXPLORATION_3" RewardType="XP" Reward="25" />
		<Row ChallengeType="CHALLENGE_FRIEDRICH_ALT_SCIENCE_VICTORY_MODERN" RewardType="XP" Reward="50" />
		<Row ChallengeType="CHALLENGE_FRIEDRICH_ALT_SCIENCE_VICTORY_MODERN_2" RewardType="XP" Reward="25" />
		<Row ChallengeType="CHALLENGE_FRIEDRICH_ALT_SCIENCE_VICTORY_MODERN_3" RewardType="XP" Reward="25" />
		<Row ChallengeType="CHALLENGE_FRIEDRICH_ALT_CULTURE_VICTORY_ANTIQUITY" RewardType="XP" Reward="50" />
		<Row ChallengeType="CHALLENGE_FRIEDRICH_ALT_CULTURE_VICTORY_ANTIQUITY_2" RewardType="XP" Reward="25" />
		<Row ChallengeType="CHALLENGE_FRIEDRICH_ALT_CULTURE_VICTORY_ANTIQUITY_3" RewardType="XP" Reward="25" />
		<Row ChallengeType="CHALLENGE_FRIEDRICH_ALT_CULTURE_VICTORY_EXPLORATION" RewardType="XP" Reward="50" />
		<Row ChallengeType="CHALLENGE_FRIEDRICH_ALT_CULTURE_VICTORY_EXPLORATION_2" RewardType="XP" Reward="25" />
		<Row ChallengeType="CHALLENGE_FRIEDRICH_ALT_CULTURE_VICTORY_EXPLORATION_3" RewardType="XP" Reward="25" />
		<Row ChallengeType="CHALLENGE_FRIEDRICH_ALT_CULTURE_VICTORY_MODERN" RewardType="XP" Reward="50" />
		<Row ChallengeType="CHALLENGE_FRIEDRICH_ALT_CULTURE_VICTORY_MODERN_2" RewardType="XP" Reward="25" />
		<Row ChallengeType="CHALLENGE_FRIEDRICH_ALT_CULTURE_VICTORY_MODERN_3" RewardType="XP" Reward="25" />
		<Row ChallengeType="CHALLENGE_FRIEDRICH_ALT_FLAWLESS_VICTORY_ANTIQUITY" RewardType="XP" Reward="50" />
		<Row ChallengeType="CHALLENGE_FRIEDRICH_ALT_FLAWLESS_VICTORY_EXPLORATION" RewardType="XP" Reward="50" />
		<Row ChallengeType="CHALLENGE_FRIEDRICH_ALT_FLAWLESS_VICTORY_MODERN" RewardType="XP" Reward="50" />
		<Row ChallengeType="CHALLENGE_FRIEDRICH_ALT_QUEST_A_ANTIQUITY" RewardType="XP" Reward="50" />
		<Row ChallengeType="CHALLENGE_FRIEDRICH_ALT_QUEST_B_ANTIQUITY" RewardType="XP" Reward="50" />
		<Row ChallengeType="CHALLENGE_FRIEDRICH_ALT_QUEST_A_EXPLORATION" RewardType="XP" Reward="50" />
		<Row ChallengeType="CHALLENGE_FRIEDRICH_ALT_QUEST_B_EXPLORATION" RewardType="XP" Reward="50" />
		<Row ChallengeType="CHALLENGE_FRIEDRICH_ALT_QUEST_A_MODERN" RewardType="XP" Reward="50" />
		<Row ChallengeType="CHALLENGE_FRIEDRICH_ALT_QUEST_B_MODERN" RewardType="XP" Reward="50" />
		<Row ChallengeType="CHALLENGE_FRIEDRICH_ALT_UNLOCKED_STRATEGYCARDS_EXPLORATION" RewardType="UnlockableReward" Reward="STRATEGYCARD_AS_FRIEDRICH_BAROQUE_EXPLORATION_1" />
		<Row ChallengeType="CHALLENGE_FRIEDRICH_ALT_UNLOCKED_STRATEGYCARDS_EXPLORATION" RewardType="UnlockableReward" Reward="STRATEGYCARD_AS_FRIEDRICH_BAROQUE_EXPLORATION_2" />
		<Row ChallengeType="CHALLENGE_FRIEDRICH_ALT_UNLOCKED_STRATEGYCARDS_MODERN" RewardType="UnlockableReward" Reward="STRATEGYCARD_AS_FRIEDRICH_BAROQUE_MODERN_1" />
		<Row ChallengeType="CHALLENGE_FRIEDRICH_ALT_UNLOCKED_STRATEGYCARDS_MODERN" RewardType="UnlockableReward" Reward="STRATEGYCARD_AS_FRIEDRICH_BAROQUE_MODERN_2" />
		<Row ChallengeType="CHALLENGE_XERXES_ALT_MILITARY_VICTORY_ANTIQUITY" RewardType="XP" Reward="50" />
		<Row ChallengeType="CHALLENGE_XERXES_ALT_MILITARY_VICTORY_ANTIQUITY_2" RewardType="XP" Reward="25" />
		<Row ChallengeType="CHALLENGE_XERXES_ALT_MILITARY_VICTORY_ANTIQUITY_3" RewardType="XP" Reward="25" />
		<Row ChallengeType="CHALLENGE_XERXES_ALT_ECONOMIC_VICTORY_ANTIQUITY" RewardType="XP" Reward="50" />
		<Row ChallengeType="CHALLENGE_XERXES_ALT_ECONOMIC_VICTORY_ANTIQUITY_2" RewardType="XP" Reward="25" />
		<Row ChallengeType="CHALLENGE_XERXES_ALT_ECONOMIC_VICTORY_ANTIQUITY_3" RewardType="XP" Reward="25" />
		<Row ChallengeType="CHALLENGE_XERXES_ALT_MILITARY_VICTORY_EXPLORATION" RewardType="XP" Reward="50" />
		<Row ChallengeType="CHALLENGE_XERXES_ALT_MILITARY_VICTORY_EXPLORATION_2" RewardType="XP" Reward="25" />
		<Row ChallengeType="CHALLENGE_XERXES_ALT_MILITARY_VICTORY_EXPLORATION_3" RewardType="XP" Reward="25" />
		<Row ChallengeType="CHALLENGE_XERXES_ALT_ECONOMIC_VICTORY_EXPLORATION" RewardType="XP" Reward="50" />
		<Row ChallengeType="CHALLENGE_XERXES_ALT_ECONOMIC_VICTORY_EXPLORATION_2" RewardType="XP" Reward="25" />
		<Row ChallengeType="CHALLENGE_XERXES_ALT_ECONOMIC_VICTORY_EXPLORATION_3" RewardType="XP" Reward="25" />
		<Row ChallengeType="CHALLENGE_XERXES_ALT_MILITARY_VICTORY_MODERN" RewardType="XP" Reward="50" />
		<Row ChallengeType="CHALLENGE_XERXES_ALT_MILITARY_VICTORY_MODERN_2" RewardType="XP" Reward="25" />
		<Row ChallengeType="CHALLENGE_XERXES_ALT_MILITARY_VICTORY_MODERN_3" RewardType="XP" Reward="25" />
		<Row ChallengeType="CHALLENGE_XERXES_ALT_ECONOMIC_VICTORY_MODERN" RewardType="XP" Reward="50" />
		<Row ChallengeType="CHALLENGE_XERXES_ALT_ECONOMIC_VICTORY_MODERN_2" RewardType="XP" Reward="25" />
		<Row ChallengeType="CHALLENGE_XERXES_ALT_ECONOMIC_VICTORY_MODERN_3" RewardType="XP" Reward="25" />
		<Row ChallengeType="CHALLENGE_XERXES_ALT_AGE_COMPLETED_ANTIQUITY" RewardType="XP" Reward="25" />
		<Row ChallengeType="CHALLENGE_XERXES_ALT_AGE_COMPLETED_ANTIQUITY_2" RewardType="XP" Reward="25" />
		<Row ChallengeType="CHALLENGE_XERXES_ALT_AGE_COMPLETED_ANTIQUITY_3" RewardType="XP" Reward="25" />
		<Row ChallengeType="CHALLENGE_XERXES_ALT_AGE_COMPLETED_EXPLORATION" RewardType="XP" Reward="25" />
		<Row ChallengeType="CHALLENGE_XERXES_ALT_AGE_COMPLETED_EXPLORATION_2" RewardType="XP" Reward="25" />
		<Row ChallengeType="CHALLENGE_XERXES_ALT_AGE_COMPLETED_EXPLORATION_3" RewardType="XP" Reward="25" />
		<Row ChallengeType="CHALLENGE_XERXES_ALT_AGE_COMPLETED_MODERN" RewardType="XP" Reward="25" />
		<Row ChallengeType="CHALLENGE_XERXES_ALT_AGE_COMPLETED_MODERN_2" RewardType="XP" Reward="25" />
		<Row ChallengeType="CHALLENGE_XERXES_ALT_AGE_COMPLETED_MODERN_3" RewardType="XP" Reward="25" />
		<Row ChallengeType="CHALLENGE_XERXES_ALT_PLAY_GAMES_1" RewardType="XP" Reward="25" />
		<Row ChallengeType="CHALLENGE_XERXES_ALT_PLAY_GAMES_2" RewardType="XP" Reward="25" />
		<Row ChallengeType="CHALLENGE_XERXES_ALT_PLAY_GAMES_3" RewardType="XP" Reward="25" />
		<Row ChallengeType="CHALLENGE_XERXES_ALT_SCIENCE_VICTORY_ANTIQUITY" RewardType="XP" Reward="50" />
		<Row ChallengeType="CHALLENGE_XERXES_ALT_SCIENCE_VICTORY_ANTIQUITY_2" RewardType="XP" Reward="25" />
		<Row ChallengeType="CHALLENGE_XERXES_ALT_SCIENCE_VICTORY_ANTIQUITY_3" RewardType="XP" Reward="25" />
		<Row ChallengeType="CHALLENGE_XERXES_ALT_SCIENCE_VICTORY_EXPLORATION" RewardType="XP" Reward="50" />
		<Row ChallengeType="CHALLENGE_XERXES_ALT_SCIENCE_VICTORY_EXPLORATION_2" RewardType="XP" Reward="25" />
		<Row ChallengeType="CHALLENGE_XERXES_ALT_SCIENCE_VICTORY_EXPLORATION_3" RewardType="XP" Reward="25" />
		<Row ChallengeType="CHALLENGE_XERXES_ALT_SCIENCE_VICTORY_MODERN" RewardType="XP" Reward="50" />
		<Row ChallengeType="CHALLENGE_XERXES_ALT_SCIENCE_VICTORY_MODERN_2" RewardType="XP" Reward="25" />
		<Row ChallengeType="CHALLENGE_XERXES_ALT_SCIENCE_VICTORY_MODERN_3" RewardType="XP" Reward="25" />
		<Row ChallengeType="CHALLENGE_XERXES_ALT_CULTURE_VICTORY_ANTIQUITY" RewardType="XP" Reward="50" />
		<Row ChallengeType="CHALLENGE_XERXES_ALT_CULTURE_VICTORY_ANTIQUITY_2" RewardType="XP" Reward="25" />
		<Row ChallengeType="CHALLENGE_XERXES_ALT_CULTURE_VICTORY_ANTIQUITY_3" RewardType="XP" Reward="25" />
		<Row ChallengeType="CHALLENGE_XERXES_ALT_CULTURE_VICTORY_EXPLORATION" RewardType="XP" Reward="50" />
		<Row ChallengeType="CHALLENGE_XERXES_ALT_CULTURE_VICTORY_EXPLORATION_2" RewardType="XP" Reward="25" />
		<Row ChallengeType="CHALLENGE_XERXES_ALT_CULTURE_VICTORY_EXPLORATION_3" RewardType="XP" Reward="25" />
		<Row ChallengeType="CHALLENGE_XERXES_ALT_CULTURE_VICTORY_MODERN" RewardType="XP" Reward="50" />
		<Row ChallengeType="CHALLENGE_XERXES_ALT_CULTURE_VICTORY_MODERN_2" RewardType="XP" Reward="25" />
		<Row ChallengeType="CHALLENGE_XERXES_ALT_CULTURE_VICTORY_MODERN_3" RewardType="XP" Reward="25" />
		<Row ChallengeType="CHALLENGE_XERXES_ALT_FLAWLESS_VICTORY_ANTIQUITY" RewardType="XP" Reward="50" />
		<Row ChallengeType="CHALLENGE_XERXES_ALT_FLAWLESS_VICTORY_EXPLORATION" RewardType="XP" Reward="50" />
		<Row ChallengeType="CHALLENGE_XERXES_ALT_FLAWLESS_VICTORY_MODERN" RewardType="XP" Reward="50" />
		<Row ChallengeType="CHALLENGE_XERXES_ALT_QUEST_A_ANTIQUITY" RewardType="XP" Reward="50" />
		<Row ChallengeType="CHALLENGE_XERXES_ALT_QUEST_B_ANTIQUITY" RewardType="XP" Reward="50" />
		<Row ChallengeType="CHALLENGE_XERXES_ALT_QUEST_A_EXPLORATION" RewardType="XP" Reward="50" />
		<Row ChallengeType="CHALLENGE_XERXES_ALT_QUEST_B_EXPLORATION" RewardType="XP" Reward="50" />
		<Row ChallengeType="CHALLENGE_XERXES_ALT_QUEST_A_MODERN" RewardType="XP" Reward="50" />
		<Row ChallengeType="CHALLENGE_XERXES_ALT_QUEST_B_MODERN" RewardType="XP" Reward="50" />
		<Row ChallengeType="CHALLENGE_XERXES_ALT_UNLOCKED_STRATEGYCARDS_EXPLORATION" RewardType="UnlockableReward" Reward="STRATEGYCARD_AS_XERXES_ACHAEMENID_EXPLORATION_1" />
		<Row ChallengeType="CHALLENGE_XERXES_ALT_UNLOCKED_STRATEGYCARDS_EXPLORATION" RewardType="UnlockableReward" Reward="STRATEGYCARD_AS_XERXES_ACHAEMENID_EXPLORATION_2" />
		<Row ChallengeType="CHALLENGE_XERXES_ALT_UNLOCKED_STRATEGYCARDS_MODERN" RewardType="UnlockableReward" Reward="STRATEGYCARD_AS_XERXES_ACHAEMENID_MODERN_1" />
		<Row ChallengeType="CHALLENGE_XERXES_ALT_UNLOCKED_STRATEGYCARDS_MODERN" RewardType="UnlockableReward" Reward="STRATEGYCARD_AS_XERXES_ACHAEMENID_MODERN_2" />
	</ChallengesRewards>
	<ChallengeEvents>
		<Row ChallengeEventType="CHALLENGE_EVENT_LEADER_FRIEDRICH_ALT_AGE_ENDED" DNAEventID="712870d9-4296-4efc-a002-1f1608e28750"  />
		<Row ChallengeEventType="CHALLENGE_EVENT_LEADER_FRIEDRICH_ALT_VICTORY_ACHIEVED" DNAEventID="3e71d8ae-f8b9-49e0-a217-b0bee84bbf00"  />
		<Row ChallengeEventType="CHALLENGE_EVENT_LEADER_FRIEDRICH_ALT_FLAWLESS_VICTORY_ACHIEVED" DNAEventID="444ea98d-94f1-43a5-a4b8-f48d05f39bd9"  />
		<Row ChallengeEventType="CHALLENGE_EVENT_LEADER_FRIEDRICH_ALT_LEGACY_PATH_MILESTONE_COMPLETED" DNAEventID="a8354837-3cc5-4a83-85d2-b8109948b577"  />
		<Row ChallengeEventType="CHALLENGE_EVENT_FRIEDRICH_ALT_QUEST_A_ANTIQUITY_COMPLETE" DNAEventID="0760b791-e8ea-42f0-a476-c531ebc5a9af" CompletesChallengeType="CHALLENGE_FRIEDRICH_ALT_QUEST_A_ANTIQUITY" />
		<Row ChallengeEventType="CHALLENGE_EVENT_FRIEDRICH_ALT_QUEST_B_ANTIQUITY_COMPLETE" DNAEventID="f37d8e28-503f-4ad5-8bdd-86b57a116153" CompletesChallengeType="CHALLENGE_FRIEDRICH_ALT_QUEST_B_ANTIQUITY" />
		<Row ChallengeEventType="CHALLENGE_EVENT_FRIEDRICH_ALT_QUEST_A_EXPLORATION_COMPLETE" DNAEventID="d41dce14-f394-4b0d-b43d-fb8de0fc071e" CompletesChallengeType="CHALLENGE_FRIEDRICH_ALT_QUEST_A_EXPLORATION" />
		<Row ChallengeEventType="CHALLENGE_EVENT_FRIEDRICH_ALT_QUEST_B_EXPLORATION_COMPLETE" DNAEventID="020a0678-a624-4b77-975e-035513f7a363" CompletesChallengeType="CHALLENGE_FRIEDRICH_ALT_QUEST_B_EXPLORATION" />
		<Row ChallengeEventType="CHALLENGE_EVENT_FRIEDRICH_ALT_QUEST_A_MODERN_COMPLETE" DNAEventID="89236c0f-3f37-4d79-9156-05f27b617da1" CompletesChallengeType="CHALLENGE_FRIEDRICH_ALT_QUEST_A_MODERN" />
		<Row ChallengeEventType="CHALLENGE_EVENT_FRIEDRICH_ALT_QUEST_B_MODERN_COMPLETE" DNAEventID="8646be40-d9a7-417a-aa86-fd8a4789f1ac" CompletesChallengeType="CHALLENGE_FRIEDRICH_ALT_QUEST_B_MODERN" />
		<Row ChallengeEventType="CHALLENGE_EVENT_FRIEDRICH_ALT_UNLOCKED_STRATEGYCARDS_EXPLORATION_COMPLETE" DNAEventID="153a59aa-6925-42de-90bf-b2af2becddb8" CompletesChallengeType="CHALLENGE_FRIEDRICH_ALT_UNLOCKED_STRATEGYCARDS_EXPLORATION" />
		<Row ChallengeEventType="CHALLENGE_EVENT_FRIEDRICH_ALT_UNLOCKED_STRATEGYCARDS_MODERN_COMPLETE" DNAEventID="63e38964-b55a-4fb3-b833-0eb929589bd7" CompletesChallengeType="CHALLENGE_FRIEDRICH_ALT_UNLOCKED_STRATEGYCARDS_MODERN" />
		<Row ChallengeEventType="CHALLENGE_EVENT_LEADER_XERXES_ALT_AGE_ENDED" DNAEventID="7af7278f-8bad-46e6-9a38-ceba0ddbf0c1"  />
		<Row ChallengeEventType="CHALLENGE_EVENT_LEADER_XERXES_ALT_VICTORY_ACHIEVED" DNAEventID="707520ce-e239-4204-a514-c3e2a1a603ce"  />
		<Row ChallengeEventType="CHALLENGE_EVENT_LEADER_XERXES_ALT_FLAWLESS_VICTORY_ACHIEVED" DNAEventID="11e7c151-79e7-4889-9570-4faeb9993753"  />
		<Row ChallengeEventType="CHALLENGE_EVENT_LEADER_XERXES_ALT_LEGACY_PATH_MILESTONE_COMPLETED" DNAEventID="bb3f1a98-2ad4-4ad3-aa3b-6ea1f43d2d88"  />
		<Row ChallengeEventType="CHALLENGE_EVENT_XERXES_ALT_QUEST_A_ANTIQUITY_COMPLETE" DNAEventID="f32c3c7c-64ad-4faf-89f4-53b46b3f4151" CompletesChallengeType="CHALLENGE_XERXES_ALT_QUEST_A_ANTIQUITY" />
		<Row ChallengeEventType="CHALLENGE_EVENT_XERXES_ALT_QUEST_B_ANTIQUITY_COMPLETE" DNAEventID="dee219c2-b5d6-4be6-9b2c-24efa11ca63f" CompletesChallengeType="CHALLENGE_XERXES_ALT_QUEST_B_ANTIQUITY" />
		<Row ChallengeEventType="CHALLENGE_EVENT_XERXES_ALT_QUEST_A_EXPLORATION_COMPLETE" DNAEventID="22087c1b-3eac-4ea8-92ec-b697636b8ee3" CompletesChallengeType="CHALLENGE_XERXES_ALT_QUEST_A_EXPLORATION" />
		<Row ChallengeEventType="CHALLENGE_EVENT_XERXES_ALT_QUEST_B_EXPLORATION_COMPLETE" DNAEventID="4e106150-39d7-436e-be7f-37a088567f31" CompletesChallengeType="CHALLENGE_XERXES_ALT_QUEST_B_EXPLORATION" />
		<Row ChallengeEventType="CHALLENGE_EVENT_XERXES_ALT_QUEST_A_MODERN_COMPLETE" DNAEventID="76a30963-9f9a-41f5-88cc-cbbd6551c732" CompletesChallengeType="CHALLENGE_XERXES_ALT_QUEST_A_MODERN" />
		<Row ChallengeEventType="CHALLENGE_EVENT_XERXES_ALT_QUEST_B_MODERN_COMPLETE" DNAEventID="598c980a-137b-4449-9ed0-89349dd02819" CompletesChallengeType="CHALLENGE_XERXES_ALT_QUEST_B_MODERN" />
		<Row ChallengeEventType="CHALLENGE_EVENT_XERXES_ALT_UNLOCKED_STRATEGYCARDS_EXPLORATION_COMPLETE" DNAEventID="9b19de80-13c6-4a14-9507-b7524930ebf2" CompletesChallengeType="CHALLENGE_XERXES_ALT_UNLOCKED_STRATEGYCARDS_EXPLORATION" />
		<Row ChallengeEventType="CHALLENGE_EVENT_XERXES_ALT_UNLOCKED_STRATEGYCARDS_MODERN_COMPLETE" DNAEventID="559d5ef0-49c5-49fe-95e9-7e7e7be185b7" CompletesChallengeType="CHALLENGE_XERXES_ALT_UNLOCKED_STRATEGYCARDS_MODERN" />
	</ChallengeEvents>
<ChallengeEventChallengeStatEffects>
		<Row ChallengeEventType="CHALLENGE_EVENT_LEADER_FRIEDRICH_ALT_VICTORY_ACHIEVED" ChallengeType="CHALLENGE_FRIEDRICH_ALT_MILITARY_VICTORY_ANTIQUITY" />
		<Row ChallengeEventType="CHALLENGE_EVENT_LEADER_FRIEDRICH_ALT_VICTORY_ACHIEVED" ChallengeType="CHALLENGE_FRIEDRICH_ALT_MILITARY_VICTORY_ANTIQUITY_2" />
		<Row ChallengeEventType="CHALLENGE_EVENT_LEADER_FRIEDRICH_ALT_VICTORY_ACHIEVED" ChallengeType="CHALLENGE_FRIEDRICH_ALT_MILITARY_VICTORY_ANTIQUITY_3" />
		<Row ChallengeEventType="CHALLENGE_EVENT_LEADER_FRIEDRICH_ALT_VICTORY_ACHIEVED" ChallengeType="CHALLENGE_FRIEDRICH_ALT_ECONOMIC_VICTORY_ANTIQUITY" />
		<Row ChallengeEventType="CHALLENGE_EVENT_LEADER_FRIEDRICH_ALT_VICTORY_ACHIEVED" ChallengeType="CHALLENGE_FRIEDRICH_ALT_ECONOMIC_VICTORY_ANTIQUITY_2" />
		<Row ChallengeEventType="CHALLENGE_EVENT_LEADER_FRIEDRICH_ALT_VICTORY_ACHIEVED" ChallengeType="CHALLENGE_FRIEDRICH_ALT_ECONOMIC_VICTORY_ANTIQUITY_3" />
		<Row ChallengeEventType="CHALLENGE_EVENT_LEADER_FRIEDRICH_ALT_VICTORY_ACHIEVED" ChallengeType="CHALLENGE_FRIEDRICH_ALT_MILITARY_VICTORY_EXPLORATION" />
		<Row ChallengeEventType="CHALLENGE_EVENT_LEADER_FRIEDRICH_ALT_VICTORY_ACHIEVED" ChallengeType="CHALLENGE_FRIEDRICH_ALT_MILITARY_VICTORY_EXPLORATION_2" />
		<Row ChallengeEventType="CHALLENGE_EVENT_LEADER_FRIEDRICH_ALT_VICTORY_ACHIEVED" ChallengeType="CHALLENGE_FRIEDRICH_ALT_MILITARY_VICTORY_EXPLORATION_3" />
		<Row ChallengeEventType="CHALLENGE_EVENT_LEADER_FRIEDRICH_ALT_VICTORY_ACHIEVED" ChallengeType="CHALLENGE_FRIEDRICH_ALT_ECONOMIC_VICTORY_EXPLORATION" />
		<Row ChallengeEventType="CHALLENGE_EVENT_LEADER_FRIEDRICH_ALT_VICTORY_ACHIEVED" ChallengeType="CHALLENGE_FRIEDRICH_ALT_ECONOMIC_VICTORY_EXPLORATION_2" />
		<Row ChallengeEventType="CHALLENGE_EVENT_LEADER_FRIEDRICH_ALT_VICTORY_ACHIEVED" ChallengeType="CHALLENGE_FRIEDRICH_ALT_ECONOMIC_VICTORY_EXPLORATION_3" />
		<Row ChallengeEventType="CHALLENGE_EVENT_LEADER_FRIEDRICH_ALT_VICTORY_ACHIEVED" ChallengeType="CHALLENGE_FRIEDRICH_ALT_MILITARY_VICTORY_MODERN" />
		<Row ChallengeEventType="CHALLENGE_EVENT_LEADER_FRIEDRICH_ALT_VICTORY_ACHIEVED" ChallengeType="CHALLENGE_FRIEDRICH_ALT_MILITARY_VICTORY_MODERN_2" />
		<Row ChallengeEventType="CHALLENGE_EVENT_LEADER_FRIEDRICH_ALT_VICTORY_ACHIEVED" ChallengeType="CHALLENGE_FRIEDRICH_ALT_MILITARY_VICTORY_MODERN_3" />
		<Row ChallengeEventType="CHALLENGE_EVENT_LEADER_FRIEDRICH_ALT_VICTORY_ACHIEVED" ChallengeType="CHALLENGE_FRIEDRICH_ALT_ECONOMIC_VICTORY_MODERN" />
		<Row ChallengeEventType="CHALLENGE_EVENT_LEADER_FRIEDRICH_ALT_VICTORY_ACHIEVED" ChallengeType="CHALLENGE_FRIEDRICH_ALT_ECONOMIC_VICTORY_MODERN_2" />
		<Row ChallengeEventType="CHALLENGE_EVENT_LEADER_FRIEDRICH_ALT_VICTORY_ACHIEVED" ChallengeType="CHALLENGE_FRIEDRICH_ALT_ECONOMIC_VICTORY_MODERN_3" />
		<Row ChallengeEventType="CHALLENGE_EVENT_LEADER_FRIEDRICH_ALT_AGE_ENDED" ChallengeType="CHALLENGE_FRIEDRICH_ALT_AGE_COMPLETED_ANTIQUITY" />
		<Row ChallengeEventType="CHALLENGE_EVENT_LEADER_FRIEDRICH_ALT_AGE_ENDED" ChallengeType="CHALLENGE_FRIEDRICH_ALT_AGE_COMPLETED_ANTIQUITY_2" />
		<Row ChallengeEventType="CHALLENGE_EVENT_LEADER_FRIEDRICH_ALT_AGE_ENDED" ChallengeType="CHALLENGE_FRIEDRICH_ALT_AGE_COMPLETED_ANTIQUITY_3" />
		<Row ChallengeEventType="CHALLENGE_EVENT_LEADER_FRIEDRICH_ALT_AGE_ENDED" ChallengeType="CHALLENGE_FRIEDRICH_ALT_AGE_COMPLETED_EXPLORATION" />
		<Row ChallengeEventType="CHALLENGE_EVENT_LEADER_FRIEDRICH_ALT_AGE_ENDED" ChallengeType="CHALLENGE_FRIEDRICH_ALT_AGE_COMPLETED_EXPLORATION_2" />
		<Row ChallengeEventType="CHALLENGE_EVENT_LEADER_FRIEDRICH_ALT_AGE_ENDED" ChallengeType="CHALLENGE_FRIEDRICH_ALT_AGE_COMPLETED_EXPLORATION_3" />
		<Row ChallengeEventType="CHALLENGE_EVENT_LEADER_FRIEDRICH_ALT_AGE_ENDED" ChallengeType="CHALLENGE_FRIEDRICH_ALT_AGE_COMPLETED_MODERN" />
		<Row ChallengeEventType="CHALLENGE_EVENT_LEADER_FRIEDRICH_ALT_AGE_ENDED" ChallengeType="CHALLENGE_FRIEDRICH_ALT_AGE_COMPLETED_MODERN_2" />
		<Row ChallengeEventType="CHALLENGE_EVENT_LEADER_FRIEDRICH_ALT_AGE_ENDED" ChallengeType="CHALLENGE_FRIEDRICH_ALT_AGE_COMPLETED_MODERN_3" />
		<Row ChallengeEventType="CHALLENGE_EVENT_LEADER_FRIEDRICH_ALT_LEGACY_PATH_MILESTONE_COMPLETED" ChallengeType="CHALLENGE_FRIEDRICH_ALT_PLAY_GAMES_1" />
		<Row ChallengeEventType="CHALLENGE_EVENT_LEADER_FRIEDRICH_ALT_LEGACY_PATH_MILESTONE_COMPLETED" ChallengeType="CHALLENGE_FRIEDRICH_ALT_PLAY_GAMES_2" />
		<Row ChallengeEventType="CHALLENGE_EVENT_LEADER_FRIEDRICH_ALT_LEGACY_PATH_MILESTONE_COMPLETED" ChallengeType="CHALLENGE_FRIEDRICH_ALT_PLAY_GAMES_3" />
		<Row ChallengeEventType="CHALLENGE_EVENT_LEADER_FRIEDRICH_ALT_VICTORY_ACHIEVED" ChallengeType="CHALLENGE_FRIEDRICH_ALT_SCIENCE_VICTORY_ANTIQUITY" />
		<Row ChallengeEventType="CHALLENGE_EVENT_LEADER_FRIEDRICH_ALT_VICTORY_ACHIEVED" ChallengeType="CHALLENGE_FRIEDRICH_ALT_SCIENCE_VICTORY_ANTIQUITY_2" />
		<Row ChallengeEventType="CHALLENGE_EVENT_LEADER_FRIEDRICH_ALT_VICTORY_ACHIEVED" ChallengeType="CHALLENGE_FRIEDRICH_ALT_SCIENCE_VICTORY_ANTIQUITY_3" />
		<Row ChallengeEventType="CHALLENGE_EVENT_LEADER_FRIEDRICH_ALT_VICTORY_ACHIEVED" ChallengeType="CHALLENGE_FRIEDRICH_ALT_SCIENCE_VICTORY_EXPLORATION" />
		<Row ChallengeEventType="CHALLENGE_EVENT_LEADER_FRIEDRICH_ALT_VICTORY_ACHIEVED" ChallengeType="CHALLENGE_FRIEDRICH_ALT_SCIENCE_VICTORY_EXPLORATION_2" />
		<Row ChallengeEventType="CHALLENGE_EVENT_LEADER_FRIEDRICH_ALT_VICTORY_ACHIEVED" ChallengeType="CHALLENGE_FRIEDRICH_ALT_SCIENCE_VICTORY_EXPLORATION_3" />
		<Row ChallengeEventType="CHALLENGE_EVENT_LEADER_FRIEDRICH_ALT_VICTORY_ACHIEVED" ChallengeType="CHALLENGE_FRIEDRICH_ALT_SCIENCE_VICTORY_MODERN" />
		<Row ChallengeEventType="CHALLENGE_EVENT_LEADER_FRIEDRICH_ALT_VICTORY_ACHIEVED" ChallengeType="CHALLENGE_FRIEDRICH_ALT_SCIENCE_VICTORY_MODERN_2" />
		<Row ChallengeEventType="CHALLENGE_EVENT_LEADER_FRIEDRICH_ALT_VICTORY_ACHIEVED" ChallengeType="CHALLENGE_FRIEDRICH_ALT_SCIENCE_VICTORY_MODERN_3" />
		<Row ChallengeEventType="CHALLENGE_EVENT_LEADER_FRIEDRICH_ALT_VICTORY_ACHIEVED" ChallengeType="CHALLENGE_FRIEDRICH_ALT_CULTURE_VICTORY_ANTIQUITY" />
		<Row ChallengeEventType="CHALLENGE_EVENT_LEADER_FRIEDRICH_ALT_VICTORY_ACHIEVED" ChallengeType="CHALLENGE_FRIEDRICH_ALT_CULTURE_VICTORY_ANTIQUITY_2" />
		<Row ChallengeEventType="CHALLENGE_EVENT_LEADER_FRIEDRICH_ALT_VICTORY_ACHIEVED" ChallengeType="CHALLENGE_FRIEDRICH_ALT_CULTURE_VICTORY_ANTIQUITY_3" />
		<Row ChallengeEventType="CHALLENGE_EVENT_LEADER_FRIEDRICH_ALT_VICTORY_ACHIEVED" ChallengeType="CHALLENGE_FRIEDRICH_ALT_CULTURE_VICTORY_EXPLORATION" />
		<Row ChallengeEventType="CHALLENGE_EVENT_LEADER_FRIEDRICH_ALT_VICTORY_ACHIEVED" ChallengeType="CHALLENGE_FRIEDRICH_ALT_CULTURE_VICTORY_EXPLORATION_2" />
		<Row ChallengeEventType="CHALLENGE_EVENT_LEADER_FRIEDRICH_ALT_VICTORY_ACHIEVED" ChallengeType="CHALLENGE_FRIEDRICH_ALT_CULTURE_VICTORY_EXPLORATION_3" />
		<Row ChallengeEventType="CHALLENGE_EVENT_LEADER_FRIEDRICH_ALT_VICTORY_ACHIEVED" ChallengeType="CHALLENGE_FRIEDRICH_ALT_CULTURE_VICTORY_MODERN" />
		<Row ChallengeEventType="CHALLENGE_EVENT_LEADER_FRIEDRICH_ALT_VICTORY_ACHIEVED" ChallengeType="CHALLENGE_FRIEDRICH_ALT_CULTURE_VICTORY_MODERN_2" />
		<Row ChallengeEventType="CHALLENGE_EVENT_LEADER_FRIEDRICH_ALT_VICTORY_ACHIEVED" ChallengeType="CHALLENGE_FRIEDRICH_ALT_CULTURE_VICTORY_MODERN_3" />
		<Row ChallengeEventType="CHALLENGE_EVENT_LEADER_XERXES_ALT_VICTORY_ACHIEVED" ChallengeType="CHALLENGE_XERXES_ALT_MILITARY_VICTORY_ANTIQUITY" />
		<Row ChallengeEventType="CHALLENGE_EVENT_LEADER_XERXES_ALT_VICTORY_ACHIEVED" ChallengeType="CHALLENGE_XERXES_ALT_MILITARY_VICTORY_ANTIQUITY_2" />
		<Row ChallengeEventType="CHALLENGE_EVENT_LEADER_XERXES_ALT_VICTORY_ACHIEVED" ChallengeType="CHALLENGE_XERXES_ALT_MILITARY_VICTORY_ANTIQUITY_3" />
		<Row ChallengeEventType="CHALLENGE_EVENT_LEADER_XERXES_ALT_VICTORY_ACHIEVED" ChallengeType="CHALLENGE_XERXES_ALT_ECONOMIC_VICTORY_ANTIQUITY" />
		<Row ChallengeEventType="CHALLENGE_EVENT_LEADER_XERXES_ALT_VICTORY_ACHIEVED" ChallengeType="CHALLENGE_XERXES_ALT_ECONOMIC_VICTORY_ANTIQUITY_2" />
		<Row ChallengeEventType="CHALLENGE_EVENT_LEADER_XERXES_ALT_VICTORY_ACHIEVED" ChallengeType="CHALLENGE_XERXES_ALT_ECONOMIC_VICTORY_ANTIQUITY_3" />
		<Row ChallengeEventType="CHALLENGE_EVENT_LEADER_XERXES_ALT_VICTORY_ACHIEVED" ChallengeType="CHALLENGE_XERXES_ALT_MILITARY_VICTORY_EXPLORATION" />
		<Row ChallengeEventType="CHALLENGE_EVENT_LEADER_XERXES_ALT_VICTORY_ACHIEVED" ChallengeType="CHALLENGE_XERXES_ALT_MILITARY_VICTORY_EXPLORATION_2" />
		<Row ChallengeEventType="CHALLENGE_EVENT_LEADER_XERXES_ALT_VICTORY_ACHIEVED" ChallengeType="CHALLENGE_XERXES_ALT_MILITARY_VICTORY_EXPLORATION_3" />
		<Row ChallengeEventType="CHALLENGE_EVENT_LEADER_XERXES_ALT_VICTORY_ACHIEVED" ChallengeType="CHALLENGE_XERXES_ALT_ECONOMIC_VICTORY_EXPLORATION" />
		<Row ChallengeEventType="CHALLENGE_EVENT_LEADER_XERXES_ALT_VICTORY_ACHIEVED" ChallengeType="CHALLENGE_XERXES_ALT_ECONOMIC_VICTORY_EXPLORATION_2" />
		<Row ChallengeEventType="CHALLENGE_EVENT_LEADER_XERXES_ALT_VICTORY_ACHIEVED" ChallengeType="CHALLENGE_XERXES_ALT_ECONOMIC_VICTORY_EXPLORATION_3" />
		<Row ChallengeEventType="CHALLENGE_EVENT_LEADER_XERXES_ALT_VICTORY_ACHIEVED" ChallengeType="CHALLENGE_XERXES_ALT_MILITARY_VICTORY_MODERN" />
		<Row ChallengeEventType="CHALLENGE_EVENT_LEADER_XERXES_ALT_VICTORY_ACHIEVED" ChallengeType="CHALLENGE_XERXES_ALT_MILITARY_VICTORY_MODERN_2" />
		<Row ChallengeEventType="CHALLENGE_EVENT_LEADER_XERXES_ALT_VICTORY_ACHIEVED" ChallengeType="CHALLENGE_XERXES_ALT_MILITARY_VICTORY_MODERN_3" />
		<Row ChallengeEventType="CHALLENGE_EVENT_LEADER_XERXES_ALT_VICTORY_ACHIEVED" ChallengeType="CHALLENGE_XERXES_ALT_ECONOMIC_VICTORY_MODERN" />
		<Row ChallengeEventType="CHALLENGE_EVENT_LEADER_XERXES_ALT_VICTORY_ACHIEVED" ChallengeType="CHALLENGE_XERXES_ALT_ECONOMIC_VICTORY_MODERN_2" />
		<Row ChallengeEventType="CHALLENGE_EVENT_LEADER_XERXES_ALT_VICTORY_ACHIEVED" ChallengeType="CHALLENGE_XERXES_ALT_ECONOMIC_VICTORY_MODERN_3" />
		<Row ChallengeEventType="CHALLENGE_EVENT_LEADER_XERXES_ALT_AGE_ENDED" ChallengeType="CHALLENGE_XERXES_ALT_AGE_COMPLETED_ANTIQUITY" />
		<Row ChallengeEventType="CHALLENGE_EVENT_LEADER_XERXES_ALT_AGE_ENDED" ChallengeType="CHALLENGE_XERXES_ALT_AGE_COMPLETED_ANTIQUITY_2" />
		<Row ChallengeEventType="CHALLENGE_EVENT_LEADER_XERXES_ALT_AGE_ENDED" ChallengeType="CHALLENGE_XERXES_ALT_AGE_COMPLETED_ANTIQUITY_3" />
		<Row ChallengeEventType="CHALLENGE_EVENT_LEADER_XERXES_ALT_AGE_ENDED" ChallengeType="CHALLENGE_XERXES_ALT_AGE_COMPLETED_EXPLORATION" />
		<Row ChallengeEventType="CHALLENGE_EVENT_LEADER_XERXES_ALT_AGE_ENDED" ChallengeType="CHALLENGE_XERXES_ALT_AGE_COMPLETED_EXPLORATION_2" />
		<Row ChallengeEventType="CHALLENGE_EVENT_LEADER_XERXES_ALT_AGE_ENDED" ChallengeType="CHALLENGE_XERXES_ALT_AGE_COMPLETED_EXPLORATION_3" />
		<Row ChallengeEventType="CHALLENGE_EVENT_LEADER_XERXES_ALT_AGE_ENDED" ChallengeType="CHALLENGE_XERXES_ALT_AGE_COMPLETED_MODERN" />
		<Row ChallengeEventType="CHALLENGE_EVENT_LEADER_XERXES_ALT_AGE_ENDED" ChallengeType="CHALLENGE_XERXES_ALT_AGE_COMPLETED_MODERN_2" />
		<Row ChallengeEventType="CHALLENGE_EVENT_LEADER_XERXES_ALT_AGE_ENDED" ChallengeType="CHALLENGE_XERXES_ALT_AGE_COMPLETED_MODERN_3" />
		<Row ChallengeEventType="CHALLENGE_EVENT_LEADER_XERXES_ALT_LEGACY_PATH_MILESTONE_COMPLETED" ChallengeType="CHALLENGE_XERXES_ALT_PLAY_GAMES_1" />
		<Row ChallengeEventType="CHALLENGE_EVENT_LEADER_XERXES_ALT_LEGACY_PATH_MILESTONE_COMPLETED" ChallengeType="CHALLENGE_XERXES_ALT_PLAY_GAMES_2" />
		<Row ChallengeEventType="CHALLENGE_EVENT_LEADER_XERXES_ALT_LEGACY_PATH_MILESTONE_COMPLETED" ChallengeType="CHALLENGE_XERXES_ALT_PLAY_GAMES_3" />
		<Row ChallengeEventType="CHALLENGE_EVENT_LEADER_XERXES_ALT_VICTORY_ACHIEVED" ChallengeType="CHALLENGE_XERXES_ALT_SCIENCE_VICTORY_ANTIQUITY" />
		<Row ChallengeEventType="CHALLENGE_EVENT_LEADER_XERXES_ALT_VICTORY_ACHIEVED" ChallengeType="CHALLENGE_XERXES_ALT_SCIENCE_VICTORY_ANTIQUITY_2" />
		<Row ChallengeEventType="CHALLENGE_EVENT_LEADER_XERXES_ALT_VICTORY_ACHIEVED" ChallengeType="CHALLENGE_XERXES_ALT_SCIENCE_VICTORY_ANTIQUITY_3" />
		<Row ChallengeEventType="CHALLENGE_EVENT_LEADER_XERXES_ALT_VICTORY_ACHIEVED" ChallengeType="CHALLENGE_XERXES_ALT_SCIENCE_VICTORY_EXPLORATION" />
		<Row ChallengeEventType="CHALLENGE_EVENT_LEADER_XERXES_ALT_VICTORY_ACHIEVED" ChallengeType="CHALLENGE_XERXES_ALT_SCIENCE_VICTORY_EXPLORATION_2" />
		<Row ChallengeEventType="CHALLENGE_EVENT_LEADER_XERXES_ALT_VICTORY_ACHIEVED" ChallengeType="CHALLENGE_XERXES_ALT_SCIENCE_VICTORY_EXPLORATION_3" />
		<Row ChallengeEventType="CHALLENGE_EVENT_LEADER_XERXES_ALT_VICTORY_ACHIEVED" ChallengeType="CHALLENGE_XERXES_ALT_SCIENCE_VICTORY_MODERN" />
		<Row ChallengeEventType="CHALLENGE_EVENT_LEADER_XERXES_ALT_VICTORY_ACHIEVED" ChallengeType="CHALLENGE_XERXES_ALT_SCIENCE_VICTORY_MODERN_2" />
		<Row ChallengeEventType="CHALLENGE_EVENT_LEADER_XERXES_ALT_VICTORY_ACHIEVED" ChallengeType="CHALLENGE_XERXES_ALT_SCIENCE_VICTORY_MODERN_3" />
		<Row ChallengeEventType="CHALLENGE_EVENT_LEADER_XERXES_ALT_VICTORY_ACHIEVED" ChallengeType="CHALLENGE_XERXES_ALT_CULTURE_VICTORY_ANTIQUITY" />
		<Row ChallengeEventType="CHALLENGE_EVENT_LEADER_XERXES_ALT_VICTORY_ACHIEVED" ChallengeType="CHALLENGE_XERXES_ALT_CULTURE_VICTORY_ANTIQUITY_2" />
		<Row ChallengeEventType="CHALLENGE_EVENT_LEADER_XERXES_ALT_VICTORY_ACHIEVED" ChallengeType="CHALLENGE_XERXES_ALT_CULTURE_VICTORY_ANTIQUITY_3" />
		<Row ChallengeEventType="CHALLENGE_EVENT_LEADER_XERXES_ALT_VICTORY_ACHIEVED" ChallengeType="CHALLENGE_XERXES_ALT_CULTURE_VICTORY_EXPLORATION" />
		<Row ChallengeEventType="CHALLENGE_EVENT_LEADER_XERXES_ALT_VICTORY_ACHIEVED" ChallengeType="CHALLENGE_XERXES_ALT_CULTURE_VICTORY_EXPLORATION_2" />
		<Row ChallengeEventType="CHALLENGE_EVENT_LEADER_XERXES_ALT_VICTORY_ACHIEVED" ChallengeType="CHALLENGE_XERXES_ALT_CULTURE_VICTORY_EXPLORATION_3" />
		<Row ChallengeEventType="CHALLENGE_EVENT_LEADER_XERXES_ALT_VICTORY_ACHIEVED" ChallengeType="CHALLENGE_XERXES_ALT_CULTURE_VICTORY_MODERN" />
		<Row ChallengeEventType="CHALLENGE_EVENT_LEADER_XERXES_ALT_VICTORY_ACHIEVED" ChallengeType="CHALLENGE_XERXES_ALT_CULTURE_VICTORY_MODERN_2" />
		<Row ChallengeEventType="CHALLENGE_EVENT_LEADER_XERXES_ALT_VICTORY_ACHIEVED" ChallengeType="CHALLENGE_XERXES_ALT_CULTURE_VICTORY_MODERN_3" />
	</ChallengeEventChallengeStatEffects>
	<ChallengeCategoryData>
		<Row Id="CHALLENGE_CATEGORY_LEADER_FRIEDRICH_ALT" Name="LOC_LEADER_FRIEDRICH_ALT_NAME" SortIndex="27000" />
		<Row Id="CHALLENGE_CATEGORY_LEADER_XERXES_ALT" Name="LOC_LEADER_XERXES_ALT_NAME" SortIndex="45000" />
	</ChallengeCategoryData>
</Database>