<?xml version="1.0" encoding="UTF-8" standalone="yes"?>
<Database xmlns="UnlockableRewards">
	<Rewards>
		<Row GameItemID="BADGE_FRIEDRICH_BAROQUE" DNAItemID="8c27c4b7738a4a1e90f456131a987ecc" CustomData="ba_friedrich_baroque" Type="UNLOCKABLEREWARD_TYPE_BADGE" Name="LOC_BADGE_FRIEDRICH_BAROQUE_NAME" Description="LOC_BADGE_DESCRIPTION" SortIndex="110700"/>
		<Row GameItemID="BADGE_FRIEDRICH_BAROQUE_P" DNAItemID="8e081e31f7904a948feab855390cf915" CustomData="ba_friedrich_baroque_p" Type="UNLOCKABLEREWARD_TYPE_BADGE" Name="LOC_BADGE_FRIEDRICH_BAROQUE_P_NAME" Description="LOC_BADGE_DESCRIPTION" SortIndex="112600"/>
		<Row GameItemID="BANNER_FRIEDRICH_BAROQUE" DNAItemID="8186330af96c4d10aa9a73ef8b76d9c3" CustomData="bn_friedrich_baroque" Type="UNLOCKABLEREWARD_TYPE_BANNER" Name="LOC_BANNER_FRIEDRICH_BAROQUE_NAME" Description="LOC_BANNER_DESCRIPTION" SortIndex="210850"/>
		<Row GameItemID="MEMENTO_FRIEDRICH_BAROQUE_FLUTE" DNAItemID="3e604490b581401989a9950cb1c8614f" CustomData="mem_min_flute" Type="UNLOCKABLEREWARD_TYPE_MEMENTO" Name="LOC_MEMENTO_FRIEDRICH_BAROQUE_FLUTE_NAME" Description="LOC_MEMENTO_FRIEDRICH_BAROQUE_FLUTE_DESCRIPTION" SortIndex="100000"/>
		<Row GameItemID="MEMENTO_FRIEDRICH_BAROQUE_VOLTAIRE_EDITS" DNAItemID="0a581e7c39bf4825aa5239c3d6ce3947" CustomData="mem_min_voltaires_edits" Type="UNLOCKABLEREWARD_TYPE_MEMENTO" Name="LOC_MEMENTO_FRIEDRICH_BAROQUE_VOLTAIRE_EDITS_NAME" Description="LOC_MEMENTO_FRIEDRICH_BAROQUE_VOLTAIRE_EDITS_DESCRIPTION" SortIndex="100000"/>
		<Row GameItemID="MEMENTO_FRIEDRICH_BAROQUE_ANTI_MACHIAVEL" DNAItemID="df90a976320346989565ca0a792c2fb9" CustomData="mem_min_anti_machiavel" Type="UNLOCKABLEREWARD_TYPE_MEMENTO" Name="LOC_MEMENTO_FRIEDRICH_BAROQUE_ANTI_MACHIAVEL_NAME" Description="LOC_MEMENTO_FRIEDRICH_BAROQUE_ANTI_MACHIAVEL_DESCRIPTION" SortIndex="100000"/>
		<Row GameItemID="TITLE_FRIEDRICH_BAROQUE" DNAItemID="665c747cbb294346be7ee91798c8cb11" CustomData="LOC_PROFILE_TITLE_FRIEDRICH_BAROQUE" Type="UNLOCKABLEREWARD_TYPE_TITLE" Name="LOC_TITLE_FRIEDRICH_BAROQUE_NAME" Description="LOC_TITLE_DESCRIPTION" SortIndex="410850"/>
		<Row GameItemID="STRATEGYCARD_FRIEDRICH_BAROQUE_EXPLORATION_1" DNAItemID="c8c0b53bf94d42c0903d33258e24df12" CustomData="prof_card" Type="UNLOCKABLEREWARD_TYPE_STRACARD" Name="LOC_STRATEGYCARD_FRIEDRICH_BAROQUE_EXPLORATION_1_NAME" Description="LOC_STRATEGYCARD_FRIEDRICH_BAROQUE_EXPLORATION_1_DESCRIPTION" SortIndex="100000"/>
		<Row GameItemID="STRATEGYCARD_FRIEDRICH_BAROQUE_EXPLORATION_2" DNAItemID="d40541495ac142d693ad7ed0ea81d420" CustomData="prof_card" Type="UNLOCKABLEREWARD_TYPE_STRACARD" Name="LOC_STRATEGYCARD_FRIEDRICH_BAROQUE_EXPLORATION_2_NAME" Description="LOC_STRATEGYCARD_FRIEDRICH_BAROQUE_EXPLORATION_2_DESCRIPTION" SortIndex="100000"/>
		<Row GameItemID="STRATEGYCARD_FRIEDRICH_BAROQUE_MODERN_1" DNAItemID="012ef1d0e8d94d34b5521947a4f5f252" CustomData="prof_card" Type="UNLOCKABLEREWARD_TYPE_STRACARD" Name="LOC_STRATEGYCARD_FRIEDRICH_BAROQUE_MODERN_1_NAME" Description="LOC_STRATEGYCARD_FRIEDRICH_BAROQUE_MODERN_1_DESCRIPTION" SortIndex="100000"/>
		<Row GameItemID="STRATEGYCARD_FRIEDRICH_BAROQUE_MODERN_2" DNAItemID="769800d17f4649b69b0760d652e8dd10" CustomData="prof_card" Type="UNLOCKABLEREWARD_TYPE_STRACARD" Name="LOC_STRATEGYCARD_FRIEDRICH_BAROQUE_MODERN_2_NAME" Description="LOC_STRATEGYCARD_FRIEDRICH_BAROQUE_MODERN_2_DESCRIPTION" SortIndex="100000"/>
		<Row GameItemID="STRATEGYCARD_AS_FRIEDRICH_BAROQUE_EXPLORATION_1" DNAItemID="db739d1719664a738130376c89c6b9d1" CustomData="prof_card" Type="UNLOCKABLEREWARD_TYPE_STRACARD" Name="LOC_STRATEGYCARD_FRIEDRICH_BAROQUE_EXPLORATION_1_NAME" Description="LOC_STRATEGYCARD_FRIEDRICH_BAROQUE_EXPLORATION_1_DESCRIPTION" SortIndex="100000"/>
		<Row GameItemID="STRATEGYCARD_AS_FRIEDRICH_BAROQUE_EXPLORATION_2" DNAItemID="b255344b50394793a859c1804be74562" CustomData="prof_card" Type="UNLOCKABLEREWARD_TYPE_STRACARD" Name="LOC_STRATEGYCARD_FRIEDRICH_BAROQUE_EXPLORATION_2_NAME" Description="LOC_STRATEGYCARD_FRIEDRICH_BAROQUE_EXPLORATION_2_DESCRIPTION" SortIndex="100000"/>
		<Row GameItemID="STRATEGYCARD_AS_FRIEDRICH_BAROQUE_MODERN_1" DNAItemID="d8a2908b98434fea9e93b603a54da07a" CustomData="prof_card" Type="UNLOCKABLEREWARD_TYPE_STRACARD" Name="LOC_STRATEGYCARD_FRIEDRICH_BAROQUE_MODERN_1_NAME" Description="LOC_STRATEGYCARD_FRIEDRICH_BAROQUE_MODERN_1_DESCRIPTION" SortIndex="100000"/>
		<Row GameItemID="STRATEGYCARD_AS_FRIEDRICH_BAROQUE_MODERN_2" DNAItemID="2fc42c6340d84ecabad8630f413ca234" CustomData="prof_card" Type="UNLOCKABLEREWARD_TYPE_STRACARD" Name="LOC_STRATEGYCARD_FRIEDRICH_BAROQUE_MODERN_2_NAME" Description="LOC_STRATEGYCARD_FRIEDRICH_BAROQUE_MODERN_2_DESCRIPTION" SortIndex="100000"/>
		<Row GameItemID="NODE_ATTRIBUTE_CULTURAL_LEGEND_FRIEDRICH_ALT_L1" DNAItemID="1ed53590e155406eb03f481a83cdd3a0" CustomData="prof_attributes" Type="UNLOCKABLEREWARD_TYPE_ATTRINODE" Name="LOC_ATTRIBUTENODE_FRIEDRICH_BAROQUE_L1_NAME" Description="LOC_ATTRIBUTENODE_FRIEDRICH_BAROQUE_L1_DESCRIPTION" SortIndex="100000"/>
		<Row GameItemID="NODE_ATTRIBUTE_MILITARISTIC_LEGEND_FRIEDRICH_ALT_L2" DNAItemID="cba9a69296a74ebc9faf70c2afa84106" CustomData="prof_attributes" Type="UNLOCKABLEREWARD_TYPE_ATTRINODE" Name="LOC_ATTRIBUTENODE_FRIEDRICH_BAROQUE_L2_NAME" Description="LOC_ATTRIBUTENODE_FRIEDRICH_BAROQUE_L2_DESCRIPTION" SortIndex="100000"/>
		<Row GameItemID="BADGE_XERXES_ACHAEMENID" DNAItemID="3c8d50520e1841b4a0be3f54549acfe4" CustomData="ba_xerxes_achaemenid" Type="UNLOCKABLEREWARD_TYPE_BADGE" Name="LOC_BADGE_XERXES_ACHAEMENID_NAME" Description="LOC_BADGE_DESCRIPTION" SortIndex="111800"/>
		<Row GameItemID="BADGE_XERXES_ACHAEMENID_P" DNAItemID="0467072369bd48789035d3fde1b4b336" CustomData="ba_xerxes_achaemenid_p" Type="UNLOCKABLEREWARD_TYPE_BADGE" Name="LOC_BADGE_XERXES_ACHAEMENID_P_NAME" Description="LOC_BADGE_DESCRIPTION" SortIndex="113700"/>
		<Row GameItemID="BANNER_XERXES_ACHAEMENID" DNAItemID="eb3552ebf3de4b10979687a9f2ad8c4f" CustomData="bn_xerxes_achaemenid" Type="UNLOCKABLEREWARD_TYPE_BANNER" Name="LOC_BANNER_XERXES_ACHAEMENID_NAME" Description="LOC_BANNER_DESCRIPTION" SortIndex="211950"/>
		<Row GameItemID="MEMENTO_XERXES_ACHAEMENID_INCENSE_CENSER" DNAItemID="8f4485d1151d400497a5561bdbf434f2" CustomData="mem_min_incense_censer" Type="UNLOCKABLEREWARD_TYPE_MEMENTO" Name="LOC_MEMENTO_XERXES_ACHAEMENID_INCENSE_CENSER_NAME" Description="LOC_MEMENTO_XERXES_ACHAEMENID_INCENSE_CENSER_DESCRIPTION" SortIndex="100000"/>
		<Row GameItemID="MEMENTO_XERXES_ACHAEMENID_GOLD_FLUTED_PHIALE" DNAItemID="ae55ca855c4e433cb49d814b8c9befef" CustomData="mem_min_gold_fluted_phiale" Type="UNLOCKABLEREWARD_TYPE_MEMENTO" Name="LOC_MEMENTO_XERXES_ACHAEMENID_GOLD_FLUTED_PHIALE_NAME" Description="LOC_MEMENTO_XERXES_ACHAEMENID_GOLD_FLUTED_PHIALE_DESCRIPTION" SortIndex="100000"/>
		<Row GameItemID="MEMENTO_XERXES_ACHAEMENID_CHALCEDONY_SEAL" DNAItemID="53e902258c7c43f58efa5bd1896d8572" CustomData="mem_min_chalcedony_seal" Type="UNLOCKABLEREWARD_TYPE_MEMENTO" Name="LOC_MEMENTO_XERXES_ACHAEMENID_CHALCEDONY_SEAL_NAME" Description="LOC_MEMENTO_XERXES_ACHAEMENID_CHALCEDONY_SEAL_DESCRIPTION" SortIndex="100000"/>
		<Row GameItemID="TITLE_XERXES_ACHAEMENID" DNAItemID="c30b96b4ed9e455d91fef3581259e92c" CustomData="LOC_PROFILE_TITLE_XERXES_ACHAEMENID" Type="UNLOCKABLEREWARD_TYPE_TITLE" Name="LOC_TITLE_XERXES_ACHAEMENID_NAME" Description="LOC_TITLE_DESCRIPTION" SortIndex="411850"/>
		<Row GameItemID="STRATEGYCARD_XERXES_ACHAEMENID_EXPLORATION_1" DNAItemID="e6bafca63f1c47a2a92473aa38e7e93d" CustomData="prof_card" Type="UNLOCKABLEREWARD_TYPE_STRACARD" Name="LOC_STRATEGYCARD_XERXES_ACHAEMENID_EXPLORATION_1_NAME" Description="LOC_STRATEGYCARD_XERXES_ACHAEMENID_EXPLORATION_1_DESCRIPTION" SortIndex="100000"/>
		<Row GameItemID="STRATEGYCARD_XERXES_ACHAEMENID_EXPLORATION_2" DNAItemID="84a6bbabb346434c805664fae5b49bc8" CustomData="prof_card" Type="UNLOCKABLEREWARD_TYPE_STRACARD" Name="LOC_STRATEGYCARD_XERXES_ACHAEMENID_EXPLORATION_2_NAME" Description="LOC_STRATEGYCARD_XERXES_ACHAEMENID_EXPLORATION_2_DESCRIPTION" SortIndex="100000"/>
		<Row GameItemID="STRATEGYCARD_XERXES_ACHAEMENID_MODERN_1" DNAItemID="b4a0ffe48bbd4157ad20b1ab3926eb66" CustomData="prof_card" Type="UNLOCKABLEREWARD_TYPE_STRACARD" Name="LOC_STRATEGYCARD_XERXES_ACHAEMENID_MODERN_1_NAME" Description="LOC_STRATEGYCARD_XERXES_ACHAEMENID_MODERN_1_DESCRIPTION" SortIndex="100000"/>
		<Row GameItemID="STRATEGYCARD_XERXES_ACHAEMENID_MODERN_2" DNAItemID="fdb2f7fe6b804504834ee2fae757e74d" CustomData="prof_card" Type="UNLOCKABLEREWARD_TYPE_STRACARD" Name="LOC_STRATEGYCARD_XERXES_ACHAEMENID_MODERN_2_NAME" Description="LOC_STRATEGYCARD_XERXES_ACHAEMENID_MODERN_2_DESCRIPTION" SortIndex="100000"/>
		<Row GameItemID="STRATEGYCARD_AS_XERXES_ACHAEMENID_EXPLORATION_1" DNAItemID="7e9680708195460a8306266d8feee5ba" CustomData="prof_card" Type="UNLOCKABLEREWARD_TYPE_STRACARD" Name="LOC_STRATEGYCARD_XERXES_ACHAEMENID_EXPLORATION_1_NAME" Description="LOC_STRATEGYCARD_XERXES_ACHAEMENID_EXPLORATION_1_DESCRIPTION" SortIndex="100000"/>
		<Row GameItemID="STRATEGYCARD_AS_XERXES_ACHAEMENID_EXPLORATION_2" DNAItemID="c6bf447e8b024b12b3dae686ab46a686" CustomData="prof_card" Type="UNLOCKABLEREWARD_TYPE_STRACARD" Name="LOC_STRATEGYCARD_XERXES_ACHAEMENID_EXPLORATION_2_NAME" Description="LOC_STRATEGYCARD_XERXES_ACHAEMENID_EXPLORATION_2_DESCRIPTION" SortIndex="100000"/>
		<Row GameItemID="STRATEGYCARD_AS_XERXES_ACHAEMENID_MODERN_1" DNAItemID="cc6fb8ca4ddf4a25af277f358af74149" CustomData="prof_card" Type="UNLOCKABLEREWARD_TYPE_STRACARD" Name="LOC_STRATEGYCARD_XERXES_ACHAEMENID_MODERN_1_NAME" Description="LOC_STRATEGYCARD_XERXES_ACHAEMENID_MODERN_1_DESCRIPTION" SortIndex="100000"/>
		<Row GameItemID="STRATEGYCARD_AS_XERXES_ACHAEMENID_MODERN_2" DNAItemID="bd42a119051c407098a695c9df25b754" CustomData="prof_card" Type="UNLOCKABLEREWARD_TYPE_STRACARD" Name="LOC_STRATEGYCARD_XERXES_ACHAEMENID_MODERN_2_NAME" Description="LOC_STRATEGYCARD_XERXES_ACHAEMENID_MODERN_2_DESCRIPTION" SortIndex="100000"/>
		<Row GameItemID="NODE_ATTRIBUTE_CULTURAL_LEGEND_XERXES_ALT_L1" DNAItemID="a0fd3c6386c14292ae34494871ce6503" CustomData="prof_attributes" Type="UNLOCKABLEREWARD_TYPE_ATTRINODE" Name="LOC_ATTRIBUTENODE_XERXES_ACHAEMENID_L1_NAME" Description="LOC_ATTRIBUTENODE_XERXES_ACHAEMENID_L1_DESCRIPTION" SortIndex="100000"/>
		<Row GameItemID="NODE_ATTRIBUTE_ECONOMIC_LEGEND_XERXES_ALT_L2" DNAItemID="123221a48f894ea6ab8e208cbda46ae8" CustomData="prof_attributes" Type="UNLOCKABLEREWARD_TYPE_ATTRINODE" Name="LOC_ATTRIBUTENODE_XERXES_ACHAEMENID_L2_NAME" Description="LOC_ATTRIBUTENODE_XERXES_ACHAEMENID_L2_DESCRIPTION" SortIndex="100000"/>
	</Rewards>
</Database>