<?xml version="1.0" encoding="utf-8"?>
<!-- !! DO NOT EDIT THIS FILE !! -->
<!-- This file was automatically generated via the metaprogression generation workflow. -->
<Database>
	<LegendPaths>
		<Row LegendPathType="LEGEND_PATH_NAPOLEON_ALT" LegendPathName="LOC_LEADER_NAPOLEON_ALT_NAME" DNAChallengeStatisticID="922a70ae-4866-485a-b9e0-8fba8010badd" SortIndex="40" />
	</LegendPaths>
	<LegendPathsLevels>
		<Row LegendPathType="LEGEND_PATH_NAPOLEON_ALT" DnaId="574e64fd-49d9-422f-8e20-e75dfca1c8d7" Level="2" Threshold="100" />
		<Row LegendPathType="LEGEND_PATH_NAPOLEON_ALT" DnaId="3f97d9d7-4f88-4425-9d66-a33df86d630e" Level="3" Threshold="250" />
		<Row LegendPathType="LEGEND_PATH_NAPOLEON_ALT" DnaId="196a7c3d-6a08-4844-b4d8-c26de9ba0f06" Level="4" Threshold="400" />
		<Row LegendPathType="LEGEND_PATH_NAPOLEON_ALT" DnaId="85783d2f-abce-4f17-a14e-11084169fe63" Level="5" Threshold="550" />
		<Row LegendPathType="LEGEND_PATH_NAPOLEON_ALT" DnaId="9a7c3a0c-ea18-4691-bf39-b80606648886" Level="6" Threshold="700" />
		<Row LegendPathType="LEGEND_PATH_NAPOLEON_ALT" DnaId="9b290b91-2f4e-4a75-855c-80b4e4c87e41" Level="7" Threshold="850" />
		<Row LegendPathType="LEGEND_PATH_NAPOLEON_ALT" DnaId="281809b6-2cbe-4e2c-8b27-1173f50a7cff" Level="8" Threshold="1000" />
		<Row LegendPathType="LEGEND_PATH_NAPOLEON_ALT" DnaId="29c53aa8-90f9-4529-a5c5-6f09f582352a" Level="9" Threshold="1150" />
		<Row LegendPathType="LEGEND_PATH_NAPOLEON_ALT" DnaId="900ef954-6af2-4d2a-b6f3-409fdeb5199a" Level="10" Threshold="1300" />
	</LegendPathsLevels>
	<LegendPathsRewards>
		<Row LegendPathType="LEGEND_PATH_NAPOLEON_ALT" Level="2" Reward="MEMENTO_NAPOLEON_REVOLUTIONARY_ARTILLERYMAN_GLOVES" />
		<Row LegendPathType="LEGEND_PATH_NAPOLEON_ALT" Level="3" Reward="NODE_ATTRIBUTE_CULTURAL_LEGEND_NAPOLEON_ALT_L1" />
		<Row LegendPathType="LEGEND_PATH_NAPOLEON_ALT" Level="4" Reward="STRATEGYCARD_NAPOLEON_REVOLUTIONARY_EXPLORATION_1" />
		<Row LegendPathType="LEGEND_PATH_NAPOLEON_ALT" Level="4" Reward="STRATEGYCARD_NAPOLEON_REVOLUTIONARY_EXPLORATION_2" />
		<Row LegendPathType="LEGEND_PATH_NAPOLEON_ALT" Level="5" Reward="MEMENTO_NAPOLEON_REVOLUTIONARY_BICORNE_HAT" />
		<Row LegendPathType="LEGEND_PATH_NAPOLEON_ALT" Level="6" Reward="BADGE_NAPOLEON_REVOLUTIONARY" />
		<Row LegendPathType="LEGEND_PATH_NAPOLEON_ALT" Level="6" Reward="BANNER_NAPOLEON_REVOLUTIONARY" />
		<Row LegendPathType="LEGEND_PATH_NAPOLEON_ALT" Level="7" Reward="NODE_ATTRIBUTE_MILITARISTIC_LEGEND_NAPOLEON_ALT_L2" />
		<Row LegendPathType="LEGEND_PATH_NAPOLEON_ALT" Level="8" Reward="STRATEGYCARD_NAPOLEON_REVOLUTIONARY_MODERN_1" />
		<Row LegendPathType="LEGEND_PATH_NAPOLEON_ALT" Level="8" Reward="STRATEGYCARD_NAPOLEON_REVOLUTIONARY_MODERN_2" />
		<Row LegendPathType="LEGEND_PATH_NAPOLEON_ALT" Level="9" Reward="MEMENTO_NAPOLEON_REVOLUTIONARY_LEGION_DHONNEUR_GRAND_EAGLE_CROSS" />
		<Row LegendPathType="LEGEND_PATH_NAPOLEON_ALT" Level="10" Reward="TITLE_NAPOLEON_REVOLUTIONARY" />
		<Row LegendPathType="LEGEND_PATH_NAPOLEON_ALT" Level="10" Reward="BADGE_NAPOLEON_REVOLUTIONARY_P" />
	</LegendPathsRewards>
	<Challenges>
		<Row ChallengeType="CHALLENGE_NAPOLEON_ALT_MILITARY_VICTORY_ANTIQUITY" DNAChallengeID="e2676e4e-6b49-47a2-a419-4d6186333cf5" DNAStatisticID="ec3bad9c-cdc3-4eb6-ab76-cdaa26ea5aa9" ChallengeClass="CHALLENGE_CLASS_LEADER" ChallengeCategory="CHALLENGE_CATEGORY_LEADER_NAPOLEON_ALT" Difficulty="3" SortIndex="86000" />
		<Row ChallengeType="CHALLENGE_NAPOLEON_ALT_MILITARY_VICTORY_ANTIQUITY_2" DNAChallengeID="947c4e28-0d1b-4428-9434-6e954b4fe2ab" DNAStatisticID="ec3bad9c-cdc3-4eb6-ab76-cdaa26ea5aa9" ChallengeClass="CHALLENGE_CLASS_LEADER" ChallengeCategory="CHALLENGE_CATEGORY_LEADER_NAPOLEON_ALT" Difficulty="3" SortIndex="86010" />
		<Row ChallengeType="CHALLENGE_NAPOLEON_ALT_MILITARY_VICTORY_ANTIQUITY_3" DNAChallengeID="bbd2c20a-4c45-4455-b9b0-8050316a7347" DNAStatisticID="ec3bad9c-cdc3-4eb6-ab76-cdaa26ea5aa9" ChallengeClass="CHALLENGE_CLASS_LEADER" ChallengeCategory="CHALLENGE_CATEGORY_LEADER_NAPOLEON_ALT" Difficulty="3" SortIndex="86020" />
		<Row ChallengeType="CHALLENGE_NAPOLEON_ALT_ECONOMIC_VICTORY_ANTIQUITY" DNAChallengeID="396479d7-7220-4577-94f0-655fdd74fe46" DNAStatisticID="478b672f-d0d0-47cf-8025-545636029b94" ChallengeClass="CHALLENGE_CLASS_LEADER" ChallengeCategory="CHALLENGE_CATEGORY_LEADER_NAPOLEON_ALT" Difficulty="3" SortIndex="86200" />
		<Row ChallengeType="CHALLENGE_NAPOLEON_ALT_ECONOMIC_VICTORY_ANTIQUITY_2" DNAChallengeID="387b8fcc-bb76-42a9-9ac1-d6fa352954a7" DNAStatisticID="478b672f-d0d0-47cf-8025-545636029b94" ChallengeClass="CHALLENGE_CLASS_LEADER" ChallengeCategory="CHALLENGE_CATEGORY_LEADER_NAPOLEON_ALT" Difficulty="3" SortIndex="86210" />
		<Row ChallengeType="CHALLENGE_NAPOLEON_ALT_ECONOMIC_VICTORY_ANTIQUITY_3" DNAChallengeID="9fc68019-0a18-44b7-adae-633791947418" DNAStatisticID="478b672f-d0d0-47cf-8025-545636029b94" ChallengeClass="CHALLENGE_CLASS_LEADER" ChallengeCategory="CHALLENGE_CATEGORY_LEADER_NAPOLEON_ALT" Difficulty="3" SortIndex="86220" />
		<Row ChallengeType="CHALLENGE_NAPOLEON_ALT_MILITARY_VICTORY_EXPLORATION" DNAChallengeID="8ddc238e-1298-446a-9ab9-d6f3a00454df" DNAStatisticID="f6198cbf-c5fd-48ea-9f10-d20fb97c99af" ChallengeClass="CHALLENGE_CLASS_LEADER" ChallengeCategory="CHALLENGE_CATEGORY_LEADER_NAPOLEON_ALT" Difficulty="3" SortIndex="86600" />
		<Row ChallengeType="CHALLENGE_NAPOLEON_ALT_MILITARY_VICTORY_EXPLORATION_2" DNAChallengeID="faaffa4e-51d3-4b79-aeb9-5d877bc46ba5" DNAStatisticID="f6198cbf-c5fd-48ea-9f10-d20fb97c99af" ChallengeClass="CHALLENGE_CLASS_LEADER" ChallengeCategory="CHALLENGE_CATEGORY_LEADER_NAPOLEON_ALT" Difficulty="3" SortIndex="86610" />
		<Row ChallengeType="CHALLENGE_NAPOLEON_ALT_MILITARY_VICTORY_EXPLORATION_3" DNAChallengeID="17651364-1ce3-4594-80d6-491e7b2a6a98" DNAStatisticID="f6198cbf-c5fd-48ea-9f10-d20fb97c99af" ChallengeClass="CHALLENGE_CLASS_LEADER" ChallengeCategory="CHALLENGE_CATEGORY_LEADER_NAPOLEON_ALT" Difficulty="3" SortIndex="86620" />
		<Row ChallengeType="CHALLENGE_NAPOLEON_ALT_ECONOMIC_VICTORY_EXPLORATION" DNAChallengeID="d218aa96-0a37-43b0-a713-661861e5d41c" DNAStatisticID="46f3b673-ec52-494a-bd60-2153904fba02" ChallengeClass="CHALLENGE_CLASS_LEADER" ChallengeCategory="CHALLENGE_CATEGORY_LEADER_NAPOLEON_ALT" Difficulty="3" SortIndex="86800" />
		<Row ChallengeType="CHALLENGE_NAPOLEON_ALT_ECONOMIC_VICTORY_EXPLORATION_2" DNAChallengeID="bdd106ae-9c4b-4c66-94e1-294e567c1018" DNAStatisticID="46f3b673-ec52-494a-bd60-2153904fba02" ChallengeClass="CHALLENGE_CLASS_LEADER" ChallengeCategory="CHALLENGE_CATEGORY_LEADER_NAPOLEON_ALT" Difficulty="3" SortIndex="86810" />
		<Row ChallengeType="CHALLENGE_NAPOLEON_ALT_ECONOMIC_VICTORY_EXPLORATION_3" DNAChallengeID="3ebf09a6-9c1d-4790-b30a-aa5d17fab063" DNAStatisticID="46f3b673-ec52-494a-bd60-2153904fba02" ChallengeClass="CHALLENGE_CLASS_LEADER" ChallengeCategory="CHALLENGE_CATEGORY_LEADER_NAPOLEON_ALT" Difficulty="3" SortIndex="86820" />
		<Row ChallengeType="CHALLENGE_NAPOLEON_ALT_MILITARY_VICTORY_MODERN" DNAChallengeID="e12efc9d-8e40-42da-aa25-3e72a0584c52" DNAStatisticID="7df82ce2-4406-4f0b-8ff7-32444181d28f" ChallengeClass="CHALLENGE_CLASS_LEADER" ChallengeCategory="CHALLENGE_CATEGORY_LEADER_NAPOLEON_ALT" Difficulty="3" SortIndex="87200" />
		<Row ChallengeType="CHALLENGE_NAPOLEON_ALT_MILITARY_VICTORY_MODERN_2" DNAChallengeID="8f9011f1-7f4d-44ef-8df2-d054ff601bd3" DNAStatisticID="7df82ce2-4406-4f0b-8ff7-32444181d28f" ChallengeClass="CHALLENGE_CLASS_LEADER" ChallengeCategory="CHALLENGE_CATEGORY_LEADER_NAPOLEON_ALT" Difficulty="3" SortIndex="87210" />
		<Row ChallengeType="CHALLENGE_NAPOLEON_ALT_MILITARY_VICTORY_MODERN_3" DNAChallengeID="acaa0774-7e79-499c-8032-84db54c7d5f4" DNAStatisticID="7df82ce2-4406-4f0b-8ff7-32444181d28f" ChallengeClass="CHALLENGE_CLASS_LEADER" ChallengeCategory="CHALLENGE_CATEGORY_LEADER_NAPOLEON_ALT" Difficulty="3" SortIndex="87220" />
		<Row ChallengeType="CHALLENGE_NAPOLEON_ALT_ECONOMIC_VICTORY_MODERN" DNAChallengeID="24ad16d1-8a54-4520-834e-f52d20f11d00" DNAStatisticID="0962e7a6-a755-4f63-90e5-79873ec9fab7" ChallengeClass="CHALLENGE_CLASS_LEADER" ChallengeCategory="CHALLENGE_CATEGORY_LEADER_NAPOLEON_ALT" Difficulty="3" SortIndex="87100" />
		<Row ChallengeType="CHALLENGE_NAPOLEON_ALT_ECONOMIC_VICTORY_MODERN_2" DNAChallengeID="048debd8-9ca6-48ec-a046-c691c97ff838" DNAStatisticID="0962e7a6-a755-4f63-90e5-79873ec9fab7" ChallengeClass="CHALLENGE_CLASS_LEADER" ChallengeCategory="CHALLENGE_CATEGORY_LEADER_NAPOLEON_ALT" Difficulty="3" SortIndex="87110" />
		<Row ChallengeType="CHALLENGE_NAPOLEON_ALT_ECONOMIC_VICTORY_MODERN_3" DNAChallengeID="de309b87-ae25-4941-a447-d498943d72f0" DNAStatisticID="0962e7a6-a755-4f63-90e5-79873ec9fab7" ChallengeClass="CHALLENGE_CLASS_LEADER" ChallengeCategory="CHALLENGE_CATEGORY_LEADER_NAPOLEON_ALT" Difficulty="3" SortIndex="87120" />
		<Row ChallengeType="CHALLENGE_NAPOLEON_ALT_AGE_COMPLETED_ANTIQUITY" DNAChallengeID="933a8a68-0311-4349-8fb9-f4a5e6bc1540" DNAStatisticID="5475aa8f-c038-4219-8b22-3c7e3553d866" ChallengeClass="CHALLENGE_CLASS_LEADER" ChallengeCategory="CHALLENGE_CATEGORY_LEADER_NAPOLEON_ALT" Difficulty="2" SortIndex="85800" />
		<Row ChallengeType="CHALLENGE_NAPOLEON_ALT_AGE_COMPLETED_ANTIQUITY_2" DNAChallengeID="fc01b100-7ced-460e-a737-2451564d66ab" DNAStatisticID="5475aa8f-c038-4219-8b22-3c7e3553d866" ChallengeClass="CHALLENGE_CLASS_LEADER" ChallengeCategory="CHALLENGE_CATEGORY_LEADER_NAPOLEON_ALT" Difficulty="2" SortIndex="85810" />
		<Row ChallengeType="CHALLENGE_NAPOLEON_ALT_AGE_COMPLETED_ANTIQUITY_3" DNAChallengeID="43fc6454-97e7-4398-bfd8-f015474f31fc" DNAStatisticID="5475aa8f-c038-4219-8b22-3c7e3553d866" ChallengeClass="CHALLENGE_CLASS_LEADER" ChallengeCategory="CHALLENGE_CATEGORY_LEADER_NAPOLEON_ALT" Difficulty="2" SortIndex="85820" />
		<Row ChallengeType="CHALLENGE_NAPOLEON_ALT_AGE_COMPLETED_EXPLORATION" DNAChallengeID="6f1ebb92-c3ed-4d5f-91bb-764746cf07cf" DNAStatisticID="6bd214d7-5204-4bd1-9722-b8066e73f849" ChallengeClass="CHALLENGE_CLASS_LEADER" ChallengeCategory="CHALLENGE_CATEGORY_LEADER_NAPOLEON_ALT" Difficulty="3" SortIndex="86400" />
		<Row ChallengeType="CHALLENGE_NAPOLEON_ALT_AGE_COMPLETED_EXPLORATION_2" DNAChallengeID="fc87c421-676a-46d6-bb9a-f4d319c3fb59" DNAStatisticID="6bd214d7-5204-4bd1-9722-b8066e73f849" ChallengeClass="CHALLENGE_CLASS_LEADER" ChallengeCategory="CHALLENGE_CATEGORY_LEADER_NAPOLEON_ALT" Difficulty="3" SortIndex="86410" />
		<Row ChallengeType="CHALLENGE_NAPOLEON_ALT_AGE_COMPLETED_EXPLORATION_3" DNAChallengeID="e5d4be28-08c3-4bff-b067-8ddaf14bb67e" DNAStatisticID="6bd214d7-5204-4bd1-9722-b8066e73f849" ChallengeClass="CHALLENGE_CLASS_LEADER" ChallengeCategory="CHALLENGE_CATEGORY_LEADER_NAPOLEON_ALT" Difficulty="3" SortIndex="86420" />
		<Row ChallengeType="CHALLENGE_NAPOLEON_ALT_AGE_COMPLETED_MODERN" DNAChallengeID="485b4593-dc7d-4cff-b012-b8d67a7c1249" DNAStatisticID="ebf91b83-73d5-44f6-baf0-a36cd3a5118b" ChallengeClass="CHALLENGE_CLASS_LEADER" ChallengeCategory="CHALLENGE_CATEGORY_LEADER_NAPOLEON_ALT" Difficulty="3" SortIndex="87000" />
		<Row ChallengeType="CHALLENGE_NAPOLEON_ALT_AGE_COMPLETED_MODERN_2" DNAChallengeID="3040f55c-23d8-4b40-b434-d2a04bc3736f" DNAStatisticID="ebf91b83-73d5-44f6-baf0-a36cd3a5118b" ChallengeClass="CHALLENGE_CLASS_LEADER" ChallengeCategory="CHALLENGE_CATEGORY_LEADER_NAPOLEON_ALT" Difficulty="3" SortIndex="87010" />
		<Row ChallengeType="CHALLENGE_NAPOLEON_ALT_AGE_COMPLETED_MODERN_3" DNAChallengeID="b19daad4-6f5b-4c59-8a0a-2caa54ed174d" DNAStatisticID="ebf91b83-73d5-44f6-baf0-a36cd3a5118b" ChallengeClass="CHALLENGE_CLASS_LEADER" ChallengeCategory="CHALLENGE_CATEGORY_LEADER_NAPOLEON_ALT" Difficulty="3" SortIndex="87020" />
		<Row ChallengeType="CHALLENGE_NAPOLEON_ALT_PLAY_GAMES_1" DNAChallengeID="b0276fb8-d4ff-4ed4-904d-013b9e95bcb3" DNAStatisticID="44ee8f3a-590a-42b7-a8dd-8ff2bd15a410" ChallengeClass="CHALLENGE_CLASS_LEADER" ChallengeCategory="CHALLENGE_CATEGORY_LEADER_NAPOLEON_ALT" Difficulty="1" SortIndex="87600" />
		<Row ChallengeType="CHALLENGE_NAPOLEON_ALT_PLAY_GAMES_2" DNAChallengeID="c826754c-cebe-48be-b127-dce9382ab915" DNAStatisticID="44ee8f3a-590a-42b7-a8dd-8ff2bd15a410" ChallengeClass="CHALLENGE_CLASS_LEADER" ChallengeCategory="CHALLENGE_CATEGORY_LEADER_NAPOLEON_ALT" Difficulty="1" SortIndex="87700" />
		<Row ChallengeType="CHALLENGE_NAPOLEON_ALT_PLAY_GAMES_3" DNAChallengeID="4efa3815-952a-4842-9c39-9c9d93acce3d" DNAStatisticID="44ee8f3a-590a-42b7-a8dd-8ff2bd15a410" ChallengeClass="CHALLENGE_CLASS_LEADER" ChallengeCategory="CHALLENGE_CATEGORY_LEADER_NAPOLEON_ALT" Difficulty="1" SortIndex="87800" />
		<Row ChallengeType="CHALLENGE_NAPOLEON_ALT_SCIENCE_VICTORY_ANTIQUITY" DNAChallengeID="de8de963-6499-4978-8d87-e390078e6fee" DNAStatisticID="02358402-6b9b-4830-b904-bcdf4d8eb2ac" ChallengeClass="CHALLENGE_CLASS_LEADER" ChallengeCategory="CHALLENGE_CATEGORY_LEADER_NAPOLEON_ALT" Difficulty="3" SortIndex="86100" />
		<Row ChallengeType="CHALLENGE_NAPOLEON_ALT_SCIENCE_VICTORY_ANTIQUITY_2" DNAChallengeID="a6c6bd20-4f7b-44e1-a9d2-b8e548eb74a4" DNAStatisticID="02358402-6b9b-4830-b904-bcdf4d8eb2ac" ChallengeClass="CHALLENGE_CLASS_LEADER" ChallengeCategory="CHALLENGE_CATEGORY_LEADER_NAPOLEON_ALT" Difficulty="3" SortIndex="86110" />
		<Row ChallengeType="CHALLENGE_NAPOLEON_ALT_SCIENCE_VICTORY_ANTIQUITY_3" DNAChallengeID="1278536c-d041-4e90-929e-bc9e56aeba6c" DNAStatisticID="02358402-6b9b-4830-b904-bcdf4d8eb2ac" ChallengeClass="CHALLENGE_CLASS_LEADER" ChallengeCategory="CHALLENGE_CATEGORY_LEADER_NAPOLEON_ALT" Difficulty="3" SortIndex="86120" />
		<Row ChallengeType="CHALLENGE_NAPOLEON_ALT_SCIENCE_VICTORY_EXPLORATION" DNAChallengeID="39d97d4a-09a4-4c5e-b487-7bf539d5ba1b" DNAStatisticID="16933e62-99cb-43b9-8ea6-84d5ae3a5606" ChallengeClass="CHALLENGE_CLASS_LEADER" ChallengeCategory="CHALLENGE_CATEGORY_LEADER_NAPOLEON_ALT" Difficulty="3" SortIndex="86700" />
		<Row ChallengeType="CHALLENGE_NAPOLEON_ALT_SCIENCE_VICTORY_EXPLORATION_2" DNAChallengeID="202912a5-649b-4e97-9cb6-ea893a24e6d3" DNAStatisticID="16933e62-99cb-43b9-8ea6-84d5ae3a5606" ChallengeClass="CHALLENGE_CLASS_LEADER" ChallengeCategory="CHALLENGE_CATEGORY_LEADER_NAPOLEON_ALT" Difficulty="3" SortIndex="86710" />
		<Row ChallengeType="CHALLENGE_NAPOLEON_ALT_SCIENCE_VICTORY_EXPLORATION_3" DNAChallengeID="70e4da16-c297-4ecd-b7a5-d2b649b08b7e" DNAStatisticID="16933e62-99cb-43b9-8ea6-84d5ae3a5606" ChallengeClass="CHALLENGE_CLASS_LEADER" ChallengeCategory="CHALLENGE_CATEGORY_LEADER_NAPOLEON_ALT" Difficulty="3" SortIndex="86720" />
		<Row ChallengeType="CHALLENGE_NAPOLEON_ALT_SCIENCE_VICTORY_MODERN" DNAChallengeID="c3ff6103-0159-43df-b63e-f75deafaa049" DNAStatisticID="5443b26c-191e-49ac-9fa0-ff62441e0af9" ChallengeClass="CHALLENGE_CLASS_LEADER" ChallengeCategory="CHALLENGE_CATEGORY_LEADER_NAPOLEON_ALT" Difficulty="3" SortIndex="87300" />
		<Row ChallengeType="CHALLENGE_NAPOLEON_ALT_SCIENCE_VICTORY_MODERN_2" DNAChallengeID="e3439f24-c8c7-46a4-8730-64dbf5003c5d" DNAStatisticID="5443b26c-191e-49ac-9fa0-ff62441e0af9" ChallengeClass="CHALLENGE_CLASS_LEADER" ChallengeCategory="CHALLENGE_CATEGORY_LEADER_NAPOLEON_ALT" Difficulty="3" SortIndex="87310" />
		<Row ChallengeType="CHALLENGE_NAPOLEON_ALT_SCIENCE_VICTORY_MODERN_3" DNAChallengeID="60c088a2-1d01-4f79-b271-a62482f22727" DNAStatisticID="5443b26c-191e-49ac-9fa0-ff62441e0af9" ChallengeClass="CHALLENGE_CLASS_LEADER" ChallengeCategory="CHALLENGE_CATEGORY_LEADER_NAPOLEON_ALT" Difficulty="3" SortIndex="87320" />
		<Row ChallengeType="CHALLENGE_NAPOLEON_ALT_CULTURE_VICTORY_ANTIQUITY" DNAChallengeID="8e3c1c9e-8541-4b0c-a6e5-a103d5449db6" DNAStatisticID="d603bec0-141a-4d13-95f3-ac0278c6ed93" ChallengeClass="CHALLENGE_CLASS_LEADER" ChallengeCategory="CHALLENGE_CATEGORY_LEADER_NAPOLEON_ALT" Difficulty="3" SortIndex="85900" />
		<Row ChallengeType="CHALLENGE_NAPOLEON_ALT_CULTURE_VICTORY_ANTIQUITY_2" DNAChallengeID="fae1ba68-0c17-4474-a385-ed4620bac755" DNAStatisticID="d603bec0-141a-4d13-95f3-ac0278c6ed93" ChallengeClass="CHALLENGE_CLASS_LEADER" ChallengeCategory="CHALLENGE_CATEGORY_LEADER_NAPOLEON_ALT" Difficulty="3" SortIndex="85910" />
		<Row ChallengeType="CHALLENGE_NAPOLEON_ALT_CULTURE_VICTORY_ANTIQUITY_3" DNAChallengeID="3b74d411-dc1a-4c01-aa1c-c49ae865c083" DNAStatisticID="d603bec0-141a-4d13-95f3-ac0278c6ed93" ChallengeClass="CHALLENGE_CLASS_LEADER" ChallengeCategory="CHALLENGE_CATEGORY_LEADER_NAPOLEON_ALT" Difficulty="3" SortIndex="85920" />
		<Row ChallengeType="CHALLENGE_NAPOLEON_ALT_CULTURE_VICTORY_EXPLORATION" DNAChallengeID="6801f86d-6ef5-4f2c-80bc-f8290d2072c2" DNAStatisticID="53e050c9-f236-421f-bef5-8dd56fae954a" ChallengeClass="CHALLENGE_CLASS_LEADER" ChallengeCategory="CHALLENGE_CATEGORY_LEADER_NAPOLEON_ALT" Difficulty="3" SortIndex="86500" />
		<Row ChallengeType="CHALLENGE_NAPOLEON_ALT_CULTURE_VICTORY_EXPLORATION_2" DNAChallengeID="95af5281-12a6-4f5e-aa3b-7bf7dd4997b5" DNAStatisticID="53e050c9-f236-421f-bef5-8dd56fae954a" ChallengeClass="CHALLENGE_CLASS_LEADER" ChallengeCategory="CHALLENGE_CATEGORY_LEADER_NAPOLEON_ALT" Difficulty="3" SortIndex="86510" />
		<Row ChallengeType="CHALLENGE_NAPOLEON_ALT_CULTURE_VICTORY_EXPLORATION_3" DNAChallengeID="86b1165c-8665-4297-8054-69512ed246f7" DNAStatisticID="53e050c9-f236-421f-bef5-8dd56fae954a" ChallengeClass="CHALLENGE_CLASS_LEADER" ChallengeCategory="CHALLENGE_CATEGORY_LEADER_NAPOLEON_ALT" Difficulty="3" SortIndex="86520" />
		<Row ChallengeType="CHALLENGE_NAPOLEON_ALT_CULTURE_VICTORY_MODERN" DNAChallengeID="07bea16a-3bf8-4aa9-bf4b-98277614e34c" DNAStatisticID="4a8be7c7-cbed-4394-93bd-cfb3553de835" ChallengeClass="CHALLENGE_CLASS_LEADER" ChallengeCategory="CHALLENGE_CATEGORY_LEADER_NAPOLEON_ALT" Difficulty="3" SortIndex="87400" />
		<Row ChallengeType="CHALLENGE_NAPOLEON_ALT_CULTURE_VICTORY_MODERN_2" DNAChallengeID="dd11bda8-67ac-4e47-9505-d3b22924c260" DNAStatisticID="4a8be7c7-cbed-4394-93bd-cfb3553de835" ChallengeClass="CHALLENGE_CLASS_LEADER" ChallengeCategory="CHALLENGE_CATEGORY_LEADER_NAPOLEON_ALT" Difficulty="3" SortIndex="87410" />
		<Row ChallengeType="CHALLENGE_NAPOLEON_ALT_CULTURE_VICTORY_MODERN_3" DNAChallengeID="d23b7748-d95f-4960-984e-4095fb27a578" DNAStatisticID="4a8be7c7-cbed-4394-93bd-cfb3553de835" ChallengeClass="CHALLENGE_CLASS_LEADER" ChallengeCategory="CHALLENGE_CATEGORY_LEADER_NAPOLEON_ALT" Difficulty="3" SortIndex="87420" />
		<Row ChallengeType="CHALLENGE_NAPOLEON_ALT_FLAWLESS_VICTORY_ANTIQUITY" DNAChallengeID="dab848b5-cd2c-47d3-a523-ce216c06810a" ChallengeClass="CHALLENGE_CLASS_LEADER" ChallengeCategory="CHALLENGE_CATEGORY_LEADER_NAPOLEON_ALT" Difficulty="4" SortIndex="86300" />
		<Row ChallengeType="CHALLENGE_NAPOLEON_ALT_FLAWLESS_VICTORY_EXPLORATION" DNAChallengeID="a3d5c0b7-0882-4919-aa1f-e22a3d34b54e" ChallengeClass="CHALLENGE_CLASS_LEADER" ChallengeCategory="CHALLENGE_CATEGORY_LEADER_NAPOLEON_ALT" Difficulty="4" SortIndex="86900" />
		<Row ChallengeType="CHALLENGE_NAPOLEON_ALT_FLAWLESS_VICTORY_MODERN" DNAChallengeID="e860c89b-d505-4ec8-afc2-55323e9a97d7" ChallengeClass="CHALLENGE_CLASS_LEADER" ChallengeCategory="CHALLENGE_CATEGORY_LEADER_NAPOLEON_ALT" Difficulty="4" SortIndex="87500" />
		<Row ChallengeType="CHALLENGE_NAPOLEON_ALT_QUEST_A_ANTIQUITY" DNAChallengeID="7a9487f9-cf4f-4c1d-9c1f-dfbfd6a1c93a" ChallengeClass="CHALLENGE_CLASS_LEADER" ChallengeCategory="CHALLENGE_CATEGORY_LEADER_NAPOLEON_ALT" Difficulty="2" SortIndex="87850" />
		<Row ChallengeType="CHALLENGE_NAPOLEON_ALT_QUEST_B_ANTIQUITY" DNAChallengeID="06bd4059-b0c2-4eaf-bc39-58369eedcd98" ChallengeClass="CHALLENGE_CLASS_LEADER" ChallengeCategory="CHALLENGE_CATEGORY_LEADER_NAPOLEON_ALT" Difficulty="2" SortIndex="87855" />
		<Row ChallengeType="CHALLENGE_NAPOLEON_ALT_QUEST_A_EXPLORATION" DNAChallengeID="2bd30cfc-9d4b-4ae6-a348-60d5256ec49e" ChallengeClass="CHALLENGE_CLASS_LEADER" ChallengeCategory="CHALLENGE_CATEGORY_LEADER_NAPOLEON_ALT" Difficulty="2" SortIndex="87860" />
		<Row ChallengeType="CHALLENGE_NAPOLEON_ALT_QUEST_B_EXPLORATION" DNAChallengeID="36c05a09-93a8-48a3-869f-4f92f881f1b7" ChallengeClass="CHALLENGE_CLASS_LEADER" ChallengeCategory="CHALLENGE_CATEGORY_LEADER_NAPOLEON_ALT" Difficulty="2" SortIndex="87865" />
		<Row ChallengeType="CHALLENGE_NAPOLEON_ALT_QUEST_A_MODERN" DNAChallengeID="270ddccf-d3b1-416b-be5e-9fb9f737e77f" ChallengeClass="CHALLENGE_CLASS_LEADER" ChallengeCategory="CHALLENGE_CATEGORY_LEADER_NAPOLEON_ALT" Difficulty="2" SortIndex="87870" />
		<Row ChallengeType="CHALLENGE_NAPOLEON_ALT_QUEST_B_MODERN" DNAChallengeID="34771987-7cc1-4cec-9644-302ba9486f67" ChallengeClass="CHALLENGE_CLASS_LEADER" ChallengeCategory="CHALLENGE_CATEGORY_LEADER_NAPOLEON_ALT" Difficulty="2" SortIndex="87875" />
		<Row ChallengeType="CHALLENGE_NAPOLEON_ALT_UNLOCKED_STRATEGYCARDS_EXPLORATION" DNAChallengeID="cb7b70ac-2097-4e0d-b930-d407d39a7e83" ChallengeClass="CHALLENGE_CLASS_LEADER" ChallengeCategory="CHALLENGE_CATEGORY_LEADER_NAPOLEON_ALT" Difficulty="1" SortIndex="87501" Hidden="true" AllowRewardWhenHidden="true" />
		<Row ChallengeType="CHALLENGE_NAPOLEON_ALT_UNLOCKED_STRATEGYCARDS_MODERN" DNAChallengeID="d039c6cd-1d7d-4415-93c6-4a07978880a9" ChallengeClass="CHALLENGE_CLASS_LEADER" ChallengeCategory="CHALLENGE_CATEGORY_LEADER_NAPOLEON_ALT" Difficulty="1" SortIndex="87502" Hidden="true" AllowRewardWhenHidden="true" />
	</Challenges>
<ChallengesRewards>
		<Row ChallengeType="CHALLENGE_NAPOLEON_ALT_MILITARY_VICTORY_ANTIQUITY" RewardType="XP" Reward="50" />
		<Row ChallengeType="CHALLENGE_NAPOLEON_ALT_MILITARY_VICTORY_ANTIQUITY_2" RewardType="XP" Reward="25" />
		<Row ChallengeType="CHALLENGE_NAPOLEON_ALT_MILITARY_VICTORY_ANTIQUITY_3" RewardType="XP" Reward="25" />
		<Row ChallengeType="CHALLENGE_NAPOLEON_ALT_ECONOMIC_VICTORY_ANTIQUITY" RewardType="XP" Reward="50" />
		<Row ChallengeType="CHALLENGE_NAPOLEON_ALT_ECONOMIC_VICTORY_ANTIQUITY_2" RewardType="XP" Reward="25" />
		<Row ChallengeType="CHALLENGE_NAPOLEON_ALT_ECONOMIC_VICTORY_ANTIQUITY_3" RewardType="XP" Reward="25" />
		<Row ChallengeType="CHALLENGE_NAPOLEON_ALT_MILITARY_VICTORY_EXPLORATION" RewardType="XP" Reward="50" />
		<Row ChallengeType="CHALLENGE_NAPOLEON_ALT_MILITARY_VICTORY_EXPLORATION_2" RewardType="XP" Reward="25" />
		<Row ChallengeType="CHALLENGE_NAPOLEON_ALT_MILITARY_VICTORY_EXPLORATION_3" RewardType="XP" Reward="25" />
		<Row ChallengeType="CHALLENGE_NAPOLEON_ALT_ECONOMIC_VICTORY_EXPLORATION" RewardType="XP" Reward="50" />
		<Row ChallengeType="CHALLENGE_NAPOLEON_ALT_ECONOMIC_VICTORY_EXPLORATION_2" RewardType="XP" Reward="25" />
		<Row ChallengeType="CHALLENGE_NAPOLEON_ALT_ECONOMIC_VICTORY_EXPLORATION_3" RewardType="XP" Reward="25" />
		<Row ChallengeType="CHALLENGE_NAPOLEON_ALT_MILITARY_VICTORY_MODERN" RewardType="XP" Reward="50" />
		<Row ChallengeType="CHALLENGE_NAPOLEON_ALT_MILITARY_VICTORY_MODERN_2" RewardType="XP" Reward="25" />
		<Row ChallengeType="CHALLENGE_NAPOLEON_ALT_MILITARY_VICTORY_MODERN_3" RewardType="XP" Reward="25" />
		<Row ChallengeType="CHALLENGE_NAPOLEON_ALT_ECONOMIC_VICTORY_MODERN" RewardType="XP" Reward="50" />
		<Row ChallengeType="CHALLENGE_NAPOLEON_ALT_ECONOMIC_VICTORY_MODERN_2" RewardType="XP" Reward="25" />
		<Row ChallengeType="CHALLENGE_NAPOLEON_ALT_ECONOMIC_VICTORY_MODERN_3" RewardType="XP" Reward="25" />
		<Row ChallengeType="CHALLENGE_NAPOLEON_ALT_AGE_COMPLETED_ANTIQUITY" RewardType="XP" Reward="25" />
		<Row ChallengeType="CHALLENGE_NAPOLEON_ALT_AGE_COMPLETED_ANTIQUITY_2" RewardType="XP" Reward="25" />
		<Row ChallengeType="CHALLENGE_NAPOLEON_ALT_AGE_COMPLETED_ANTIQUITY_3" RewardType="XP" Reward="25" />
		<Row ChallengeType="CHALLENGE_NAPOLEON_ALT_AGE_COMPLETED_EXPLORATION" RewardType="XP" Reward="25" />
		<Row ChallengeType="CHALLENGE_NAPOLEON_ALT_AGE_COMPLETED_EXPLORATION_2" RewardType="XP" Reward="25" />
		<Row ChallengeType="CHALLENGE_NAPOLEON_ALT_AGE_COMPLETED_EXPLORATION_3" RewardType="XP" Reward="25" />
		<Row ChallengeType="CHALLENGE_NAPOLEON_ALT_AGE_COMPLETED_MODERN" RewardType="XP" Reward="25" />
		<Row ChallengeType="CHALLENGE_NAPOLEON_ALT_AGE_COMPLETED_MODERN_2" RewardType="XP" Reward="25" />
		<Row ChallengeType="CHALLENGE_NAPOLEON_ALT_AGE_COMPLETED_MODERN_3" RewardType="XP" Reward="25" />
		<Row ChallengeType="CHALLENGE_NAPOLEON_ALT_PLAY_GAMES_1" RewardType="XP" Reward="25" />
		<Row ChallengeType="CHALLENGE_NAPOLEON_ALT_PLAY_GAMES_2" RewardType="XP" Reward="25" />
		<Row ChallengeType="CHALLENGE_NAPOLEON_ALT_PLAY_GAMES_3" RewardType="XP" Reward="25" />
		<Row ChallengeType="CHALLENGE_NAPOLEON_ALT_SCIENCE_VICTORY_ANTIQUITY" RewardType="XP" Reward="50" />
		<Row ChallengeType="CHALLENGE_NAPOLEON_ALT_SCIENCE_VICTORY_ANTIQUITY_2" RewardType="XP" Reward="25" />
		<Row ChallengeType="CHALLENGE_NAPOLEON_ALT_SCIENCE_VICTORY_ANTIQUITY_3" RewardType="XP" Reward="25" />
		<Row ChallengeType="CHALLENGE_NAPOLEON_ALT_SCIENCE_VICTORY_EXPLORATION" RewardType="XP" Reward="50" />
		<Row ChallengeType="CHALLENGE_NAPOLEON_ALT_SCIENCE_VICTORY_EXPLORATION_2" RewardType="XP" Reward="25" />
		<Row ChallengeType="CHALLENGE_NAPOLEON_ALT_SCIENCE_VICTORY_EXPLORATION_3" RewardType="XP" Reward="25" />
		<Row ChallengeType="CHALLENGE_NAPOLEON_ALT_SCIENCE_VICTORY_MODERN" RewardType="XP" Reward="50" />
		<Row ChallengeType="CHALLENGE_NAPOLEON_ALT_SCIENCE_VICTORY_MODERN_2" RewardType="XP" Reward="25" />
		<Row ChallengeType="CHALLENGE_NAPOLEON_ALT_SCIENCE_VICTORY_MODERN_3" RewardType="XP" Reward="25" />
		<Row ChallengeType="CHALLENGE_NAPOLEON_ALT_CULTURE_VICTORY_ANTIQUITY" RewardType="XP" Reward="50" />
		<Row ChallengeType="CHALLENGE_NAPOLEON_ALT_CULTURE_VICTORY_ANTIQUITY_2" RewardType="XP" Reward="25" />
		<Row ChallengeType="CHALLENGE_NAPOLEON_ALT_CULTURE_VICTORY_ANTIQUITY_3" RewardType="XP" Reward="25" />
		<Row ChallengeType="CHALLENGE_NAPOLEON_ALT_CULTURE_VICTORY_EXPLORATION" RewardType="XP" Reward="50" />
		<Row ChallengeType="CHALLENGE_NAPOLEON_ALT_CULTURE_VICTORY_EXPLORATION_2" RewardType="XP" Reward="25" />
		<Row ChallengeType="CHALLENGE_NAPOLEON_ALT_CULTURE_VICTORY_EXPLORATION_3" RewardType="XP" Reward="25" />
		<Row ChallengeType="CHALLENGE_NAPOLEON_ALT_CULTURE_VICTORY_MODERN" RewardType="XP" Reward="50" />
		<Row ChallengeType="CHALLENGE_NAPOLEON_ALT_CULTURE_VICTORY_MODERN_2" RewardType="XP" Reward="25" />
		<Row ChallengeType="CHALLENGE_NAPOLEON_ALT_CULTURE_VICTORY_MODERN_3" RewardType="XP" Reward="25" />
		<Row ChallengeType="CHALLENGE_NAPOLEON_ALT_FLAWLESS_VICTORY_ANTIQUITY" RewardType="XP" Reward="50" />
		<Row ChallengeType="CHALLENGE_NAPOLEON_ALT_FLAWLESS_VICTORY_EXPLORATION" RewardType="XP" Reward="50" />
		<Row ChallengeType="CHALLENGE_NAPOLEON_ALT_FLAWLESS_VICTORY_MODERN" RewardType="XP" Reward="50" />
		<Row ChallengeType="CHALLENGE_NAPOLEON_ALT_QUEST_A_ANTIQUITY" RewardType="XP" Reward="50" />
		<Row ChallengeType="CHALLENGE_NAPOLEON_ALT_QUEST_B_ANTIQUITY" RewardType="XP" Reward="50" />
		<Row ChallengeType="CHALLENGE_NAPOLEON_ALT_QUEST_A_EXPLORATION" RewardType="XP" Reward="50" />
		<Row ChallengeType="CHALLENGE_NAPOLEON_ALT_QUEST_B_EXPLORATION" RewardType="XP" Reward="50" />
		<Row ChallengeType="CHALLENGE_NAPOLEON_ALT_QUEST_A_MODERN" RewardType="XP" Reward="50" />
		<Row ChallengeType="CHALLENGE_NAPOLEON_ALT_QUEST_B_MODERN" RewardType="XP" Reward="50" />
		<Row ChallengeType="CHALLENGE_NAPOLEON_ALT_UNLOCKED_STRATEGYCARDS_EXPLORATION" RewardType="UnlockableReward" Reward="STRATEGYCARD_AS_NAPOLEON_REVOLUTIONARY_EXPLORATION_1" />
		<Row ChallengeType="CHALLENGE_NAPOLEON_ALT_UNLOCKED_STRATEGYCARDS_EXPLORATION" RewardType="UnlockableReward" Reward="STRATEGYCARD_AS_NAPOLEON_REVOLUTIONARY_EXPLORATION_2" />
		<Row ChallengeType="CHALLENGE_NAPOLEON_ALT_UNLOCKED_STRATEGYCARDS_MODERN" RewardType="UnlockableReward" Reward="STRATEGYCARD_AS_NAPOLEON_REVOLUTIONARY_MODERN_1" />
		<Row ChallengeType="CHALLENGE_NAPOLEON_ALT_UNLOCKED_STRATEGYCARDS_MODERN" RewardType="UnlockableReward" Reward="STRATEGYCARD_AS_NAPOLEON_REVOLUTIONARY_MODERN_2" />
	</ChallengesRewards>
	<ChallengeEvents>
		<Row ChallengeEventType="CHALLENGE_EVENT_LEADER_NAPOLEON_ALT_AGE_ENDED" DNAEventID="a77fbc4f-6fc2-499f-bbe0-3e4db515a3b5"  />
		<Row ChallengeEventType="CHALLENGE_EVENT_LEADER_NAPOLEON_ALT_VICTORY_ACHIEVED" DNAEventID="d3e50cb9-eeb8-4e1e-841a-47d4b07c76ee"  />
		<Row ChallengeEventType="CHALLENGE_EVENT_LEADER_NAPOLEON_ALT_FLAWLESS_VICTORY_ACHIEVED" DNAEventID="3b2ab89c-2045-4f96-8286-1fd7f2f4a8a4"  />
		<Row ChallengeEventType="CHALLENGE_EVENT_LEADER_NAPOLEON_ALT_LEGACY_PATH_MILESTONE_COMPLETED" DNAEventID="918f08ef-e169-4f89-ac1b-232aee541374"  />
		<Row ChallengeEventType="CHALLENGE_EVENT_NAPOLEON_ALT_QUEST_A_ANTIQUITY_COMPLETE" DNAEventID="e2849f9b-f92f-44cf-81d5-ca77080c4918" CompletesChallengeType="CHALLENGE_NAPOLEON_ALT_QUEST_A_ANTIQUITY" />
		<Row ChallengeEventType="CHALLENGE_EVENT_NAPOLEON_ALT_QUEST_B_ANTIQUITY_COMPLETE" DNAEventID="8131e901-9651-4641-b74d-f4719229f9e5" CompletesChallengeType="CHALLENGE_NAPOLEON_ALT_QUEST_B_ANTIQUITY" />
		<Row ChallengeEventType="CHALLENGE_EVENT_NAPOLEON_ALT_QUEST_A_EXPLORATION_COMPLETE" DNAEventID="06bf6f99-b4e6-4947-a096-7c907e1b966f" CompletesChallengeType="CHALLENGE_NAPOLEON_ALT_QUEST_A_EXPLORATION" />
		<Row ChallengeEventType="CHALLENGE_EVENT_NAPOLEON_ALT_QUEST_B_EXPLORATION_COMPLETE" DNAEventID="86ecce24-3875-4038-aca1-e599d9f7b058" CompletesChallengeType="CHALLENGE_NAPOLEON_ALT_QUEST_B_EXPLORATION" />
		<Row ChallengeEventType="CHALLENGE_EVENT_NAPOLEON_ALT_QUEST_A_MODERN_COMPLETE" DNAEventID="cfaf437b-a678-42c2-8994-fb64b7d1c67c" CompletesChallengeType="CHALLENGE_NAPOLEON_ALT_QUEST_A_MODERN" />
		<Row ChallengeEventType="CHALLENGE_EVENT_NAPOLEON_ALT_QUEST_B_MODERN_COMPLETE" DNAEventID="7676004b-f3e0-4700-8a0b-11dc43b21084" CompletesChallengeType="CHALLENGE_NAPOLEON_ALT_QUEST_B_MODERN" />
		<Row ChallengeEventType="CHALLENGE_EVENT_NAPOLEON_ALT_UNLOCKED_STRATEGYCARDS_EXPLORATION_COMPLETE" DNAEventID="1d409027-b93e-4ab4-b5e7-4b01d0ced4e8" CompletesChallengeType="CHALLENGE_NAPOLEON_ALT_UNLOCKED_STRATEGYCARDS_EXPLORATION" />
		<Row ChallengeEventType="CHALLENGE_EVENT_NAPOLEON_ALT_UNLOCKED_STRATEGYCARDS_MODERN_COMPLETE" DNAEventID="3a235f3b-158f-4324-a875-c80944522e89" CompletesChallengeType="CHALLENGE_NAPOLEON_ALT_UNLOCKED_STRATEGYCARDS_MODERN" />
	</ChallengeEvents>
<ChallengeEventChallengeStatEffects>
		<Row ChallengeEventType="CHALLENGE_EVENT_LEADER_NAPOLEON_ALT_VICTORY_ACHIEVED" ChallengeType="CHALLENGE_NAPOLEON_ALT_MILITARY_VICTORY_ANTIQUITY" />
		<Row ChallengeEventType="CHALLENGE_EVENT_LEADER_NAPOLEON_ALT_VICTORY_ACHIEVED" ChallengeType="CHALLENGE_NAPOLEON_ALT_MILITARY_VICTORY_ANTIQUITY_2" />
		<Row ChallengeEventType="CHALLENGE_EVENT_LEADER_NAPOLEON_ALT_VICTORY_ACHIEVED" ChallengeType="CHALLENGE_NAPOLEON_ALT_MILITARY_VICTORY_ANTIQUITY_3" />
		<Row ChallengeEventType="CHALLENGE_EVENT_LEADER_NAPOLEON_ALT_VICTORY_ACHIEVED" ChallengeType="CHALLENGE_NAPOLEON_ALT_ECONOMIC_VICTORY_ANTIQUITY" />
		<Row ChallengeEventType="CHALLENGE_EVENT_LEADER_NAPOLEON_ALT_VICTORY_ACHIEVED" ChallengeType="CHALLENGE_NAPOLEON_ALT_ECONOMIC_VICTORY_ANTIQUITY_2" />
		<Row ChallengeEventType="CHALLENGE_EVENT_LEADER_NAPOLEON_ALT_VICTORY_ACHIEVED" ChallengeType="CHALLENGE_NAPOLEON_ALT_ECONOMIC_VICTORY_ANTIQUITY_3" />
		<Row ChallengeEventType="CHALLENGE_EVENT_LEADER_NAPOLEON_ALT_VICTORY_ACHIEVED" ChallengeType="CHALLENGE_NAPOLEON_ALT_MILITARY_VICTORY_EXPLORATION" />
		<Row ChallengeEventType="CHALLENGE_EVENT_LEADER_NAPOLEON_ALT_VICTORY_ACHIEVED" ChallengeType="CHALLENGE_NAPOLEON_ALT_MILITARY_VICTORY_EXPLORATION_2" />
		<Row ChallengeEventType="CHALLENGE_EVENT_LEADER_NAPOLEON_ALT_VICTORY_ACHIEVED" ChallengeType="CHALLENGE_NAPOLEON_ALT_MILITARY_VICTORY_EXPLORATION_3" />
		<Row ChallengeEventType="CHALLENGE_EVENT_LEADER_NAPOLEON_ALT_VICTORY_ACHIEVED" ChallengeType="CHALLENGE_NAPOLEON_ALT_ECONOMIC_VICTORY_EXPLORATION" />
		<Row ChallengeEventType="CHALLENGE_EVENT_LEADER_NAPOLEON_ALT_VICTORY_ACHIEVED" ChallengeType="CHALLENGE_NAPOLEON_ALT_ECONOMIC_VICTORY_EXPLORATION_2" />
		<Row ChallengeEventType="CHALLENGE_EVENT_LEADER_NAPOLEON_ALT_VICTORY_ACHIEVED" ChallengeType="CHALLENGE_NAPOLEON_ALT_ECONOMIC_VICTORY_EXPLORATION_3" />
		<Row ChallengeEventType="CHALLENGE_EVENT_LEADER_NAPOLEON_ALT_VICTORY_ACHIEVED" ChallengeType="CHALLENGE_NAPOLEON_ALT_MILITARY_VICTORY_MODERN" />
		<Row ChallengeEventType="CHALLENGE_EVENT_LEADER_NAPOLEON_ALT_VICTORY_ACHIEVED" ChallengeType="CHALLENGE_NAPOLEON_ALT_MILITARY_VICTORY_MODERN_2" />
		<Row ChallengeEventType="CHALLENGE_EVENT_LEADER_NAPOLEON_ALT_VICTORY_ACHIEVED" ChallengeType="CHALLENGE_NAPOLEON_ALT_MILITARY_VICTORY_MODERN_3" />
		<Row ChallengeEventType="CHALLENGE_EVENT_LEADER_NAPOLEON_ALT_VICTORY_ACHIEVED" ChallengeType="CHALLENGE_NAPOLEON_ALT_ECONOMIC_VICTORY_MODERN" />
		<Row ChallengeEventType="CHALLENGE_EVENT_LEADER_NAPOLEON_ALT_VICTORY_ACHIEVED" ChallengeType="CHALLENGE_NAPOLEON_ALT_ECONOMIC_VICTORY_MODERN_2" />
		<Row ChallengeEventType="CHALLENGE_EVENT_LEADER_NAPOLEON_ALT_VICTORY_ACHIEVED" ChallengeType="CHALLENGE_NAPOLEON_ALT_ECONOMIC_VICTORY_MODERN_3" />
		<Row ChallengeEventType="CHALLENGE_EVENT_LEADER_NAPOLEON_ALT_AGE_ENDED" ChallengeType="CHALLENGE_NAPOLEON_ALT_AGE_COMPLETED_ANTIQUITY" />
		<Row ChallengeEventType="CHALLENGE_EVENT_LEADER_NAPOLEON_ALT_AGE_ENDED" ChallengeType="CHALLENGE_NAPOLEON_ALT_AGE_COMPLETED_ANTIQUITY_2" />
		<Row ChallengeEventType="CHALLENGE_EVENT_LEADER_NAPOLEON_ALT_AGE_ENDED" ChallengeType="CHALLENGE_NAPOLEON_ALT_AGE_COMPLETED_ANTIQUITY_3" />
		<Row ChallengeEventType="CHALLENGE_EVENT_LEADER_NAPOLEON_ALT_AGE_ENDED" ChallengeType="CHALLENGE_NAPOLEON_ALT_AGE_COMPLETED_EXPLORATION" />
		<Row ChallengeEventType="CHALLENGE_EVENT_LEADER_NAPOLEON_ALT_AGE_ENDED" ChallengeType="CHALLENGE_NAPOLEON_ALT_AGE_COMPLETED_EXPLORATION_2" />
		<Row ChallengeEventType="CHALLENGE_EVENT_LEADER_NAPOLEON_ALT_AGE_ENDED" ChallengeType="CHALLENGE_NAPOLEON_ALT_AGE_COMPLETED_EXPLORATION_3" />
		<Row ChallengeEventType="CHALLENGE_EVENT_LEADER_NAPOLEON_ALT_AGE_ENDED" ChallengeType="CHALLENGE_NAPOLEON_ALT_AGE_COMPLETED_MODERN" />
		<Row ChallengeEventType="CHALLENGE_EVENT_LEADER_NAPOLEON_ALT_AGE_ENDED" ChallengeType="CHALLENGE_NAPOLEON_ALT_AGE_COMPLETED_MODERN_2" />
		<Row ChallengeEventType="CHALLENGE_EVENT_LEADER_NAPOLEON_ALT_AGE_ENDED" ChallengeType="CHALLENGE_NAPOLEON_ALT_AGE_COMPLETED_MODERN_3" />
		<Row ChallengeEventType="CHALLENGE_EVENT_LEADER_NAPOLEON_ALT_LEGACY_PATH_MILESTONE_COMPLETED" ChallengeType="CHALLENGE_NAPOLEON_ALT_PLAY_GAMES_1" />
		<Row ChallengeEventType="CHALLENGE_EVENT_LEADER_NAPOLEON_ALT_LEGACY_PATH_MILESTONE_COMPLETED" ChallengeType="CHALLENGE_NAPOLEON_ALT_PLAY_GAMES_2" />
		<Row ChallengeEventType="CHALLENGE_EVENT_LEADER_NAPOLEON_ALT_LEGACY_PATH_MILESTONE_COMPLETED" ChallengeType="CHALLENGE_NAPOLEON_ALT_PLAY_GAMES_3" />
		<Row ChallengeEventType="CHALLENGE_EVENT_LEADER_NAPOLEON_ALT_VICTORY_ACHIEVED" ChallengeType="CHALLENGE_NAPOLEON_ALT_SCIENCE_VICTORY_ANTIQUITY" />
		<Row ChallengeEventType="CHALLENGE_EVENT_LEADER_NAPOLEON_ALT_VICTORY_ACHIEVED" ChallengeType="CHALLENGE_NAPOLEON_ALT_SCIENCE_VICTORY_ANTIQUITY_2" />
		<Row ChallengeEventType="CHALLENGE_EVENT_LEADER_NAPOLEON_ALT_VICTORY_ACHIEVED" ChallengeType="CHALLENGE_NAPOLEON_ALT_SCIENCE_VICTORY_ANTIQUITY_3" />
		<Row ChallengeEventType="CHALLENGE_EVENT_LEADER_NAPOLEON_ALT_VICTORY_ACHIEVED" ChallengeType="CHALLENGE_NAPOLEON_ALT_SCIENCE_VICTORY_EXPLORATION" />
		<Row ChallengeEventType="CHALLENGE_EVENT_LEADER_NAPOLEON_ALT_VICTORY_ACHIEVED" ChallengeType="CHALLENGE_NAPOLEON_ALT_SCIENCE_VICTORY_EXPLORATION_2" />
		<Row ChallengeEventType="CHALLENGE_EVENT_LEADER_NAPOLEON_ALT_VICTORY_ACHIEVED" ChallengeType="CHALLENGE_NAPOLEON_ALT_SCIENCE_VICTORY_EXPLORATION_3" />
		<Row ChallengeEventType="CHALLENGE_EVENT_LEADER_NAPOLEON_ALT_VICTORY_ACHIEVED" ChallengeType="CHALLENGE_NAPOLEON_ALT_SCIENCE_VICTORY_MODERN" />
		<Row ChallengeEventType="CHALLENGE_EVENT_LEADER_NAPOLEON_ALT_VICTORY_ACHIEVED" ChallengeType="CHALLENGE_NAPOLEON_ALT_SCIENCE_VICTORY_MODERN_2" />
		<Row ChallengeEventType="CHALLENGE_EVENT_LEADER_NAPOLEON_ALT_VICTORY_ACHIEVED" ChallengeType="CHALLENGE_NAPOLEON_ALT_SCIENCE_VICTORY_MODERN_3" />
		<Row ChallengeEventType="CHALLENGE_EVENT_LEADER_NAPOLEON_ALT_VICTORY_ACHIEVED" ChallengeType="CHALLENGE_NAPOLEON_ALT_CULTURE_VICTORY_ANTIQUITY" />
		<Row ChallengeEventType="CHALLENGE_EVENT_LEADER_NAPOLEON_ALT_VICTORY_ACHIEVED" ChallengeType="CHALLENGE_NAPOLEON_ALT_CULTURE_VICTORY_ANTIQUITY_2" />
		<Row ChallengeEventType="CHALLENGE_EVENT_LEADER_NAPOLEON_ALT_VICTORY_ACHIEVED" ChallengeType="CHALLENGE_NAPOLEON_ALT_CULTURE_VICTORY_ANTIQUITY_3" />
		<Row ChallengeEventType="CHALLENGE_EVENT_LEADER_NAPOLEON_ALT_VICTORY_ACHIEVED" ChallengeType="CHALLENGE_NAPOLEON_ALT_CULTURE_VICTORY_EXPLORATION" />
		<Row ChallengeEventType="CHALLENGE_EVENT_LEADER_NAPOLEON_ALT_VICTORY_ACHIEVED" ChallengeType="CHALLENGE_NAPOLEON_ALT_CULTURE_VICTORY_EXPLORATION_2" />
		<Row ChallengeEventType="CHALLENGE_EVENT_LEADER_NAPOLEON_ALT_VICTORY_ACHIEVED" ChallengeType="CHALLENGE_NAPOLEON_ALT_CULTURE_VICTORY_EXPLORATION_3" />
		<Row ChallengeEventType="CHALLENGE_EVENT_LEADER_NAPOLEON_ALT_VICTORY_ACHIEVED" ChallengeType="CHALLENGE_NAPOLEON_ALT_CULTURE_VICTORY_MODERN" />
		<Row ChallengeEventType="CHALLENGE_EVENT_LEADER_NAPOLEON_ALT_VICTORY_ACHIEVED" ChallengeType="CHALLENGE_NAPOLEON_ALT_CULTURE_VICTORY_MODERN_2" />
		<Row ChallengeEventType="CHALLENGE_EVENT_LEADER_NAPOLEON_ALT_VICTORY_ACHIEVED" ChallengeType="CHALLENGE_NAPOLEON_ALT_CULTURE_VICTORY_MODERN_3" />
	</ChallengeEventChallengeStatEffects>
	<ChallengeCategoryData>
		<Row Id="CHALLENGE_CATEGORY_LEADER_NAPOLEON_ALT" Name="LOC_LEADER_NAPOLEON_ALT_NAME" SortIndex="40000" />
	</ChallengeCategoryData>
</Database>