<?xml version="1.0" encoding="UTF-8" standalone="yes"?>
<Database xmlns="UnlockableRewards">
	<Rewards>
		<Row GameItemID="BADGE_NAPOLEON_REVOLUTIONARY" DNAItemID="a56f08dd911045be8e23367c53ce3797" CustomData="ba_napoleon_revolutionary" Type="UNLOCKABLEREWARD_TYPE_BADGE" Name="LOC_BADGE_NAPOLEON_REVOLUTIONARY_NAME" Description="LOC_BADGE_DESCRIPTION" SortIndex="111570"/>
		<Row GameItemID="BADGE_NAPOLEON_REVOLUTIONARY_P" DNAItemID="924a8a737c884be3a01dca57d3b772da" CustomData="ba_napoleon_revolutionary_p" Type="UNLOCKABLEREWARD_TYPE_BADGE" Name="LOC_BADGE_NAPOLEON_REVOLUTIONARY_P_NAME" Description="LOC_BADGE_DESCRIPTION" SortIndex="113470"/>
		<Row GameItemID="BANNER_NAPOLEON_REVOLUTIONARY" DNAItemID="a996de3055ce4a87bc961f7e86929f56" CustomData="bn_napoleon_revolutionary" Type="UNLOCKABLEREWARD_TYPE_BANNER" Name="LOC_BANNER_NAPOLEON_REVOLUTIONARY_NAME" Description="LOC_BANNER_DESCRIPTION" SortIndex="212050"/>
		<Row GameItemID="MEMENTO_NAPOLEON_REVOLUTIONARY_BICORNE_HAT" DNAItemID="e9c1a748949e4d5aa39f43b4544e839a" CustomData="mem_min_bicorne_hat" Type="UNLOCKABLEREWARD_TYPE_MEMENTO" Name="LOC_MEMENTO_NAPOLEON_REVOLUTIONARY_BICORNE_HAT_NAME" Description="LOC_MEMENTO_NAPOLEON_REVOLUTIONARY_BICORNE_HAT_DESCRIPTION" SortIndex="100000"/>
		<Row GameItemID="MEMENTO_NAPOLEON_REVOLUTIONARY_ARTILLERYMAN_GLOVES" DNAItemID="2adf6ba92c52448583c510a94e11cbec" CustomData="mem_min_artillerymans_gloves" Type="UNLOCKABLEREWARD_TYPE_MEMENTO" Name="LOC_MEMENTO_NAPOLEON_REVOLUTIONARY_ARTILLERYMAN_GLOVES_NAME" Description="LOC_MEMENTO_NAPOLEON_REVOLUTIONARY_ARTILLERYMAN_GLOVES_DESCRIPTION" SortIndex="100000"/>
		<Row GameItemID="MEMENTO_NAPOLEON_REVOLUTIONARY_LEGION_DHONNEUR_GRAND_EAGLE_CROSS" DNAItemID="b3520eef4e694135aa454e75f4e4ca35" CustomData="mem_min_legion_dhonneur" Type="UNLOCKABLEREWARD_TYPE_MEMENTO" Name="LOC_MEMENTO_NAPOLEON_REVOLUTIONARY_LEGION_DHONNEUR_GRAND_EAGLE_CROSS_NAME" Description="LOC_MEMENTO_NAPOLEON_REVOLUTIONARY_LEGION_DHONNEUR_GRAND_EAGLE_CROSS_DESCRIPTION" SortIndex="100000"/>
		<Row GameItemID="TITLE_NAPOLEON_REVOLUTIONARY" DNAItemID="90df85d454ad4cf4b9581ecab6618c3e" CustomData="LOC_PROFILE_TITLE_NAPOLEON_REVOLUTIONARY" Type="UNLOCKABLEREWARD_TYPE_TITLE" Name="LOC_TITLE_NAPOLEON_REVOLUTIONARY_NAME" Description="LOC_TITLE_DESCRIPTION" SortIndex="411950"/>
		<Row GameItemID="STRATEGYCARD_NAPOLEON_REVOLUTIONARY_EXPLORATION_1" DNAItemID="67a9642d9c4a485ab9795ce02332c3e3" CustomData="prof_card" Type="UNLOCKABLEREWARD_TYPE_STRACARD" Name="LOC_STRATEGYCARD_NAPOLEON_REVOLUTIONARY_EXPLORATION_1_NAME" Description="LOC_STRATEGYCARD_NAPOLEON_REVOLUTIONARY_EXPLORATION_1_DESCRIPTION" SortIndex="100000"/>
		<Row GameItemID="STRATEGYCARD_NAPOLEON_REVOLUTIONARY_EXPLORATION_2" DNAItemID="e77518b37df5420e8cd161c7e99c51f0" CustomData="prof_card" Type="UNLOCKABLEREWARD_TYPE_STRACARD" Name="LOC_STRATEGYCARD_NAPOLEON_REVOLUTIONARY_EXPLORATION_2_NAME" Description="LOC_STRATEGYCARD_NAPOLEON_REVOLUTIONARY_EXPLORATION_2_DESCRIPTION" SortIndex="100000"/>
		<Row GameItemID="STRATEGYCARD_NAPOLEON_REVOLUTIONARY_MODERN_1" DNAItemID="4c9ea504bcd2455899eac1f9f1445fdb" CustomData="prof_card" Type="UNLOCKABLEREWARD_TYPE_STRACARD" Name="LOC_STRATEGYCARD_NAPOLEON_REVOLUTIONARY_MODERN_1_NAME" Description="LOC_STRATEGYCARD_NAPOLEON_REVOLUTIONARY_MODERN_1_DESCRIPTION" SortIndex="100000"/>
		<Row GameItemID="STRATEGYCARD_NAPOLEON_REVOLUTIONARY_MODERN_2" DNAItemID="340224431a464ea4afe707c87f0396bb" CustomData="prof_card" Type="UNLOCKABLEREWARD_TYPE_STRACARD" Name="LOC_STRATEGYCARD_NAPOLEON_REVOLUTIONARY_MODERN_2_NAME" Description="LOC_STRATEGYCARD_NAPOLEON_REVOLUTIONARY_MODERN_2_DESCRIPTION" SortIndex="100000"/>
		<Row GameItemID="STRATEGYCARD_AS_NAPOLEON_REVOLUTIONARY_EXPLORATION_1" DNAItemID="2e2c767548d645e9afc6972e383fb2f1" CustomData="prof_card" Type="UNLOCKABLEREWARD_TYPE_STRACARD" Name="LOC_STRATEGYCARD_NAPOLEON_REVOLUTIONARY_EXPLORATION_1_NAME" Description="LOC_STRATEGYCARD_NAPOLEON_REVOLUTIONARY_EXPLORATION_1_DESCRIPTION" SortIndex="100000"/>
		<Row GameItemID="STRATEGYCARD_AS_NAPOLEON_REVOLUTIONARY_EXPLORATION_2" DNAItemID="fad6ca412d614003b3b86f66895dbf3b" CustomData="prof_card" Type="UNLOCKABLEREWARD_TYPE_STRACARD" Name="LOC_STRATEGYCARD_NAPOLEON_REVOLUTIONARY_EXPLORATION_2_NAME" Description="LOC_STRATEGYCARD_NAPOLEON_REVOLUTIONARY_EXPLORATION_2_DESCRIPTION" SortIndex="100000"/>
		<Row GameItemID="STRATEGYCARD_AS_NAPOLEON_REVOLUTIONARY_MODERN_1" DNAItemID="f70172fac0ed4f26b784c6425c44529b" CustomData="prof_card" Type="UNLOCKABLEREWARD_TYPE_STRACARD" Name="LOC_STRATEGYCARD_NAPOLEON_REVOLUTIONARY_MODERN_1_NAME" Description="LOC_STRATEGYCARD_NAPOLEON_REVOLUTIONARY_MODERN_1_DESCRIPTION" SortIndex="100000"/>
		<Row GameItemID="STRATEGYCARD_AS_NAPOLEON_REVOLUTIONARY_MODERN_2" DNAItemID="1e6deac48785463087e8729ec88263f2" CustomData="prof_card" Type="UNLOCKABLEREWARD_TYPE_STRACARD" Name="LOC_STRATEGYCARD_NAPOLEON_REVOLUTIONARY_MODERN_2_NAME" Description="LOC_STRATEGYCARD_NAPOLEON_REVOLUTIONARY_MODERN_2_DESCRIPTION" SortIndex="100000"/>
		<Row GameItemID="NODE_ATTRIBUTE_CULTURAL_LEGEND_NAPOLEON_ALT_L1" DNAItemID="03ca13610e134ddf81ec1e37e48abe73" CustomData="prof_attributes" Type="UNLOCKABLEREWARD_TYPE_ATTRINODE" Name="LOC_ATTRIBUTENODE_NAPOLEON_REVOLUTIONARY_L1_NAME" Description="LOC_ATTRIBUTENODE_NAPOLEON_REVOLUTIONARY_L1_DESCRIPTION" SortIndex="100000"/>
		<Row GameItemID="NODE_ATTRIBUTE_MILITARISTIC_LEGEND_NAPOLEON_ALT_L2" DNAItemID="0afdc479e42944218b8058382823f722" CustomData="prof_attributes" Type="UNLOCKABLEREWARD_TYPE_ATTRINODE" Name="LOC_ATTRIBUTENODE_NAPOLEON_REVOLUTIONARY_L2_NAME" Description="LOC_ATTRIBUTENODE_NAPOLEON_REVOLUTIONARY_L2_DESCRIPTION" SortIndex="100000"/>
	</Rewards>
</Database>